two_theta_deg,intensity
20.0,19.16411394351017
20.02,17.762830267828107
20.04,20.86669659158789
20.06,7.980395290355821
20.08,23.935345749663686
20.099999999999998,20.05834289066284
20.119999999999997,30.445371196355055
20.139999999999997,30.54746655120725
20.159999999999997,11.024939246887895
20.179999999999996,23.3826731366154
20.199999999999996,34.05069990075165
20.219999999999995,5.965599081278404
20.239999999999995,16.52230415403489
20.259999999999994,16.78233048463043
20.279999999999994,14.858373866778535
20.299999999999994,25.377655879029557
20.319999999999993,18.928065960732113
20.339999999999993,28.57280256929716
20.359999999999992,15.67093356492305
20.379999999999992,12.03560892848615
20.39999999999999,17.753565406453472
20.41999999999999,23.37720204413008
20.43999999999999,21.9562793145236
20.45999999999999,14.34274686250252
20.47999999999999,5.318562720160811
20.49999999999999,8.479418466085713
20.51999999999999,10.273409203718813
20.53999999999999,17.154246685771476
20.559999999999988,17.000253867974088
20.579999999999988,21.64453753849904
20.599999999999987,15.721233802405234
20.619999999999987,21.57173628458319
20.639999999999986,23.073879133538707
20.659999999999986,26.561455932495846
20.679999999999986,35.14385419543723
20.699999999999985,16.323580871154874
20.719999999999985,20.88521091422467
20.739999999999984,23.6548145350567
20.759999999999984,31.984155357037093
20.779999999999983,26.166267113473026
20.799999999999983,20.457220531409057
20.819999999999983,11.97992295109108
20.839999999999982,27.09922777343572
20.85999999999998,11.632030097971482
20.87999999999998,16.99729783546598
20.89999999999998,14.42867706039612
20.91999999999998,10.090788051774341
20.93999999999998,0.0
20.95999999999998,25.797759992196745
20.97999999999998,11.113675747558506
20.99999999999998,29.751742535830456
21.01999999999998,23.651406129909784
21.039999999999978,21.02328295516148
21.059999999999977,34.503854090641006
21.079999999999977,22.240283352673575
21.099999999999977,26.690669432337973
21.119999999999976,17.240304867356684
21.139999999999976,20.86309857186524
21.159999999999975,32.939473947044355
21.179999999999975,18.081944238519526
21.199999999999974,27.528493188124806
21.219999999999974,13.160310558746588
21.239999999999974,28.783195855757086
21.259999999999973,16.685304237451916
21.279999999999973,30.051636084918215
21.299999999999972,14.704321088479139
21.319999999999972,18.39792237813975
21.33999999999997,25.986780159627447
21.35999999999997,24.113800721616542
21.37999999999997,20.633470741470784
21.39999999999997,12.63936381230453
21.41999999999997,15.145467074663943
21.43999999999997,24.33746814492023
21.45999999999997,29.72589102772665
21.47999999999997,33.865856638688456
21.499999999999968,14.27864644551136
21.519999999999968,20.23630722319804
21.539999999999967,29.350860508315996
21.559999999999967,34.540218430015514
21.579999999999966,23.349880160164503
21.599999999999966,15.297279425995107
21.619999999999965,15.849058615837208
21.639999999999965,14.554326890143024
21.659999999999965,46.01815887197742
21.679999999999964,17.432937552687775
21.699999999999964,19.320219966856254
21.719999999999963,18.875473419768646
21.739999999999963,20.158469067457652
21.759999999999962,16.766711689712018
21.779999999999962,30.493516929517035
21.79999999999996,19.21000866369705
21.81999999999996,7.536626550968718
21.83999999999996,11.333886817282345
21.85999999999996,31.783836473564943
21.87999999999996,18.920190089056852
21.89999999999996,33.39389615979466
21.91999999999996,15.751497240833595
21.93999999999996,23.39385436427925
21.959999999999958,32.395778325245956
21.979999999999958,15.7945201964658
21.999999999999957,20.022806350428677
22.019999999999957,9.912480672268037
22.039999999999957,13.815418526956574
22.059999999999956,11.080198785203814
22.079999999999956,27.244183793931395
22.099999999999955,19.059893133971197
22.119999999999955,21.0380845794299
22.139999999999954,33.782092084366894
22.159999999999954,16.977653589366728
22.179999999999954,19.05770913237946
22.199999999999953,15.924415915144955
22.219999999999953,27.717933426445356
22.239999999999952,13.779650535385796
22.259999999999952,21.10435664621302
22.27999999999995,15.012625203315855
22.29999999999995,32.14983557344081
22.31999999999995,20.191658913231294
22.33999999999995,20.233866063792945
22.35999999999995,22.100674632735686
22.37999999999995,35.42244554648623
22.39999999999995,14.613063534006002
22.41999999999995,11.003170731583877
22.439999999999948,16.697280525399172
22.459999999999948,12.442861070800513
22.479999999999947,26.9146130578051
22.499999999999947,37.74267282194434
22.519999999999946,13.257382265568207
22.539999999999946,15.955396236896274
22.559999999999945,17.619810679534595
22.579999999999945,17.435989773220797
22.599999999999945,22.59281842587415
22.619999999999944,15.613225538672031
22.639999999999944,17.675675398245026
22.659999999999943,21.901749653461007
22.679999999999943,19.608495139664445
22.699999999999942,11.790600024091166
22.719999999999942,27.92138535157578
22.73999999999994,34.046283972383705
22.75999999999994,40.76946788534456
22.77999999999994,22.74717807314202
22.79999999999994,17.35481279965113
22.81999999999994,23.586579183398666
22.83999999999994,1.1054374733614694
22.85999999999994,14.018227665641465
22.87999999999994,17.02788627646712
22.899999999999938,16.375598218700112
22.919999999999938,19.028378323672396
22.939999999999937,24.91593487548305
22.959999999999937,25.391143599856896
22.979999999999936,37.45217045725511
22.999999999999936,27.92503876719399
23.019999999999936,22.21966096726205
23.039999999999935,2.5055140630662613
23.059999999999935,13.433369248997252
23.079999999999934,38.11690102784465
23.099999999999934,22.11926847085962
23.119999999999933,23.988177483367412
23.139999999999933,21.50331474571825
23.159999999999933,13.11775290632065
23.179999999999932,19.074358672089925
23.199999999999932,14.551256870868656
23.21999999999993,32.2977193443909
23.23999999999993,26.542808640512888
23.25999999999993,18.595986485062024
23.27999999999993,21.543938822383353
23.29999999999993,0.529160498690711
23.31999999999993,25.046423874977144
23.33999999999993,25.217387731753966
23.35999999999993,17.51052485901295
23.379999999999928,25.627075201381302
23.399999999999928,6.240753752780151
23.419999999999927,27.852216582865502
23.439999999999927,18.285344204261328
23.459999999999926,23.58801490409491
23.479999999999926,28.44539397886462
23.499999999999925,25.462332644548102
23.519999999999925,29.742833661030897
23.539999999999925,27.854878170490736
23.559999999999924,24.616582970892495
23.579999999999924,18.850241537304562
23.599999999999923,33.01170026302826
23.619999999999923,14.928912412810583
23.639999999999922,20.071478003324987
23.659999999999922,15.031569934732069
23.67999999999992,5.808051731027824
23.69999999999992,14.759312718003049
23.71999999999992,25.35001869778097
23.73999999999992,17.773250312118687
23.75999999999992,10.704431571371284
23.77999999999992,28.955115364037127
23.79999999999992,14.372931754141959
23.81999999999992,19.820746141742976
23.839999999999918,19.636239246416185
23.859999999999918,18.169733885435022
23.879999999999917,21.005517902557422
23.899999999999917,13.413848197993866
23.919999999999916,28.54642740150704
23.939999999999916,25.654154519504083
23.959999999999916,31.654121611038605
23.979999999999915,4.492990987416835
23.999999999999915,30.065442377768896
24.019999999999914,23.935100294357998
24.039999999999914,8.549088189491979
24.059999999999913,22.668253485335754
24.079999999999913,21.36769163463526
24.099999999999913,18.53175689788595
24.119999999999912,24.33988074006753
24.13999999999991,16.959887602875096
24.15999999999991,32.724388263746306
24.17999999999991,19.35990031635439
24.19999999999991,14.2968340732134
24.21999999999991,33.279689215688705
24.23999999999991,17.645553475809837
24.25999999999991,19.18391215145119
24.27999999999991,8.793132742688242
24.29999999999991,5.6063522369231915
24.319999999999908,24.559879825862616
24.339999999999907,23.965869994868935
24.359999999999907,11.519766607464723
24.379999999999907,30.358264513862512
24.399999999999906,13.138468287020526
24.419999999999906,14.42863740297809
24.439999999999905,25.462594999896574
24.459999999999905,10.244646208879482
24.479999999999905,5.12277213466035
24.499999999999904,30.575729482558906
24.519999999999904,10.07621360709829
24.539999999999903,21.64804125275969
24.559999999999903,26.715447336896634
24.579999999999902,22.39978583129519
24.599999999999902,4.051265428151732
24.6199999999999,19.1724510034951
24.6399999999999,27.685901200858297
24.6599999999999,18.53198269543484
24.6799999999999,9.750298433565574
24.6999999999999,20.377607322458672
24.7199999999999,13.64277165994083
24.7399999999999,9.455374770669572
24.7599999999999,21.14526147921652
24.779999999999898,29.015097443341222
24.799999999999898,30.174547246534246
24.819999999999897,27.796378674085226
24.839999999999897,10.620983202341767
24.859999999999896,21.10335995774289
24.879999999999896,17.482638874305444
24.899999999999896,21.93954382931416
24.919999999999895,29.442399293859978
24.939999999999895,27.245671166221516
24.959999999999894,7.453521436175054
24.979999999999894,37.49718133432397
24.999999999999893,4.076601370723484
25.019999999999893,21.395076529720853
25.039999999999893,24.635226437885493
25.059999999999892,5.914756672386451
25.07999999999989,15.000523683815176
25.09999999999989,33.56927311107361
25.11999999999989,24.926333308859256
25.13999999999989,27.88521929715517
25.15999999999989,12.473778459470068
25.17999999999989,39.82549370288814
25.19999999999989,18.291339748650852
25.21999999999989,9.147479409897384
25.23999999999989,25.39196580330338
25.259999999999888,20.396660097356392
25.279999999999887,14.773623285589915
25.299999999999887,24.13116755128806
25.319999999999887,6.77949093232613
25.339999999999886,13.13789665066755
25.359999999999886,18.38767072966422
25.379999999999885,29.454417770324007
25.399999999999885,19.849611911348454
25.419999999999884,6.940521810481007
25.439999999999884,18.76620155886942
25.459999999999884,27.540724773880484
25.479999999999883,15.312066271268414
25.499999999999883,10.208356988415026
25.519999999999882,21.198308011100153
25.539999999999882,24.269540736311868
25.55999999999988,28.521082341174974
25.57999999999988,22.67494016376741
25.59999999999988,13.466326955749707
25.61999999999988,22.331906008866586
25.63999999999988,24.871497442782577
25.65999999999988,18.541744235835278
25.67999999999988,16.88101592235593
25.69999999999988,15.888472835215062
25.719999999999878,1.8771674817189172
25.739999999999878,20.468509348112804
25.759999999999877,8.65806825450456
25.779999999999877,7.9069426418403115
25.799999999999876,12.460342363852423
25.819999999999876,17.98336831153154
25.839999999999876,24.194749562620892
25.859999999999875,20.06950430478017
25.879999999999875,15.483874950174265
25.899999999999874,19.43962511592197
25.919999999999874,15.746609214764675
25.939999999999873,10.221250373755515
25.959999999999873,18.06419205348891
25.979999999999873,26.114898220106625
25.999999999999872,18.369118774095323
26.01999999999987,12.738071575262033
26.03999999999987,18.532787012156657
26.05999999999987,32.38212739159938
26.07999999999987,9.88627919724548
26.09999999999987,10.632531701836106
26.11999999999987,31.932848963731274
26.13999999999987,12.315165122417888
26.15999999999987,25.156431467818475
26.17999999999987,19.49476069490829
26.199999999999868,19.755792838334905
26.219999999999867,22.21001027711987
26.239999999999867,19.454606205412322
26.259999999999867,6.660350769482722
26.279999999999866,7.097670610552846
26.299999999999866,37.50841647351126
26.319999999999865,16.36088830021517
26.339999999999865,30.8088241254718
26.359999999999864,16.64146636974216
26.379999999999864,2.969255726758039
26.399999999999864,15.519448535394288
26.419999999999863,31.5465005222911
26.439999999999863,22.847570402249247
26.459999999999862,20.882913226198674
26.479999999999862,9.11978305384909
26.49999999999986,26.87502771825144
26.51999999999986,23.62414439853502
26.53999999999986,16.582034548152457
26.55999999999986,17.42935422910192
26.57999999999986,22.033523828443776
26.59999999999986,21.88019868381947
26.61999999999986,13.519702625542148
26.63999999999986,10.35766030648616
26.659999999999858,23.44857955940921
26.679999999999858,23.86867216463279
26.699999999999857,35.14884495739357
26.719999999999857,28.33495996850266
26.739999999999856,29.36744622332114
26.759999999999856,30.61939298407529
26.779999999999855,5.4952986592532405
26.799999999999855,25.746267734460783
26.819999999999855,24.458624714890256
26.839999999999854,41.51705099246159
26.859999999999854,3.7447584557596763
26.879999999999853,21.16924209900762
26.899999999999853,16.914004142467753
26.919999999999852,25.62125016226139
26.939999999999852,15.084105620513093
26.95999999999985,12.028556140344843
26.97999999999985,13.189422430145392
26.99999999999985,30.344578150213728
27.01999999999985,24.9916792340103
27.03999999999985,22.00470679808835
27.05999999999985,7.787827189355209
27.07999999999985,26.9667163710116
27.09999999999985,27.694115972690568
27.11999999999985,17.495742185112793
27.139999999999848,13.437480470884495
27.159999999999847,20.793003886387325
27.179999999999847,17.095975823034802
27.199999999999847,22.57102259891959
27.219999999999846,16.297730286819906
27.239999999999846,16.967624130317752
27.259999999999845,19.63732283187248
27.279999999999845,17.839332856572966
27.299999999999844,20.576099968060724
27.319999999999844,3.034492614836992
27.339999999999844,10.50878324944391
27.359999999999843,22.252766692780824
27.379999999999843,22.395325667450432
27.399999999999842,16.58584651246472
27.419999999999842,18.574383794744676
27.43999999999984,17.32453600969001
27.45999999999984,28.249385941603016
27.47999999999984,23.81426547950228
27.49999999999984,37.08654967817996
27.51999999999984,31.2400680093397
27.53999999999984,21.988724231078052
27.55999999999984,33.32035552272619
27.57999999999984,17.534443890907113
27.599999999999838,14.352267865066331
27.619999999999838,15.677887333964929
27.639999999999837,17.77185983716546
27.659999999999837,21.49740059350191
27.679999999999836,17.02130768677015
27.699999999999836,21.388771514459723
27.719999999999835,18.9834837320094
27.739999999999835,3.641452947482925
27.759999999999835,28.07522331872656
27.779999999999834,12.356694804024809
27.799999999999834,23.468255575798494
27.819999999999833,21.71148950215503
27.839999999999833,22.2254530976618
27.859999999999832,6.9002305182221395
27.879999999999832,21.901458016563982
27.89999999999983,23.00198971903324
27.91999999999983,28.78828407244403
27.93999999999983,21.513861610516756
27.95999999999983,19.454647126625847
27.97999999999983,14.51635391892637
27.99999999999983,17.796081521216166
28.01999999999983,22.54219039367632
28.03999999999983,2.889896817356515
28.059999999999828,28.20506478782969
28.079999999999828,27.771756670067468
28.099999999999827,16.006838413732098
28.119999999999827,21.65510701895553
28.139999999999826,21.91215907234842
28.159999999999826,30.21989892441688
28.179999999999826,5.174979741277005
28.199999999999825,31.031251640181097
28.219999999999825,4.157166179049037
28.239999999999824,21.14317137173602
28.259999999999824,19.377023821154488
28.279999999999824,2.3632410881945276
28.299999999999823,12.512219337991208
28.319999999999823,21.72495590420103
28.339999999999822,17.162474537547553
28.359999999999822,18.73100466423018
28.37999999999982,5.956882970991712
28.39999999999982,8.445593680986041
28.41999999999982,15.550812734273718
28.43999999999982,33.897090988215275
28.45999999999982,12.82160686068071
28.47999999999982,9.829800521748385
28.49999999999982,28.48388000066398
28.51999999999982,22.093027569372865
28.539999999999818,22.84095823184889
28.559999999999818,20.702908185008226
28.579999999999817,18.25203300490937
28.599999999999817,24.228698866485217
28.619999999999816,14.015582419907506
28.639999999999816,16.98516756930277
28.659999999999815,9.853463607345507
28.679999999999815,20.286972106398167
28.699999999999815,23.30123028850654
28.719999999999814,19.935743091514777
28.739999999999814,29.981877369891873
28.759999999999813,30.774535078324387
28.779999999999813,8.731692942573632
28.799999999999812,17.069020870108297
28.819999999999812,17.402081321641653
28.83999999999981,28.3419708337505
28.85999999999981,27.947752988422092
28.87999999999981,28.932894988112857
28.89999999999981,30.12725776864125
28.91999999999981,14.833549996719997
28.93999999999981,17.8229656410062
28.95999999999981,33.01956908311059
28.97999999999981,6.794768529493984
28.999999999999808,0.0
29.019999999999808,11.323638771014318
29.039999999999807,14.61140858742425
29.059999999999807,23.36171495780614
29.079999999999806,26.737494792518827
29.099999999999806,6.71320726690708
29.119999999999806,12.396829218475677
29.139999999999805,26.84800384035678
29.159999999999805,8.498001249528608
29.179999999999804,30.81168719996299
29.199999999999804,19.60605478080644
29.219999999999803,3.8722507362986
29.239999999999803,14.992268412067624
29.259999999999803,19.693344741527767
29.279999999999802,27.928013671368824
29.2999999999998,20.541895740466313
29.3199999999998,23.323852334920517
29.3399999999998,11.087063930982556
29.3599999999998,21.419844829586797
29.3799999999998,31.37500644880599
29.3999999999998,18.377275299021914
29.4199999999998,22.244327324256318
29.4399999999998,25.433333013117657
29.4599999999998,12.599737765829964
29.479999999999798,17.66560941935588
29.499999999999797,25.56513756494938
29.519999999999797,21.236748006028133
29.539999999999797,8.965575498066379
29.559999999999796,15.83049197112721
29.579999999999796,21.99928234394617
29.599999999999795,34.788289001551945
29.619999999999795,24.951563344884335
29.639999999999795,7.3136211898440635
29.659999999999794,10.641798827251483
29.679999999999794,19.43213936051869
29.699999999999793,33.00715071429418
29.719999999999793,11.871735240307748
29.739999999999792,23.71326289959708
29.759999999999792,25.365646046777684
29.77999999999979,28.28851213901254
29.79999999999979,28.654208709430385
29.81999999999979,22.061215904352213
29.83999999999979,25.06386120138273
29.85999999999979,42.642586639563724
29.87999999999979,25.15108884837024
29.89999999999979,21.62356977189756
29.91999999999979,20.759120396581416
29.939999999999788,40.158116855645574
29.959999999999788,9.934281770669129
29.979999999999787,16.085672448465107
29.999999999999787,6.659000346751064
30.019999999999786,15.470533835501508
30.039999999999786,20.864962424667535
30.059999999999786,19.436031351298404
30.079999999999785,16.543257640545214
30.099999999999785,20.60254320494013
30.119999999999784,12.346010451611493
30.139999999999784,23.137323424477408
30.159999999999783,14.48014384616444
30.179999999999783,22.12348556981207
30.199999999999783,4.680729641252789
30.219999999999782,10.418651221604202
30.23999999999978,13.359977718177571
30.25999999999978,7.808055304200005
30.27999999999978,24.417146160970965
30.29999999999978,30.089826564006927
30.31999999999978,39.763133687754326
30.33999999999978,19.17795072300977
30.35999999999978,19.008534007761327
30.37999999999978,18.718730155924458
30.39999999999978,18.912079570854072
30.419999999999778,10.409157964446475
30.439999999999777,20.562589617583832
30.459999999999777,26.816836375125856
30.479999999999777,20.837359521593807
30.499999999999776,8.125441676945066
30.519999999999776,28.316839028462432
30.539999999999775,3.8393538623175836
30.559999999999775,14.79212536742898
30.579999999999774,10.289624353642203
30.599999999999774,18.95704404722808
30.619999999999774,23.874684872714475
30.639999999999773,20.63458893692418
30.659999999999773,13.71631572574715
30.679999999999772,10.175585325669022
30.699999999999772,32.644403049374866
30.71999999999977,18.729910889112112
30.73999999999977,14.884528107024082
30.75999999999977,9.896361992996477
30.77999999999977,29.767410954214405
30.79999999999977,20.175478127394985
30.81999999999977,17.879281503146284
30.83999999999977,12.103665691111136
30.85999999999977,25.976432919173448
30.879999999999768,28.964977344175672
30.899999999999768,15.518527369193787
30.919999999999767,15.227113401630616
30.939999999999767,25.56747983288207
30.959999999999766,6.80688229747147
30.979999999999766,32.440151288746094
30.999999999999766,5.448417759969434
31.019999999999765,12.512804796531995
31.039999999999765,34.18477772806378
31.059999999999764,11.413472723841915
31.079999999999764,27.364858276483123
31.099999999999763,24.13281479725735
31.119999999999763,21.750430699277345
31.139999999999763,2.7537682370851613
31.159999999999762,21.48071990050131
31.17999999999976,36.61357990632237
31.19999999999976,30.604180560562558
31.21999999999976,14.741626535229923
31.23999999999976,6.985325985369366
31.25999999999976,21.68739737174964
31.27999999999976,15.164131568160531
31.29999999999976,28.546686249989886
31.31999999999976,27.95702006576655
31.33999999999976,20.291447595797912
31.359999999999758,2.1617277048706924
31.379999999999757,6.772223154860537
31.399999999999757,17.663759411740017
31.419999999999757,17.32172834057592
31.439999999999756,30.14046802450959
31.459999999999756,29.835673512375728
31.479999999999755,14.229208384586164
31.499999999999755,28.818555702131576
31.519999999999754,26.798365422773678
31.539999999999754,10.034161698545143
31.559999999999754,10.480298353266026
31.579999999999753,20.74797146523785
31.599999999999753,10.740862238495334
31.619999999999752,31.424127605751004
31.639999999999752,12.374382288936902
31.65999999999975,18.041249548985988
31.67999999999975,23.370022890740962
31.69999999999975,25.760368769290544
31.71999999999975,19.08487009757856
31.73999999999975,13.039797539625466
31.75999999999975,20.5390275702268
31.77999999999975,25.668928443518155
31.79999999999975,23.965289955740218
31.819999999999748,15.102021647532478
31.839999999999748,18.69496558450088
31.859999999999747,15.291737381242164
31.879999999999747,34.66714987165074
31.899999999999746,19.617284277706606
31.919999999999746,36.17741542403705
31.939999999999745,13.719758509250738
31.959999999999745,24.695476328788978
31.979999999999745,15.684179698890384
31.999999999999744,19.828116328696417
32.01999999999974,2.512007590266755
32.03999999999974,14.26184113072873
32.05999999999975,12.264595968475735
32.07999999999974,15.932842908960513
32.09999999999974,20.12421365180648
32.11999999999974,8.579965678968856
32.139999999999745,9.80544363855562
32.15999999999974,23.775025165225202
32.17999999999974,19.16899145201172
32.19999999999974,19.316693638157513
32.21999999999974,24.148672680013924
32.23999999999974,17.655420544860146
32.259999999999735,27.761277137677368
32.27999999999974,18.847910207891395
32.29999999999974,4.155014789511464
32.31999999999974,18.812555976156553
32.33999999999973,20.016793291322003
32.35999999999974,36.44730009324039
32.37999999999974,15.341885285251598
32.399999999999736,22.935811105979372
32.41999999999973,28.806862020682964
32.439999999999735,18.72944045650662
32.45999999999974,30.156788639993827
32.479999999999734,22.437483296512433
32.49999999999973,16.96660272964487
32.51999999999973,13.864548884846077
32.539999999999736,17.78022302152437
32.55999999999973,19.963978073670727
32.57999999999973,18.716410999210787
32.59999999999973,21.76300104264009
32.619999999999735,6.5510700042430585
32.63999999999973,27.133044078565106
32.65999999999973,15.74032852448389
32.67999999999973,19.24508373806855
32.69999999999973,35.569927155338746
32.71999999999973,30.38287471129968
32.739999999999725,18.613511890771424
32.75999999999973,14.600543331461656
32.77999999999973,9.023357287510924
32.79999999999973,19.28292842054809
32.81999999999972,5.235952923089901
32.839999999999726,17.383140506708987
32.85999999999973,17.911943774716864
32.879999999999725,15.000828522052302
32.89999999999972,21.365110158379483
32.919999999999725,15.747753530423957
32.93999999999973,4.810152738822142
32.959999999999724,19.19760438622226
32.97999999999972,28.072969638493355
32.99999999999972,23.250976754336442
33.019999999999726,9.969838295133343
33.03999999999972,30.73233200773625
33.05999999999972,23.240419102740486
33.07999999999972,12.818563474584995
33.099999999999724,5.089228489120693
33.11999999999972,15.7474661718719
33.139999999999716,13.804479330840628
33.15999999999972,22.407719841900864
33.17999999999972,23.173837863871192
33.19999999999972,22.32278730265319
33.219999999999715,27.330844299595945
33.23999999999972,22.25238643908573
33.25999999999972,18.818307427674252
33.27999999999972,16.55516594640715
33.29999999999971,13.63339546388261
33.319999999999716,28.64536341334154
33.33999999999972,11.187669564031006
33.359999999999715,6.024194541181306
33.37999999999971,29.657142690299995
33.399999999999714,25.732062697275648
33.41999999999972,19.66042114698354
33.43999999999971,29.887826377216065
33.45999999999971,21.14138602430259
33.47999999999971,13.77359116270502
33.499999999999716,8.662439480955156
33.51999999999971,25.691107234312337
33.53999999999971,7.958217740574652
33.55999999999971,14.861380768109655
33.579999999999714,22.19656040572192
33.59999999999971,16.546656214706324
33.619999999999706,16.145336613494344
33.63999999999971,29.742845723524365
33.65999999999971,14.36407475416242
33.67999999999971,27.370822609940866
33.699999999999704,17.79316921655485
33.71999999999971,29.41145393249171
33.73999999999971,6.912202280834208
33.75999999999971,19.241709409936355
33.7799999999997,27.43945426938288
33.799999999999706,26.072916594521892
33.81999999999971,27.116064836628755
33.839999999999705,33.69658493887479
33.8599999999997,31.900433835819076
33.879999999999704,11.232208714909271
33.89999999999971,26.191247056841153
33.9199999999997,23.03446666259876
33.9399999999997,24.884730687701047
33.9599999999997,19.64523302601902
33.979999999999706,7.077923607832435
33.9999999999997,35.17734016833477
34.0199999999997,22.374970221627972
34.0399999999997,18.764050266775126
34.059999999999704,20.54855468493285
34.0799999999997,18.013991707435988
34.099999999999696,27.580381253894302
34.1199999999997,17.381933683829704
34.1399999999997,33.02606158634826
34.1599999999997,35.958353052634685
34.179999999999694,27.1631740390315
34.1999999999997,33.157798590018196
34.2199999999997,16.273684056845266
34.2399999999997,8.391504701189568
34.25999999999969,13.77320943515967
34.279999999999696,31.07779798067721
34.2999999999997,27.411332140266147
34.319999999999695,21.5044561740015
34.33999999999969,11.525374903215505
34.359999999999694,22.746144106537898
34.3799999999997,18.715145185563856
34.39999999999969,31.56384924981058
34.41999999999969,21.67608046318907
34.43999999999969,28.826199508136956
34.459999999999695,18.698310136123073
34.47999999999969,18.680990465965554
34.49999999999969,27.218416091298128
34.51999999999969,27.862817551867355
34.539999999999694,3.6749938418020704
34.55999999999969,13.023960293981009
34.579999999999686,7.273452808331241
34.59999999999969,28.982936676432075
34.61999999999969,31.320462409343197
34.63999999999969,9.50533466742735
34.659999999999684,12.486788225352262
34.67999999999969,16.095048975798157
34.69999999999969,16.97692204343229
34.719999999999686,15.724092184579412
34.73999999999968,24.441717212925912
34.759999999999685,24.941995504120314
34.77999999999969,36.67932942277908
34.799999999999685,19.638696424475523
34.81999999999968,12.089493502875463
34.839999999999684,9.554586719234992
34.85999999999969,18.848272434444574
34.87999999999968,24.84740093293567
34.89999999999968,11.049503358101495
34.91999999999968,10.596222379168276
34.939999999999685,23.309568899875416
34.95999999999968,29.268065289079306
34.97999999999968,27.158370662292995
34.99999999999968,26.23024417369983
35.01999999999968,21.219983257139297
35.03999999999968,29.322086247059474
35.059999999999675,14.184930759652019
35.07999999999968,24.755045727534267
35.09999999999968,18.741035555661036
35.11999999999968,4.313064267229166
35.139999999999674,18.395481345228223
35.15999999999968,23.27772486726865
35.17999999999968,6.748351604275058
35.199999999999676,13.024784113208842
35.21999999999967,16.379662168213894
35.239999999999675,30.446373144491623
35.25999999999968,26.218879358866293
35.279999999999674,32.366170451425866
35.29999999999967,12.461734429777756
35.31999999999967,12.504154731686857
35.33999999999968,21.190050461298345
35.35999999999967,19.44222706559933
35.37999999999967,27.69139132030771
35.39999999999967,6.340287710680403
35.419999999999675,23.17242333389644
35.43999999999967,25.922557270742324
35.45999999999967,16.529891921887298
35.47999999999967,19.804582074093005
35.49999999999967,20.580772704573636
35.51999999999967,5.917313880791822
35.539999999999665,19.02119062575259
35.55999999999967,25.749105337989576
35.57999999999967,19.71178824407589
35.59999999999967,19.151720400434822
35.61999999999966,10.14028451782528
35.63999999999967,18.243979070982036
35.65999999999967,16.00805748753591
35.679999999999666,23.600741179269665
35.69999999999966,15.53772792478939
35.719999999999665,24.137880549568237
35.73999999999967,21.52403517368101
35.759999999999664,16.15815429264719
35.77999999999966,17.10028995945853
35.79999999999966,17.483908068714435
35.819999999999666,20.69187734726927
35.83999999999966,17.950496713573344
35.85999999999966,17.123960181627144
35.87999999999966,18.694040562221975
35.899999999999665,18.77812589477158
35.91999999999966,24.641908112469288
35.93999999999966,19.256750893891862
35.95999999999966,17.071231158439083
35.97999999999966,16.020725689897784
35.99999999999966,30.934935792981513
36.019999999999655,6.605612442048434
36.03999999999966,20.128988043651454
36.05999999999966,15.010674806251286
36.07999999999966,18.788621523012985
36.09999999999965,24.529623676361712
36.119999999999656,11.90074224459971
36.13999999999966,23.296613732279262
36.159999999999656,27.258630740759983
36.17999999999965,6.47224562814287
36.199999999999655,30.76246400012107
36.21999999999966,15.787817228647203
36.239999999999654,10.046530406713892
36.25999999999965,23.232367423933546
36.27999999999965,30.57995940326949
36.299999999999656,16.974248632720403
36.31999999999965,18.734770745438443
36.33999999999965,12.952991306315127
36.35999999999965,19.738994096975215
36.379999999999654,18.657840089341438
36.39999999999965,11.475024710081456
36.419999999999646,26.1545592849695
36.43999999999965,2.951246155939863
36.45999999999965,20.788727975844814
36.47999999999965,26.469067222230795
36.499999999999645,23.206961046112422
36.51999999999965,24.977475566039956
36.53999999999965,31.84685082227612
36.55999999999965,15.873237236409818
36.57999999999964,38.248461795350096
36.599999999999646,19.1996796875357
36.61999999999965,20.292532202273403
36.639999999999645,29.13603816612882
36.65999999999964,29.13603780932661
36.679999999999644,13.266869423093823
36.69999999999965,13.525771254292646
36.719999999999644,27.215268429842503
36.73999999999964,34.22360209062725
36.75999999999964,21.650051811228924
36.779999999999646,21.67413070632422
36.79999999999964,17.30565898781739
36.81999999999964,34.70581475196641
36.83999999999964,9.488631589798205
36.859999999999644,11.026636793375824
36.87999999999964,34.428579120968514
36.899999999999636,17.494299372476448
36.91999999999964,19.10067656078917
36.93999999999964,13.523016097340893
36.95999999999964,4.8631892085292066
36.979999999999634,15.26474229634424
36.99999999999964,17.730344690641594
37.01999999999964,21.123885486864772
37.03999999999964,25.62596961321188
37.05999999999963,19.055024237056365
37.079999999999636,14.622843670400197
37.09999999999964,14.849245947723446
37.119999999999635,22.431914188892637
37.13999999999963,14.40505925195815
37.159999999999634,22.71414501496789
37.17999999999964,12.046540785206437
37.19999999999963,13.838422113848981
37.21999999999963,12.686554802960817
37.23999999999963,16.86206794740653
37.259999999999636,26.963713513433053
37.27999999999963,6.665636062986193
37.29999999999963,11.02182781932016
37.31999999999963,40.93955726411028
37.339999999999634,18.49736512614915
37.35999999999963,14.665732824357038
37.379999999999626,9.496260751234948
37.39999999999963,8.842126792306871
37.41999999999963,30.820909178807888
37.43999999999963,25.251867531811815
37.459999999999624,22.651046336326374
37.47999999999963,29.843385705095997
37.49999999999963,16.111703786129112
37.51999999999963,9.153738974764607
37.53999999999962,27.62307843329983
37.559999999999626,16.321671189756945
37.57999999999963,14.330541549596074
37.599999999999625,21.683378260582803
37.61999999999962,28.285871878638922
37.639999999999624,31.610170249067018
37.65999999999963,21.50120200861435
37.67999999999962,22.023889072145778
37.69999999999962,11.747173850424558
37.71999999999962,36.685712395165126
37.739999999999625,22.30055253256286
37.75999999999962,12.882796620906333
37.77999999999962,28.566578570401944
37.79999999999962,18.89725167179946
37.819999999999624,33.93801029103973
37.83999999999962,25.036126582133562
37.859999999999616,21.01097246000861
37.87999999999962,15.766310245595015
37.89999999999962,25.452690138383936
37.91999999999962,18.333526759069702
37.939999999999614,22.459176031441732
37.95999999999962,26.54973292513666
37.97999999999962,8.721643875209294
37.999999999999616,26.474250298744032
38.01999999999961,25.622951704287637
38.039999999999615,24.40869111804302
38.05999999999962,2.8282526182661876
38.079999999999615,36.28990577941869
38.09999999999961,14.410520580828425
38.119999999999614,21.253230719530947
38.13999999999962,21.015312025616748
38.15999999999961,19.026777454572123
38.17999999999961,18.04339932686014
38.19999999999961,27.076352534283732
38.219999999999615,20.969727318858084
38.23999999999961,14.28614124688406
38.25999999999961,19.042403500376924
38.27999999999961,29.323167405697987
38.29999999999961,31.367992267306114
38.31999999999961,21.343964344304073
38.339999999999606,13.969167582044559
38.35999999999961,27.039391398910013
38.37999999999961,15.058093680201003
38.39999999999961,9.485113746019932
38.419999999999604,30.181090439464086
38.43999999999961,30.3443748695978
38.45999999999961,11.473822935446407
38.479999999999606,20.67738869213685
38.4999999999996,26.021806610404994
38.519999999999605,32.2197369424737
38.53999999999961,18.130908241981583
38.559999999999604,23.638705953910197
38.5799999999996,20.796271041214986
38.5999999999996,23.89676738372198
38.61999999999961,30.472117955462615
38.6399999999996,21.78439103552656
38.6599999999996,19.10786249228773
38.6799999999996,17.674005523193163
38.699999999999605,29.18334929038779
38.7199999999996,26.270510065353516
38.7399999999996,23.391561900585703
38.7599999999996,12.103533722627759
38.7799999999996,15.422228820523461
38.7999999999996,33.483430539242256
38.819999999999595,33.052501645078735
38.8399999999996,1.483148851316109
38.8599999999996,39.79048828003663
38.8799999999996,9.570556666743984
38.899999999999594,24.386533486190057
38.9199999999996,3.446298049033995
38.9399999999996,19.839915912478894
38.959999999999596,23.300875442273306
38.97999999999959,27.004101008564906
38.999999999999595,14.090704057714174
39.0199999999996,26.665687630595404
39.039999999999594,22.4727723361878
39.05999999999959,23.403391228568054
39.07999999999959,29.439821833340705
39.099999999999596,29.966405015703536
39.11999999999959,26.231859337889563
39.13999999999959,23.956821723439425
39.15999999999959,23.740484384867862
39.179999999999595,21.835221180511084
39.19999999999959,10.309105417146757
39.21999999999959,23.62130536271331
39.23999999999959,17.494675143533975
39.25999999999959,22.124548350933633
39.27999999999959,22.495393334631697
39.299999999999585,25.759515866165508
39.31999999999959,12.48063374776794
39.33999999999959,22.555735847270945
39.35999999999959,32.63639253339304
39.37999999999958,9.023322477944655
39.39999999999959,20.35822271826408
39.41999999999959,10.315910164676259
39.439999999999586,24.27354383737535
39.45999999999958,21.77106589826741
39.479999999999585,20.58985940372669
39.49999999999959,21.338121457129006
39.519999999999584,22.661837899644222
39.53999999999958,24.627410024943355
39.55999999999958,21.105074567117665
39.579999999999586,21.884733285951796
39.59999999999958,10.57564335811842
39.61999999999958,28.805100583057843
39.63999999999958,30.885340930208585
39.659999999999584,13.175737391510243
39.67999999999958,16.032324296149223
39.69999999999958,23.419398306879145
39.71999999999958,25.713412819969633
39.73999999999958,25.080266177198634
39.75999999999958,28.36941443464865
39.779999999999575,21.654517368042022
39.79999999999958,33.89981250392997
39.81999999999958,13.543462659847627
39.83999999999958,25.02622832083343
39.85999999999957,16.131104263065247
39.879999999999576,32.86492132375507
39.89999999999958,23.00059513626217
39.919999999999575,31.186887011574612
39.93999999999957,24.0805012538446
39.959999999999575,21.759853016907407
39.97999999999958,29.266048283770438
39.999999999999574,22.87627421890044
40.01999999999957,14.250476817679173
40.03999999999957,15.373045288636085
40.059999999999576,12.61742396000423
40.07999999999957,3.3981277280019455
40.09999999999957,21.72831523032248
40.11999999999957,15.2025220236704
40.139999999999574,19.156267561944507
40.15999999999957,6.858307231225515
40.179999999999566,25.40748903825462
40.19999999999957,5.061687130345714
40.21999999999957,14.868742768481905
40.23999999999957,20.802837544568266
40.259999999999565,8.900561768355836
40.27999999999957,27.972212943189156
40.29999999999957,33.23565927586448
40.31999999999957,32.09114058002106
40.33999999999956,16.693922440725196
40.359999999999566,4.93193122906702
40.37999999999957,22.331246873050482
40.399999999999565,20.992889232293056
40.41999999999956,32.65426056014446
40.439999999999564,6.161392306069157
40.45999999999957,17.592559471950548
40.47999999999956,25.89702740973434
40.49999999999956,10.493112306143878
40.51999999999956,13.417210359956858
40.539999999999566,26.198216989003406
40.55999999999956,19.158688243873023
40.57999999999956,26.263551869171174
40.59999999999956,14.985095857706494
40.619999999999564,27.42026230629651
40.63999999999956,17.396889228272073
40.659999999999556,18.924396369888342
40.67999999999956,3.4114953906445216
40.69999999999956,35.52812748734737
40.71999999999956,4.203231591172354
40.739999999999554,18.309236186767468
40.75999999999956,16.383213363975507
40.77999999999956,28.418681158684464
40.79999999999956,21.437822206008022
40.81999999999955,37.4227926208531
40.839999999999556,17.001775494923763
40.85999999999956,22.627735965902282
40.879999999999555,13.167603383842216
40.89999999999955,0.0
40.919999999999554,19.700151030689366
40.93999999999956,15.29225892110189
40.95999999999955,22.79371646935179
40.97999999999955,10.216923353358156
40.99999999999955,16.798183781523566
41.019999999999555,23.388590701639846
41.03999999999955,25.421766509105552
41.05999999999955,26.830670124868206
41.07999999999955,13.236227949374012
41.099999999999554,13.564879561759621
41.11999999999955,16.600443783176374
41.139999999999546,19.550401964217457
41.15999999999955,27.8076251305608
41.17999999999955,15.819705288579478
41.19999999999955,22.586699166929964
41.219999999999544,34.954239571182114
41.23999999999955,24.276190059611995
41.25999999999955,23.334721124912452
41.279999999999546,25.436855977029644
41.29999999999954,19.072765474599535
41.319999999999546,29.445064493831467
41.33999999999955,21.81194077046975
41.359999999999545,27.30397543703856
41.37999999999954,23.322605969664973
41.399999999999544,34.442471554904465
41.41999999999955,15.348391337605506
41.43999999999954,22.486655596120638
41.45999999999954,27.6505585774212
41.47999999999954,22.077035905403186
41.499999999999545,16.43659811255786
41.51999999999954,22.574160062018265
41.53999999999954,28.62339414155745
41.55999999999954,8.598255759084493
41.57999999999954,15.29455070146479
41.59999999999954,12.67328307092465
41.619999999999536,23.94655481819733
41.63999999999954,14.084248922190783
41.65999999999954,31.52529287040162
41.67999999999954,24.747351806328865
41.699999999999534,24.755706135625214
41.71999999999954,9.074532804131017
41.73999999999954,7.321683574337165
41.759999999999536,23.933989780388337
41.77999999999953,16.907074914368497
41.799999999999535,29.074210326227107
41.81999999999954,13.394095503200608
41.839999999999534,26.754214719390383
41.85999999999953,12.574214066762382
41.879999999999534,16.29488842411034
41.89999999999954,25.919723249075926
41.91999999999953,23.636044101482035
41.93999999999953,13.248491826375838
41.95999999999953,22.008753337671116
41.979999999999535,19.337642906163804
41.99999999999953,17.253800843948508
42.01999999999953,7.5722815862855
42.03999999999953,16.34355036654575
42.05999999999953,31.569636098112458
42.07999999999953,19.81252532641586
42.099999999999525,30.09277656368831
42.11999999999953,17.593182372991656
42.13999999999953,14.129847299988626
42.15999999999953,1.2276770233090062
42.179999999999524,26.14001455691059
42.19999999999953,32.00802805199204
42.21999999999953,9.959498229872557
42.239999999999526,17.849239015353444
42.25999999999952,26.146620991945394
42.279999999999525,25.692447965855877
42.29999999999953,19.07476016740912
42.319999999999524,24.851818955106182
42.33999999999952,7.02412312494755
42.35999999999952,27.232327888878345
42.37999999999953,18.85440449498904
42.39999999999952,31.731902531993246
42.41999999999952,19.312812299910032
42.43999999999952,18.87060217218795
42.459999999999525,14.724464390745302
42.47999999999952,25.18437223685884
42.49999999999952,23.153311038755458
42.51999999999952,32.710728774182655
42.53999999999952,13.903912371065445
42.55999999999952,24.95345593354427
42.579999999999515,10.095278894411173
42.59999999999952,8.618632591645483
42.61999999999952,11.95200180495644
42.63999999999952,24.07006573759142
42.65999999999951,11.343331180040964
42.67999999999952,15.547321385954625
42.69999999999952,10.687223893555602
42.719999999999516,19.740122346193196
42.73999999999951,23.02628405109473
42.759999999999515,19.52645241147911
42.77999999999952,27.972186957687427
42.799999999999514,15.769404031110223
42.81999999999951,16.731464353399744
42.83999999999951,27.661462341563844
42.859999999999516,17.27437913982218
42.87999999999951,15.153368648017516
42.89999999999951,16.06421000352541
42.91999999999951,12.953957977697748
42.939999999999515,13.78050215315024
42.95999999999951,33.012361963658904
42.97999999999951,24.494662343478293
42.99999999999951,15.97993427483594
43.01999999999951,14.70342012525133
43.03999999999951,28.17762661852688
43.059999999999505,16.14391230224998
43.07999999999951,12.649639557148827
43.09999999999951,30.601948550707277
43.11999999999951,4.686590193671837
43.1399999999995,26.532609201252708
43.159999999999506,25.879523224954045
43.17999999999951,11.73820614318919
43.199999999999505,26.46264409966831
43.2199999999995,15.666801444667549
43.239999999999505,29.806732084763002
43.25999999999951,20.03891931293114
43.279999999999504,30.855506499845703
43.2999999999995,15.29957975374582
43.3199999999995,9.78301091811067
43.339999999999506,16.65756462207385
43.3599999999995,15.981003316362589
43.3799999999995,20.505865559016698
43.3999999999995,16.87789836869841
43.419999999999504,22.882313791215758
43.4399999999995,13.44922235257714
43.459999999999496,23.80551460513579
43.4799999999995,0.0
43.4999999999995,24.23704650436205
43.5199999999995,18.454174965491028
43.539999999999495,17.72031107672063
43.5599999999995,21.927243367552187
43.5799999999995,25.764134398193768
43.5999999999995,22.922037896686074
43.61999999999949,19.02818523156144
43.639999999999496,15.536127971168714
43.6599999999995,21.459145613902166
43.679999999999495,10.660791548627671
43.69999999999949,15.897223364372158
43.719999999999494,2.796426873080229
43.7399999999995,16.639657518367848
43.75999999999949,23.323543571091736
43.77999999999949,14.596001617754972
43.79999999999949,28.396061321088222
43.819999999999496,24.196905056837544
43.83999999999949,21.95665793759643
43.85999999999949,17.576329072578822
43.87999999999949,0.2816101062452674
43.899999999999494,12.788773314443624
43.91999999999949,8.683630236670776
43.939999999999486,35.93964150464763
43.95999999999949,12.480536241421337
43.97999999999949,22.08567420255749
43.99999999999949,13.052795091064699
44.019999999999484,17.868409530422042
44.03999999999949,15.328161462970552
44.05999999999949,27.066968119813243
44.07999999999949,15.550512971334763
44.09999999999948,26.471039595244413
44.119999999999486,22.1394798147099
44.13999999999949,18.47507104009564
44.159999999999485,10.078259062204872
44.17999999999948,28.578830665852834
44.199999999999484,9.933351068329118
44.21999999999949,20.545689497876246
44.23999999999948,23.232017669823474
44.25999999999948,26.942542879636946
44.27999999999948,25.40522873740748
44.299999999999486,0.37952488494080683
44.31999999999948,19.98319188324405
44.33999999999948,24.09264812765828
44.35999999999948,27.72818419410381
44.379999999999484,31.548285191574102
44.39999999999948,36.295820939515565
44.419999999999476,44.8627012046234
44.43999999999948,62.766280640121536
44.45999999999948,61.16094864301209
44.47999999999948,88.30055908065896
44.499999999999474,115.80884757515801
44.51999999999948,154.84330034768334
44.53999999999948,212.56755367836462
44.55999999999948,262.4561959592403
44.57999999999947,348.56462588333454
44.599999999999476,423.7351424743962
44.61999999999948,499.55701656702655
44.639999999999475,606.4856622053862
44.65999999999947,701.8544799489893
44.679999999999474,784.5036367700279
44.69999999999948,886.3464739282376
44.71999999999947,945.6023450017526
44.73999999999947,990.4521551712338
44.75999999999947,1023.5467745201561
44.779999999999475,1013.9597850817502
44.79999999999947,997.270182355371
44.81999999999947,935.2324065511623
44.83999999999947,852.563397372088
44.859999999999474,765.4874191324221
44.87999999999947,667.7438501746933
44.899999999999466,573.9119864091401
44.91999999999947,490.59928545366125
44.93999999999947,397.22082988055257
44.95999999999947,304.99470212081116
44.979999999999464,228.72603321359196
44.99999999999947,188.97522358661888
45.01999999999947,142.0703307005239
45.039999999999466,96.61031813751498
45.05999999999946,75.38386117891892
45.079999999999465,65.73135179889431
45.09999999999947,36.27656429734068
45.119999999999465,35.96860311317495
45.13999999999946,19.686103008072593
45.159999999999464,12.817781915240545
45.17999999999947,14.215477042012802
45.19999999999946,37.05114697941548
45.21999999999946,27.710826831742455
45.23999999999946,32.71982624639106
45.259999999999465,24.5331121450063
45.27999999999946,14.054691202229181
45.29999999999946,19.509913673742147
45.31999999999946,22.270681905663658
45.33999999999946,16.009115014836656
45.35999999999946,18.69784879529731
45.379999999999455,14.654406324766047
45.39999999999946,16.002100223154507
45.41999999999946,25.29264665081601
45.43999999999946,13.014752560667766
45.459999999999454,25.887136189262666
45.47999999999946,16.862212493727938
45.49999999999946,22.815928328831138
45.519999999999456,11.13721207106653
45.53999999999945,17.98890215779717
45.559999999999455,21.050702963109647
45.57999999999946,12.015444296287814
45.599999999999454,6.200513332822268
45.61999999999945,25.026676572910343
45.63999999999945,17.188339615421604
45.65999999999946,25.12880679879533
45.67999999999945,14.375378925702107
45.69999999999945,18.93135189910391
45.71999999999945,27.208550019258862
45.739999999999455,14.5931581788452
45.75999999999945,27.401663606930356
45.77999999999945,23.65393128453008
45.79999999999945,30.584700662893326
45.81999999999945,19.123434555705508
45.83999999999945,17.218016333045504
45.859999999999445,16.866192608762596
45.87999999999945,8.775346449417855
45.89999999999945,10.839030929561325
45.91999999999945,15.815026898016146
45.93999999999944,23.22311298065909
45.95999999999945,22.919337554256014
45.97999999999945,17.23984045131575
45.999999999999446,25.77109429934999
46.01999999999944,22.501367770214245
46.039999999999445,20.565243767197767
46.05999999999945,8.011949154160822
46.079999999999444,22.157222915604862
46.09999999999944,19.560611182674467
46.11999999999944,7.985113998204813
46.139999999999446,33.699373751489716
46.15999999999944,13.83801652895777
46.17999999999944,26.607247342818788
46.19999999999944,17.69574168781136
46.219999999999445,12.518273443877835
46.23999999999944,13.647318761286833
46.25999999999944,25.314935182050057
46.27999999999944,26.770530716740385
46.29999999999944,33.61401903127205
46.31999999999944,40.61420663822261
46.339999999999435,23.72286177086236
46.35999999999944,11.04997723903376
46.37999999999944,12.329067939942073
46.39999999999944,27.28404273364615
46.41999999999943,24.315884551649926
46.439999999999436,18.941848517282104
46.45999999999944,13.172838140278191
46.479999999999436,4.608439420148848
46.49999999999943,18.193364462967534
46.519999999999435,10.961792759306805
46.53999999999944,15.564156817981353
46.559999999999434,19.501996564049687
46.57999999999943,17.744724212909155
46.59999999999943,31.613515874991663
46.619999999999436,14.71407492300774
46.63999999999943,16.777501905069638
46.65999999999943,5.3864290857799375
46.67999999999943,3.361778953548839
46.699999999999434,7.701110150231667
46.71999999999943,10.254996653192617
46.73999999999943,34.29428397302311
46.75999999999943,19.579920121540976
46.77999999999943,0.0
46.79999999999943,27.091549406410486
46.819999999999425,29.42159610908169
46.83999999999943,27.8890066755842
46.85999999999943,17.912123112987015
46.87999999999943,16.585003314502405
46.89999999999942,27.455578060037084
46.919999999999426,31.413104279162432
46.93999999999943,21.357814678299874
46.959999999999425,20.030292872604434
46.97999999999942,1.4219548435871516
46.999999999999424,17.133696080834248
47.01999999999943,4.668813044072895
47.039999999999424,22.402849259519737
47.05999999999942,12.394028803074931
47.07999999999942,8.579585934886156
47.099999999999426,25.747436618032012
47.11999999999942,20.047239032917663
47.13999999999942,23.14011624851662
47.15999999999942,10.005788928296507
47.179999999999424,13.985511953958898
47.19999999999942,20.520972387731014
47.219999999999416,31.725583267078
47.23999999999942,23.115659230770376
47.25999999999942,15.335782096901944
47.27999999999942,27.960977753954268
47.299999999999415,28.321120675478
47.31999999999942,17.57922976682561
47.33999999999942,15.103883814737479
47.35999999999942,22.989564101233672
47.37999999999941,34.21214146769012
47.399999999999416,33.1759799839014
47.41999999999942,17.031310943516054
47.439999999999415,27.404055439528687
47.45999999999941,7.453354861605153
47.479999999999414,20.247678115679193
47.49999999999942,30.678856028929005
47.51999999999941,14.580436760864988
47.53999999999941,17.760837423779677
47.55999999999941,21.01008760552362
47.579999999999416,18.52582771587201
47.59999999999941,17.14131503119625
47.61999999999941,30.386087351841038
47.63999999999941,14.066263068709898
47.659999999999414,19.00619227888089
47.67999999999941,9.733420378013653
47.699999999999406,22.604942472613374
47.71999999999941,14.296539062698155
47.73999999999941,14.040734126776083
47.75999999999941,35.206833177516316
47.779999999999404,16.764581132163467
47.79999999999941,17.049145311626635
47.81999999999941,11.322976350773606
47.83999999999941,13.160674917219431
47.8599999999994,19.635998451582957
47.879999999999406,24.63433138525932
47.89999999999941,25.25741602963751
47.919999999999405,26.51250167318817
47.9399999999994,27.933089154049334
47.959999999999404,29.217285352021385
47.97999999999941,23.221795436556448
47.9999999999994,0.0
48.0199999999994,16.80334821975444
48.0399999999994,11.615600818743893
48.059999999999405,25.92090971472807
48.0799999999994,43.51382988468026
48.0999999999994,25.821596386165968
48.1199999999994,23.702924605656037
48.139999999999404,6.220427260963465
48.1599999999994,29.68058344895967
48.179999999999396,16.835457195633474
48.1999999999994,27.91863848747856
48.2199999999994,20.11331104921455
48.2399999999994,9.181597970916055
48.259999999999394,17.748053175765644
48.2799999999994,35.748608565243885
48.2999999999994,17.771934896182827
48.319999999999396,23.74424812692634
48.33999999999939,30.69692388013363
48.359999999999395,26.63654392715668
48.3799999999994,12.620141887683825
48.399999999999395,16.856289376905426
48.41999999999939,18.043538377951393
48.439999999999394,22.644752059411292
48.4599999999994,25.700578470896154
48.47999999999939,37.38574834291846
48.49999999999939,21.538942496470433
48.51999999999939,27.03768491487542
48.539999999999395,27.256905535195877
48.55999999999939,20.935640807613634
48.57999999999939,10.532131609682873
48.59999999999939,26.437896142256704
48.61999999999939,15.126246392822935
48.63999999999939,20.437324842372938
48.659999999999386,38.698409596712594
48.67999999999939,15.668239170902893
48.69999999999939,14.41109585896971
48.71999999999939,14.075137233211812
48.739999999999384,16.000405694436868
48.75999999999939,19.10098081296612
48.77999999999939,13.313249781565382
48.799999999999386,17.31469721333603
48.81999999999938,26.54939264586779
48.839999999999385,25.522745171699132
48.85999999999939,29.954118553034746
48.879999999999384,14.66199421524716
48.89999999999938,10.353664992102887
48.91999999999938,30.46384177061648
48.93999999999939,24.321593948814822
48.95999999999938,29.70580734565151
48.97999999999938,33.199736623143224
48.99999999999938,26.353753241949228
49.019999999999385,18.830097044579766
49.03999999999938,22.128090983870965
49.05999999999938,22.726748985475417
49.07999999999938,10.34074881008364
49.09999999999938,23.53371464842118
49.11999999999938,15.046212139745428
49.139999999999375,15.090701501646251
49.15999999999938,28.32136441787371
49.17999999999938,5.656791689279924
49.19999999999938,14.586162465044396
49.219999999999374,26.597400591928153
49.23999999999938,25.84157139916081
49.25999999999938,20.62052372208053
49.279999999999376,13.745679173446334
49.29999999999937,8.647333663090091
49.319999999999375,11.397129801083535
49.33999999999938,22.526071645946327
49.359999999999374,7.510776137149815
49.37999999999937,8.518401098980702
49.39999999999937,21.33050856368835
49.419999999999376,21.30946836073013
49.43999999999937,13.004204460139011
49.45999999999937,34.941898887255135
49.47999999999937,11.759769734781056
49.499999999999375,23.763250968640463
49.51999999999937,15.76994319009355
49.53999999999937,0.0
49.55999999999937,17.810122168782165
49.57999999999937,19.812447261766643
49.59999999999937,26.73253891066043
49.619999999999365,10.340741077711193
49.63999999999937,23.015405490425778
49.65999999999937,17.474009772351007
49.67999999999937,25.32783092025037
49.69999999999936,30.361940035334847
49.71999999999937,15.600373318607081
49.73999999999937,32.88312127722564
49.759999999999366,16.77067995083249
49.77999999999936,20.190693849756016
49.799999999999365,18.887743101946036
49.81999999999937,40.86985861879332
49.839999999999364,9.781178103863784
49.85999999999936,13.050883290798476
49.87999999999936,18.807066855068562
49.899999999999366,27.24776678621344
49.91999999999936,25.41581870754949
49.93999999999936,28.740528414100453
49.95999999999936,21.638641413209694
49.979999999999364,19.99549773565004
49.99999999999936,18.905988656265627
50.01999999999936,13.782868116498156
50.03999999999936,30.313491749126086
50.05999999999936,19.944622926022653
50.07999999999936,16.433120555979368
50.099999999999355,18.00227979295293
50.11999999999936,19.945831879675634
50.13999999999936,34.446700593231725
50.15999999999936,28.107449899781717
50.17999999999935,12.252339815504268
50.199999999999356,4.16810802486804
50.21999999999936,15.979327602413711
50.239999999999355,19.90262379440589
50.25999999999935,35.7718782547841
50.279999999999355,16.44097685046881
50.29999999999936,8.662453896165685
50.319999999999354,19.53727366321057
50.33999999999935,13.896449786754587
50.35999999999935,26.091366122956277
50.379999999999356,15.152054371405129
50.39999999999935,31.500440864587546
50.41999999999935,14.106400203330345
50.43999999999935,13.977509889489141
50.459999999999354,21.548087998693344
50.47999999999935,26.77522411443582
50.499999999999346,31.6419202107707
50.51999999999935,5.147335174354966
50.53999999999935,34.604699676641665
50.55999999999935,14.732898507551319
50.579999999999345,13.336533364067428
50.59999999999935,18.57369833111925
50.61999999999935,20.124360425759164
50.63999999999935,14.97058190354867
50.65999999999934,23.048802309912922
50.679999999999346,6.435551710205157
50.69999999999935,25.7056680997335
50.719999999999345,12.723468859405543
50.73999999999934,16.26690668875227
50.759999999999344,17.363284494655645
50.77999999999935,0.0
50.79999999999934,20.715268179448678
50.81999999999934,32.21931263568378
50.83999999999934,20.074899477348684
50.859999999999346,18.418211099459846
50.87999999999934,29.19202871742724
50.89999999999934,32.46573732655415
50.91999999999934,27.050289702324996
50.939999999999344,28.15952765935635
50.95999999999934,23.76228792268563
50.979999999999336,14.615438848394817
50.99999999999934,20.172914614270493
51.01999999999934,14.697161694317334
51.03999999999934,5.9321343546578955
51.059999999999334,17.47665439215303
51.07999999999934,18.46305212318018
51.09999999999934,29.99495572538769
51.11999999999934,21.1843322821947
51.13999999999933,42.99302075405219
51.159999999999336,2.528256629363103
51.17999999999934,26.694724289497525
51.199999999999335,18.32703809381305
51.21999999999933,17.963318022293826
51.239999999999334,17.911590817200786
51.25999999999934,30.145937544960738
51.27999999999933,23.408247193221722
51.29999999999933,7.231570258176546
51.31999999999933,19.949370725516978
51.339999999999336,17.656314816807736
51.35999999999933,19.00182038348972
51.37999999999933,11.743764149139396
51.39999999999933,16.069097388387416
51.419999999999334,38.36551688513525
51.43999999999933,14.350055029143308
51.459999999999326,2.7306656539482113
51.47999999999933,5.928828430439049
51.49999999999933,17.784299987790565
51.51999999999933,21.99150549392964
51.539999999999324,1.4149631098417323
51.55999999999933,8.074861687329575
51.57999999999933,5.220534056994163
51.599999999999326,28.303596118436886
51.61999999999932,17.04627402444542
51.639999999999326,24.19651995894764
51.65999999999933,30.34300672582245
51.679999999999325,21.572506381268344
51.69999999999932,24.153082890462144
51.719999999999324,22.4798233992668
51.73999999999933,22.26198639797412
51.75999999999932,12.140828785385487
51.77999999999932,14.129813374103328
51.79999999999932,33.6698317150923
51.819999999999325,14.725666948599443
51.83999999999932,6.5035066668785575
51.85999999999932,18.706516482335754
51.87999999999932,21.80338043159509
51.899999999999324,26.498943169097757
51.91999999999932,13.617527530407305
51.939999999999316,3.504447575752142
51.95999999999932,23.192655862343667
51.97999999999932,26.074569671875526
51.99999999999932,8.469559279399448
52.019999999999314,27.21072074344016
52.03999999999932,25.25021979698938
52.05999999999932,20.619589927575745
52.079999999999316,23.133905854792424
52.09999999999931,21.984906865831523
52.119999999999315,7.380090214620688
52.13999999999932,32.33212307110776
52.159999999999314,24.702336636172156
52.17999999999931,10.354722790378936
52.199999999999314,26.520514852351127
52.21999999999932,27.773212793100225
52.23999999999931,30.950779978974076
52.25999999999931,12.979243412915132
52.27999999999931,25.167072032699455
52.299999999999315,34.46138115700768
52.31999999999931,16.478215297040215
52.33999999999931,1.9844049598932152
52.35999999999931,29.04277502034476
52.37999999999931,19.56696148180977
52.39999999999931,25.269738110693908
52.419999999999305,29.824050046321407
52.43999999999931,16.510282888593622
52.45999999999931,18.114860087987605
52.47999999999931,20.264055775248718
52.499999999999304,26.45078313203815
52.51999999999931,14.157446102165089
52.53999999999931,23.163712015652557
52.559999999999306,7.697505637066142
52.5799999999993,31.019354245123306
52.599999999999305,0.0
52.61999999999931,23.00290555112276
52.639999999999304,24.59291655315348
52.6599999999993,13.391127641769344
52.6799999999993,20.395299781664693
52.69999999999931,8.293103512684203
52.7199999999993,5.560643876146136
52.7399999999993,30.749631088462564
52.7599999999993,25.738476241282598
52.779999999999305,12.839244584436432
52.7999999999993,26.269246518637964
52.8199999999993,19.74487378047622
52.8399999999993,17.55382957150418
52.8599999999993,20.79687941953559
52.8799999999993,11.886384590550012
52.899999999999295,30.27655013401865
52.9199999999993,27.423117132350768
52.9399999999993,29.854265921827096
52.9599999999993,23.507169958170717
52.97999999999929,28.00555294431129
52.9999999999993,19.335041410038993
53.0199999999993,21.473289081781918
53.039999999999296,23.76235834427499
53.05999999999929,21.47498580337122
53.079999999999295,38.52941562753531
53.0999999999993,18.749370433227256
53.119999999999294,25.127747963044154
53.13999999999929,37.401056005376844
53.15999999999929,6.506499916344808
53.179999999999296,17.980056288547267
53.19999999999929,22.08497173755178
53.21999999999929,18.80892317346501
53.23999999999929,26.338964066119246
53.259999999999295,40.90050167842807
53.27999999999929,23.244733019602982
53.29999999999929,6.058966073854151
53.31999999999929,13.566241030974222
53.33999999999929,26.33721730362748
53.35999999999929,13.816378388094849
53.379999999999285,18.63568799572492
53.39999999999929,16.439781498164322
53.41999999999929,41.885329724254966
53.43999999999929,32.093322061586456
53.45999999999928,33.54017454629314
53.479999999999286,20.431774343644594
53.49999999999929,20.406182090105712
53.519999999999285,31.344777314729505
53.53999999999928,23.195895626293307
53.559999999999285,19.59248980510032
53.57999999999929,34.35192340038668
53.599999999999284,13.027379420996432
53.61999999999928,19.91917729850277
53.63999999999928,5.260399936634938
53.659999999999286,35.20997917135794
53.67999999999928,8.770376320995153
53.69999999999928,23.660128440891896
53.71999999999928,19.278369694716652
53.739999999999284,10.778410787488593
53.75999999999928,35.3929579472738
53.779999999999276,5.041090955235806
53.79999999999928,23.126903044962376
53.81999999999928,7.66463135667591
53.83999999999928,31.300812615799344
53.859999999999275,16.417754410651778
53.87999999999928,27.714779828639287
53.89999999999928,15.585346857758902
53.91999999999928,16.20463549028298
53.93999999999927,15.75580077437895
53.959999999999276,15.401205157790875
53.97999999999928,27.763053431851734
53.999999999999275,25.549453763545042
54.01999999999927,21.235234167256074
54.039999999999274,31.21903542706881
54.05999999999928,16.809755761465695
54.07999999999927,20.4553321941993
54.09999999999927,29.661922972512183
54.11999999999927,36.07023497963416
54.139999999999276,5.346953487811566
54.15999999999927,30.371007813052508
54.17999999999927,13.59871377399599
54.19999999999927,35.31424840118187
54.219999999999274,9.347344539987295
54.23999999999927,17.045425454948752
54.259999999999266,15.832530564999484
54.27999999999927,20.836130228163377
54.29999999999927,22.08384978305653
54.31999999999927,32.35725513287796
54.339999999999264,26.690588801744124
54.35999999999927,21.027380681798334
54.37999999999927,31.816505631518275
54.39999999999927,16.290301127264122
54.41999999999926,25.311779154269956
54.439999999999266,21.40357307534101
54.45999999999927,19.952229415780227
54.479999999999265,26.825226191542463
54.49999999999926,24.212836416557444
54.519999999999264,26.661589656790063
54.53999999999927,28.07170747017817
54.55999999999926,23.585712427064202
54.57999999999926,22.905258748953834
54.59999999999926,16.250165062894357
54.619999999999266,23.686959333382703
54.63999999999926,9.5667867706901
54.65999999999926,16.3052443499312
54.67999999999926,34.71616468159745
54.699999999999264,14.586714876788559
54.71999999999926,25.548367408917347
54.739999999999256,11.572872553845965
54.75999999999926,22.934819950055356
54.77999999999926,24.810252341204304
54.79999999999926,14.905386657285899
54.819999999999254,17.135348508480188
54.83999999999926,12.357966426976013
54.85999999999926,22.743127323893408
54.87999999999926,21.485142637358674
54.89999999999925,16.798163772154236
54.919999999999256,16.653540410584185
54.93999999999926,18.242322972161286
54.959999999999255,20.78637130216959
54.97999999999925,30.099393392044934
54.999999999999254,29.82512353658513
55.01999999999926,0.0
55.03999999999925,11.410254025031193
55.05999999999925,12.153144419430173
55.07999999999925,23.638552302577676
55.099999999999255,17.186239117814534
55.11999999999925,16.576946850891304
55.13999999999925,7.168179976909139
55.15999999999925,26.958766766317098
55.179999999999254,32.25498974074488
55.19999999999925,17.48331713621812
55.219999999999246,5.41055037000759
55.23999999999925,27.187234901086857
55.25999999999925,31.515298764589108
55.27999999999925,16.345287101939157
55.299999999999244,23.13095210854149
55.31999999999925,15.012950588094295
55.33999999999925,7.632617257791733
55.359999999999246,17.111515540044824
55.37999999999924,17.402745834786643
55.399999999999245,18.692116898745816
55.41999999999925,21.63245320871735
55.439999999999245,22.99926047620439
55.45999999999924,20.003983602835746
55.479999999999244,18.032633203942833
55.49999999999925,22.699251519074227
55.51999999999924,25.750743853086554
55.53999999999924,19.419518669120944
55.55999999999924,16.03623706439847
55.579999999999245,23.542383742454902
55.59999999999924,19.004722858876036
55.61999999999924,26.068611494189618
55.63999999999924,5.615988397171449
55.65999999999924,11.543048297831428
55.67999999999924,3.7286349011150826
55.699999999999235,10.090550324162402
55.71999999999924,26.18078473898569
55.73999999999924,24.325912767080197
55.75999999999924,17.72901226051145
55.779999999999234,30.594153420804204
55.79999999999924,11.567712005095501
55.81999999999924,17.465548895859815
55.839999999999236,16.883573700535138
55.85999999999923,19.413724785952596
55.879999999999235,2.7595881160499154
55.89999999999924,21.158408262569907
55.919999999999234,32.29272326939932
55.93999999999923,24.167275650375593
55.95999999999923,26.90773826654677
55.97999999999924,17.2824234131974
55.99999999999923,10.360104434346452
56.01999999999923,16.817474428222486
56.03999999999923,23.71306337858001
56.059999999999235,18.62306786081135
56.07999999999923,24.881932673379666
56.09999999999923,25.215033132702466
56.11999999999923,29.952980652098706
56.13999999999923,10.793622990174494
56.15999999999923,27.260227131354025
56.179999999999225,23.320086258998845
56.19999999999923,17.622586776136423
56.21999999999923,18.090827657093474
56.23999999999923,8.93414021209084
56.25999999999922,16.198346334373184
56.27999999999923,17.687245966692497
56.29999999999923,23.40217481312404
56.319999999999226,19.989696118685746
56.33999999999922,40.06966098808749
56.359999999999225,1.986602159185054
56.37999999999923,20.073445655544305
56.399999999999224,1.5054355045689043
56.41999999999922,17.857260146038374
56.43999999999922,19.871850856960343
56.459999999999226,20.222382804897805
56.47999999999922,21.81811712958098
56.49999999999922,22.721972711562938
56.51999999999922,25.399502998355988
56.539999999999225,37.06625194318596
56.55999999999922,24.79009072140101
56.57999999999922,13.038469920648428
56.59999999999922,12.555789554128179
56.61999999999922,13.821942590894466
56.63999999999922,32.43869059728552
56.659999999999215,26.260767527055208
56.67999999999922,19.394811347440147
56.69999999999922,20.44935912125937
56.71999999999922,29.252758811212097
56.73999999999921,13.255080209978413
56.759999999999216,19.853260825809592
56.77999999999922,25.285081743089176
56.799999999999216,25.56502332576822
56.81999999999921,11.622745086221553
56.839999999999215,26.932193181844863
56.85999999999922,11.817614255748916
56.879999999999214,16.745046547975093
56.89999999999921,21.45583835074485
56.91999999999921,10.524873004423752
56.939999999999216,14.724360694904842
56.95999999999921,15.499816938132678
56.97999999999921,15.412717665480375
56.99999999999921,23.231839063302175
57.019999999999214,16.579291492361328
57.03999999999921,30.23107483803105
57.05999999999921,21.88456009522116
57.07999999999921,12.682924039806768
57.09999999999921,9.858824241553918
57.11999999999921,16.90205220422821
57.139999999999205,10.798603613825458
57.15999999999921,17.675797945862843
57.17999999999921,0.0
57.19999999999921,14.69213523996725
57.2199999999992,4.618949723645569
57.239999999999206,16.882601072857046
57.25999999999921,23.112448816358736
57.279999999999205,10.245227984300426
57.2999999999992,33.91878005841374
57.319999999999204,15.660804480635127
57.33999999999921,28.959349628511163
57.359999999999204,25.58222329326319
57.3799999999992,23.447314256490937
57.3999999999992,38.8992668670088
57.419999999999206,31.584384201088348
57.4399999999992,24.604631517320755
57.4599999999992,21.10993258170975
57.4799999999992,21.820117406804027
57.499999999999204,7.783934115234407
57.5199999999992,3.6605076337781703
57.539999999999196,10.82340884172876
57.5599999999992,14.7667154300191
57.5799999999992,32.03864903323735
57.5999999999992,35.5950400538437
57.619999999999195,1.8510419316622766
57.6399999999992,7.167590203596809
57.6599999999992,20.44651104646673
57.6799999999992,22.949458703630157
57.69999999999919,23.010551503436584
57.719999999999196,21.21479305440769
57.7399999999992,10.90515671687119
57.759999999999195,20.14730296568911
57.77999999999919,12.474279508724376
57.799999999999194,10.703136280979331
57.8199999999992,16.680433153621635
57.83999999999919,27.270759234824432
57.85999999999919,18.18199657340847
57.87999999999919,20.162095014843985
57.899999999999196,45.121342312823614
57.91999999999919,28.571351993289415
57.93999999999919,12.733784617092075
57.95999999999919,13.347792378039008
57.979999999999194,24.62441385255577
57.99999999999919,15.043970412963986
58.019999999999186,12.558079511365495
58.03999999999919,15.45082065108745
58.05999999999919,7.59476241838637
58.07999999999919,17.933600074031407
58.099999999999184,20.282707709174158
58.11999999999919,15.115723503783588
58.13999999999919,32.152375030892806
58.15999999999919,20.199615420375
58.17999999999918,39.10924385845922
58.199999999999186,13.181383963990747
58.21999999999919,20.248495956805336
58.239999999999185,30.226963244581043
58.25999999999918,22.18590709240471
58.279999999999184,12.961011957976627
58.29999999999919,7.919608092931483
58.31999999999918,17.880824412266627
58.33999999999918,25.17522100723992
58.35999999999918,35.77051469687283
58.379999999999185,23.714339849435333
58.39999999999918,20.565829103552776
58.41999999999918,11.530021368198735
58.43999999999918,26.709993311795024
58.459999999999184,17.649359754273643
58.47999999999918,22.069974165661687
58.499999999999176,10.307717976003646
58.51999999999918,5.939353669807501
58.53999999999918,26.724077075457288
58.55999999999918,20.87497984347821
58.579999999999174,28.442406637999323
58.59999999999918,20.55765555236467
58.61999999999918,31.153723359554697
58.639999999999176,27.77026917537911
58.65999999999917,16.61627910802802
58.679999999999175,19.84804244575808
58.69999999999918,28.551153111874424
58.719999999999175,20.49762310728145
58.73999999999917,24.834661260844584
58.759999999999174,24.005549464502273
58.77999999999918,19.111569662624163
58.79999999999917,29.21664930865723
58.81999999999917,23.89281379343129
58.83999999999917,13.350039694903693
58.859999999999175,18.168380083319136
58.87999999999917,22.603377160568435
58.89999999999917,28.319537601622738
58.91999999999917,12.218810420667722
58.93999999999917,7.25965219888691
58.95999999999917,16.933299414491728
58.979999999999166,36.69377002450916
58.99999999999917,19.792066439554695
59.01999999999917,19.413751152799833
59.03999999999917,35.65997324907474
59.059999999999164,18.366478451493858
59.07999999999917,29.013002192495534
59.09999999999917,36.979979214992774
59.119999999999166,20.226065758034025
59.13999999999916,9.561064782002951
59.159999999999165,27.10409569571738
59.17999999999917,21.918322557890203
59.199999999999164,37.88002421683402
59.21999999999916,17.11855298568754
59.23999999999916,25.828885823265257
59.25999999999917,7.997137683499433
59.27999999999916,10.724448812821
59.29999999999916,11.865887265002797
59.31999999999916,19.60719472153964
59.339999999999165,14.416233735798889
59.35999999999916,29.457696026265282
59.37999999999916,17.320345548173677
59.39999999999916,24.549574374872556
59.41999999999916,27.26812671954157
59.43999999999916,22.653053962698788
59.459999999999155,16.88096356547646
59.47999999999916,24.683701318279606
59.49999999999916,10.594402175844005
59.51999999999916,20.471435119748673
59.539999999999154,4.6708150664683235
59.55999999999916,29.87696966204205
59.57999999999916,14.47337280891509
59.599999999999156,11.852933726502176
59.61999999999915,26.732989286263294
59.639999999999155,7.371504154021315
59.65999999999916,17.104060948588145
59.679999999999154,12.570961310385748
59.69999999999915,27.214771732673153
59.71999999999915,45.30895727511509
59.739999999999156,24.353873693223367
59.75999999999915,17.51240516750297
59.77999999999915,21.173859995251654
59.79999999999915,16.102951138334642
59.819999999999155,22.63850123214416
59.83999999999915,29.69394107193266
59.85999999999915,31.461080036327196
59.87999999999915,12.903976316261737
59.89999999999915,14.514903273922222
59.91999999999915,8.45302507232091
59.939999999999145,17.782032804899362
59.95999999999915,14.829296075262404
59.97999999999915,5.9986850069927495
59.99999999999915,22.26602616285705
60.01999999999914,32.424909091021064
60.03999999999915,12.814703671592355
60.05999999999915,23.220937886786693
60.079999999999146,26.34217766609043
60.09999999999914,19.29781478807135
60.119999999999145,20.37075324324486
60.13999999999915,18.16894592006575
60.159999999999144,17.764305493055137
60.17999999999914,23.677287552393253
60.19999999999914,18.287863004461663
60.219999999999146,4.862487452509571
60.23999999999914,12.957922331823092
60.25999999999914,17.61611306265164
60.27999999999914,9.60019041802028
60.299999999999145,19.00343883279382
60.31999999999914,21.02790611584533
60.33999999999914,19.437793201368507
60.35999999999914,19.68494880920571
60.37999999999914,16.055831365861966
60.39999999999914,20.389859483253197
60.419999999999135,25.476466803109446
60.43999999999914,28.598972581828683
60.45999999999914,31.14271995929227
60.47999999999914,35.99055264867055
60.49999999999913,15.21529373187499
60.519999999999136,29.46926107422864
60.53999999999914,21.33857485226089
60.559999999999135,29.44232693698948
60.57999999999913,9.735200535405031
60.599999999999135,11.989729885963898
60.61999999999914,21.738283874015764
60.639999999999134,17.275275043183935
60.65999999999913,12.980694582249416
60.67999999999913,17.532407757273404
60.699999999999136,22.062333374269876
60.71999999999913,30.282196204430434
60.73999999999913,20.937440791953467
60.75999999999913,15.539455322641686
60.779999999999134,30.111830965315193
60.79999999999913,13.7491860208392
60.819999999999126,7.913171812953943
60.83999999999913,12.580558596541152
60.85999999999913,10.35576210479382
60.87999999999913,20.478479346627644
60.899999999999125,23.185983642881457
60.91999999999913,13.145636457737194
60.93999999999913,9.741414536336222
60.95999999999913,17.672183168671022
60.97999999999912,8.529503322621562
60.999999999999126,17.185098706698515
61.01999999999913,22.21004684908448
61.039999999999125,25.990480969404913
61.05999999999912,12.67675576064083
61.079999999999124,15.521896316991484
61.09999999999913,29.107789223445177
61.11999999999912,7.538445288267871
61.13999999999912,29.04634625191126
61.15999999999912,14.562241217079531
61.179999999999126,17.196509902500203
61.19999999999912,27.274872685315042
61.21999999999912,24.189370972890796
61.23999999999912,21.58421443103184
61.259999999999124,25.83008075172365
61.27999999999912,17.764474005276718
61.299999999999116,17.817158430266126
61.31999999999912,27.371542940089647
61.33999999999912,16.98651385845823
61.35999999999912,25.374290886084403
61.379999999999114,19.122694041413077
61.39999999999912,18.30813447953891
61.41999999999912,11.704089108459092
61.43999999999912,14.05543550464754
61.45999999999911,28.484011210853264
61.479999999999116,16.134400560825355
61.49999999999912,21.417467449226628
61.519999999999115,19.051965611118717
61.53999999999911,18.553270501330175
61.559999999999114,17.866266100970215
61.57999999999912,13.755091737143335
61.59999999999911,14.668767634636563
61.61999999999911,16.505916720737215
61.63999999999911,20.812773027826864
61.659999999999116,18.356290435613495
61.67999999999911,19.274379365432605
61.69999999999911,30.858056641520843
61.71999999999911,24.450811914003715
61.739999999999114,10.520297282313633
61.75999999999911,13.25076865002699
61.779999999999106,13.325840847707132
61.79999999999911,16.912839398970775
61.81999999999911,30.29281477531669
61.83999999999911,14.172411220274
61.859999999999104,13.04162335147223
61.87999999999911,25.029657634501014
61.89999999999911,23.22021856504392
61.919999999999106,16.38489646534199
61.9399999999991,13.765004545852673
61.959999999999106,12.946971095726177
61.97999999999911,18.29095151745888
61.999999999999105,33.06811654762169
62.0199999999991,12.337658407614674
62.039999999999104,11.792949161865696
62.05999999999911,30.62607822021301
62.0799999999991,15.011339256192553
62.0999999999991,13.13673951215905
62.1199999999991,18.27108743324809
62.139999999999105,17.304401943651914
62.1599999999991,7.566980334603857
62.1799999999991,8.865685993872278
62.1999999999991,27.51248088414082
62.219999999999104,14.471608707533724
62.2399999999991,27.03724594467421
62.259999999999096,27.23507770728938
62.2799999999991,14.852352926574252
62.2999999999991,27.074655632354215
62.3199999999991,27.938440775529763
62.339999999999094,21.669332936350834
62.3599999999991,22.64944595263659
62.3799999999991,21.981038369796124
62.399999999999096,6.1858942010176445
62.41999999999909,12.381130476488028
62.439999999999095,16.55308671862162
62.4599999999991,30.679555452473743
62.479999999999094,37.67873189053405
62.49999999999909,17.699693628837927
62.519999999999094,11.82927580188768
62.5399999999991,6.709595509950072
62.55999999999909,22.022624280571847
62.57999999999909,13.91237751184632
62.59999999999909,5.438936182559679
62.619999999999095,19.157397711129917
62.63999999999909,14.207271198775521
62.65999999999909,22.637593887569338
62.67999999999909,19.78869658816122
62.69999999999909,26.4508784641636
62.71999999999909,8.529281079945104
62.739999999999085,0.0
62.75999999999909,5.605549211810676
62.77999999999909,33.309313972337954
62.79999999999909,20.632963972158418
62.819999999999084,17.58978448889296
62.83999999999909,17.505845233925744
62.85999999999909,30.860840848841697
62.879999999999086,29.015005305614267
62.89999999999908,14.137363811669164
62.919999999999085,28.889131490479514
62.93999999999909,26.139318528454314
62.959999999999084,24.667578680375758
62.97999999999908,4.825713158404698
62.99999999999908,19.3482450056506
63.01999999999909,10.557734280350736
63.03999999999908,15.051782575782036
63.05999999999908,16.812679305834056
63.07999999999908,12.056160026219743
63.099999999999085,25.42211521674359
63.11999999999908,21.925807294972536
63.13999999999908,27.410338870914266
63.15999999999908,20.798824833101747
63.17999999999908,24.95332400093363
63.19999999999908,16.56437464587585
63.219999999999075,29.44548544064211
63.23999999999908,15.341809466173835
63.25999999999908,38.09937872785548
63.27999999999908,26.984869700533906
63.29999999999907,17.32907363919053
63.31999999999908,15.725708967001559
63.33999999999908,9.955747149884491
63.359999999999076,17.164721991377178
63.37999999999907,35.79889037941737
63.399999999999075,18.101925574907604
63.41999999999908,15.192330343488692
63.439999999999074,27.161954392013627
63.45999999999907,12.282949521844678
63.47999999999907,21.174043372050498
63.499999999999076,2.2964428050365804
63.51999999999907,32.93705342237038
63.53999999999907,16.213526390641306
63.55999999999907,19.52493655054396
63.579999999999075,26.861112705670404
63.59999999999907,13.426154318849232
63.61999999999907,32.602671202439396
63.63999999999907,22.335344857691986
63.65999999999907,16.75366071459457
63.67999999999907,27.224972233911366
63.699999999999065,12.639278393082273
63.71999999999907,14.10912166141054
63.73999999999907,18.31973932665761
63.75999999999907,22.33856101746706
63.77999999999906,28.953783276869924
63.799999999999066,27.985649450472444
63.81999999999907,26.417613752617086
63.839999999999065,27.829471876572235
63.85999999999906,22.73661065527352
63.879999999999065,22.402803305562294
63.89999999999907,12.703026168540916
63.919999999999064,11.563227102688971
63.93999999999906,18.06535187251078
63.95999999999906,13.113873386951719
63.979999999999066,16.649736238302296
63.99999999999906,12.25784868205757
64.01999999999906,12.06292643755502
64.03999999999905,11.615276076336254
64.05999999999906,17.21758012821615
64.07999999999906,8.968725150486518
64.09999999999906,21.131012396360845
64.11999999999907,21.750716053189187
64.13999999999906,17.431802001878538
64.15999999999906,15.99085148109851
64.17999999999905,27.053911458716556
64.19999999999905,18.790561476382443
64.21999999999906,18.88781737615752
64.23999999999906,24.35179307550631
64.25999999999905,25.252258276073
64.27999999999906,28.819591280462205
64.29999999999906,19.360196535839297
64.31999999999906,9.886746407126584
64.33999999999905,6.332603013226716
64.35999999999905,12.514940429547217
64.37999999999906,18.357161063039257
64.39999999999905,20.939342119317963
64.41999999999905,18.032435188575477
64.43999999999906,22.651595344012993
64.45999999999906,25.64947859614983
64.47999999999905,12.193722055060508
64.49999999999905,20.535580963650776
64.51999999999904,18.83989046176838
64.53999999999905,28.88558175440582
64.55999999999905,24.509314579192257
64.57999999999905,25.00007777289938
64.59999999999906,25.006675256125398
64.61999999999905,17.720461069010295
64.63999999999905,28.54348774110626
64.65999999999904,17.42809936033934
64.67999999999904,32.9610604689405
64.69999999999905,14.2670215732998
64.71999999999905,5.81966862281574
64.73999999999904,14.254575507657467
64.75999999999905,26.484161011548963
64.77999999999905,24.3974560905596
64.79999999999905,23.934618977056523
64.81999999999904,23.14910489933367
64.83999999999904,17.017819199800755
64.85999999999905,40.4584572208028
64.87999999999904,34.97494377387598
64.89999999999904,32.04891744090967
64.91999999999905,52.55502095353255
64.93999999999905,42.16349742069528
64.95999999999904,46.65057764935326
64.97999999999904,67.84675255641314
64.99999999999903,79.36350555523455
65.01999999999904,87.47019998243444
65.03999999999904,101.22365880306772
65.05999999999904,132.10139799548148
65.07999999999905,125.8326393047133
65.09999999999904,156.6484878216651
65.11999999999904,145.85182200750097
65.13999999999903,155.7715315886599
65.15999999999903,163.25914294162553
65.17999999999904,155.5473155181067
65.19999999999904,169.076874541132
65.21999999999903,161.45392759235597
65.23999999999904,143.91361345837032
65.25999999999904,143.78856699810595
65.27999999999903,114.66261769634679
65.29999999999903,114.33239562788987
65.31999999999903,86.72981458641635
65.33999999999904,78.58251499944045
65.35999999999903,52.35086738309041
65.37999999999903,56.56922420036379
65.39999999999904,35.355176055675045
65.41999999999904,30.775408140110855
65.43999999999903,40.63867414599476
65.45999999999903,27.295299494720776
65.47999999999902,41.35079621340803
65.49999999999903,23.38572369441073
65.51999999999903,42.86085110937016
65.53999999999903,6.834162292588173
65.55999999999904,26.686313079185577
65.57999999999903,14.339162115487941
65.59999999999903,4.942492085008565
65.61999999999902,10.279259273765504
65.63999999999902,24.605185413489437
65.65999999999903,15.459803087375748
65.67999999999903,14.519419687581852
65.69999999999902,12.464515596477035
65.71999999999903,9.234291206896735
65.73999999999903,24.44073405269315
65.75999999999902,21.915214451546674
65.77999999999902,15.50729428152587
65.79999999999902,38.87511398748693
65.81999999999903,20.8622758572776
65.83999999999902,11.679774774415286
65.85999999999902,12.814254779479269
65.87999999999903,15.01196512469277
65.89999999999903,18.437916477069397
65.91999999999902,10.372860303404572
65.93999999999902,11.573268569333198
65.95999999999901,15.038741167705634
65.97999999999902,9.305721363553483
65.99999999999902,21.024266720979636
66.01999999999902,20.724660121352844
66.03999999999903,8.240745363128541
66.05999999999902,36.02262241041502
66.07999999999902,33.320647613273756
66.09999999999901,15.947803398617697
66.11999999999901,20.036036037107838
66.13999999999902,17.056202151793077
66.15999999999902,27.556367272875725
66.17999999999901,25.156830724171744
66.19999999999902,7.099128429234373
66.21999999999902,22.172476559621966
66.23999999999901,20.563760057204576
66.25999999999901,30.791481015119892
66.279999999999,29.540054207503882
66.29999999999902,27.738602242662058
66.31999999999901,7.36265469077904
66.33999999999901,28.253271165564904
66.35999999999902,23.15283679787433
66.37999999999901,22.561380001755964
66.39999999999901,20.3138994648105
66.419999999999,6.692919474787605
66.439999999999,27.513370575252793
66.45999999999901,20.27090715648091
66.47999999999901,21.93523558854819
66.499999999999,21.70532158768649
66.51999999999902,19.69572884490834
66.53999999999901,23.802048931765423
66.55999999999901,26.840695700553315
66.579999999999,21.126900228967422
66.599999999999,14.275313708347035
66.61999999999901,18.00638678331862
66.639999999999,0.0
66.659999999999,29.814122137372614
66.67999999999901,24.05152466974733
66.69999999999901,20.282456123447126
66.719999999999,6.612023120455262
66.739999999999,21.179283319829782
66.759999999999,8.245241173679219
66.779999999999,15.467906415039668
66.799999999999,21.492490115387472
66.819999999999,17.273703281300662
66.83999999999901,21.703816796912214
66.859999999999,33.342980556784696
66.879999999999,24.731731485618564
66.899999999999,29.802780539428806
66.91999999999899,27.064541328594558
66.939999999999,22.094258307755954
66.959999999999,32.994582574619606
66.979999999999,28.150189856259853
66.999999999999,27.235423359494533
67.019999999999,24.506188544071286
67.039999999999,25.295793847844813
67.059999999999,17.998886563488163
67.07999999999899,30.798577095773638
67.099999999999,15.061834812418637
67.119999999999,19.14385518792547
67.13999999999899,18.22004411009437
67.159999999999,23.454829864001344
67.179999999999,24.70409239475367
67.199999999999,19.403414995954645
67.21999999999899,26.606985950433995
67.23999999999899,29.237086228238756
67.259999999999,11.261035940724318
67.27999999999899,23.150398920277937
67.29999999999899,20.690336823607186
67.319999999999,31.882775261018537
67.339999999999,9.487928667667838
67.35999999999899,13.190444436904714
67.37999999999899,29.39706049765786
67.39999999999898,16.9741418367974
67.41999999999899,13.828743502543578
67.43999999999899,31.42516180981483
67.45999999999898,11.219202217601383
67.479999999999,36.83012286005837
67.49999999999899,23.77746831354742
67.51999999999899,7.829197800916974
67.53999999999898,26.775661534795134
67.55999999999898,32.50147673208081
67.57999999999899,17.519110091132067
67.59999999999899,15.896023856315924
67.61999999999898,34.719951924839805
67.63999999999899,0.0
67.65999999999899,14.570313370496859
67.67999999999898,18.94152052252234
67.69999999999898,10.826525313556688
67.71999999999898,26.340025714155228
67.73999999999899,27.761895907189263
67.75999999999898,30.84831739288109
67.77999999999898,6.301980519615739
67.79999999999899,17.484683976729322
67.81999999999898,34.97506993176752
67.83999999999898,26.764763226711814
67.85999999999898,23.37024962219957
67.87999999999897,19.95684682858555
67.89999999999898,25.096132229662203
67.91999999999898,33.9818681669978
67.93999999999897,21.26555027963448
67.95999999999898,27.07973260368955
67.97999999999898,17.676238967149335
67.99999999999898,22.047356323174718
68.01999999999897,10.826041967853355
68.03999999999897,0.0
68.05999999999898,15.75726317390761
68.07999999999898,11.162189730956785
68.09999999999897,20.208093310018832
68.11999999999898,15.84681067132214
68.13999999999898,26.15896019185982
68.15999999999897,9.2003393825598
68.17999999999897,27.399081455272867
68.19999999999897,5.467731913174262
68.21999999999898,7.8602766952992145
68.23999999999897,29.543519475801993
68.25999999999897,20.416607814961107
68.27999999999898,27.42434000294068
68.29999999999897,18.56183404147176
68.31999999999897,23.112318388518474
68.33999999999897,7.922919422958044
68.35999999999896,14.952615249996757
68.37999999999897,8.456012099375913
68.39999999999897,16.311013694470745
68.41999999999896,18.605706462582855
68.43999999999897,16.34735695408462
68.45999999999897,19.759738904153544
68.47999999999897,12.193204765186987
68.49999999999896,22.903686159342378
68.51999999999896,17.129405852287494
68.53999999999897,16.08675703364292
68.55999999999896,25.4848410943861
68.57999999999896,15.769799090167574
68.59999999999897,18.3740479749112
68.61999999999897,23.20264403072116
68.63999999999896,22.283929999445906
68.65999999999896,29.212828837090377
68.67999999999896,13.649876851069266
68.69999999999897,23.084095648464807
68.71999999999896,16.479571548294626
68.73999999999896,4.334168611393208
68.75999999999897,25.5942542869267
68.77999999999896,14.7252160455581
68.79999999999896,8.860897670387075
68.81999999999896,17.384044088948656
68.83999999999895,24.021017769071655
68.85999999999896,15.241969785694113
68.87999999999896,30.461498355196454
68.89999999999895,10.210968822944777
68.91999999999896,35.07096528347528
68.93999999999896,11.315904356450629
68.95999999999896,31.72938205745406
68.97999999999895,21.38346251088971
68.99999999999895,0.0
69.01999999999896,34.336692617851476
69.03999999999895,3.2393855662204984
69.05999999999895,18.825538749654946
69.07999999999896,29.68942876093962
69.09999999999896,25.08324065222541
69.11999999999895,24.605841307624836
69.13999999999895,25.07441764476279
69.15999999999894,14.494389877892594
69.17999999999896,17.390982092435816
69.19999999999895,21.682223704859478
69.21999999999895,24.29650940254279
69.23999999999896,28.039473016998745
69.25999999999895,25.460373457621337
69.27999999999895,36.641388394205066
69.29999999999895,12.497897769451496
69.31999999999894,13.614967826622074
69.33999999999895,4.787094634073009
69.35999999999895,19.27758483696307
69.37999999999894,18.55385159031732
69.39999999999895,10.271957601276993
69.41999999999895,18.556572036536238
69.43999999999895,10.73839420641575
69.45999999999894,19.520373020834167
69.47999999999894,17.279624650533705
69.49999999999895,23.688887131688436
69.51999999999894,33.559996535391214
69.53999999999894,19.647889494367295
69.55999999999895,18.887197947494954
69.57999999999895,32.92908048740569
69.59999999999894,28.903218074130585
69.61999999999894,7.444725563632407
69.63999999999893,13.669432277766912
69.65999999999894,10.81711326067173
69.67999999999894,24.683660316497285
69.69999999999894,30.38394581739812
69.71999999999895,17.792474881410328
69.73999999999894,12.821253632340737
69.75999999999894,24.029191888080433
69.77999999999894,22.988989268894002
69.79999999999893,23.456994526920425
69.81999999999894,15.08394211536749
69.83999999999894,9.015728662521655
69.85999999999893,15.712669954203076
69.87999999999894,3.2646534501767412
69.89999999999894,18.58498600048153
69.91999999999894,15.10976998406679
69.93999999999893,21.26765182128896
69.95999999999893,37.942243908317515
69.97999999999894,16.214353989068968
69.99999999999893,30.036875826869178
70.01999999999893,13.170966276106405
70.03999999999894,19.91659213249198
70.05999999999894,25.238070642589634
70.07999999999893,8.541536179292171
70.09999999999893,27.51314507249114
70.11999999999892,19.70711788322068
70.13999999999893,18.388242149078888
70.15999999999893,19.740734033449673
70.17999999999893,21.08002405124405
70.19999999999894,27.147984357288728
70.21999999999893,19.19519025499606
70.23999999999893,4.579567180466665
70.25999999999893,16.740634892566348
70.27999999999892,15.068927753299109
70.29999999999893,26.390129867024108
70.31999999999893,23.99755775757734
70.33999999999892,24.521420831365297
70.35999999999893,19.22536090022269
70.37999999999893,21.29800861169788
70.39999999999893,19.390859871174708
70.41999999999892,24.399076163329376
70.43999999999892,13.31781574251697
70.45999999999893,24.543222542714602
70.47999999999892,13.652932593079454
70.49999999999892,22.919696755661338
70.51999999999893,16.967492680123303
70.53999999999893,21.807888118215807
70.55999999999892,15.75196325547881
70.57999999999892,7.36812612685833
70.59999999999891,12.446235771857069
70.61999999999892,9.308966094864633
70.63999999999892,11.479410796767109
70.65999999999892,0.0
70.67999999999893,18.838225351957323
70.69999999999892,27.692355320976382
70.71999999999892,20.99515063313982
70.73999999999891,19.277540342091196
70.75999999999891,21.272314811765767
70.77999999999892,21.554913109630146
70.79999999999892,16.949328923741447
70.81999999999891,21.22868498127721
70.83999999999892,19.98572411877236
70.85999999999892,29.61399763443992
70.87999999999892,18.637961602494055
70.89999999999891,31.87339965493745
70.91999999999891,15.224168918669323
70.93999999999892,3.6310466123385368
70.95999999999891,18.065046791835588
70.97999999999891,12.109916681516129
70.99999999999892,32.4612651838914
71.01999999999892,23.19371167465842
71.03999999999891,16.94988380383239
71.05999999999891,24.268357953231202
71.0799999999989,27.968095592891817
71.09999999999891,18.442700314019216
71.11999999999891,18.17863941291232
71.1399999999989,18.666224924064657
71.15999999999892,10.104767577907534
71.17999999999891,34.96609494343613
71.19999999999891,23.525315954038767
71.2199999999989,22.66453325943983
71.2399999999989,5.599537967833559
71.25999999999891,29.05279880472073
71.2799999999989,29.571841117493598
71.2999999999989,13.494605874178319
71.31999999999891,8.422709757882624
71.33999999999891,14.09676484175593
71.3599999999989,20.283757439190225
71.3799999999989,16.25629945875307
71.3999999999989,16.306352290271125
71.41999999999891,40.22358368363817
71.4399999999989,27.698530393321143
71.4599999999989,20.889488593638326
71.47999999999891,17.588935808354147
71.4999999999989,27.213241219866376
71.5199999999989,14.456196513979354
71.5399999999989,22.882907276008424
71.5599999999989,26.96374506631505
71.5799999999989,10.541952129578556
71.5999999999989,17.56897638364819
71.6199999999989,1.9935283345548669
71.6399999999989,32.619056454949686
71.6599999999989,23.01611718369687
71.6799999999989,12.788103683568462
71.6999999999989,27.444742611198077
71.71999999999889,18.20021479245426
71.7399999999989,29.316193489224766
71.7599999999989,3.8389797882367596
71.77999999999889,21.188879022045004
71.7999999999989,13.470990224645536
71.8199999999989,22.541616147059933
71.8399999999989,7.882957307589306
71.85999999999889,29.93920348419099
71.87999999999889,19.659711700858345
71.8999999999989,8.97526860027694
71.9199999999989,20.149313489995716
71.93999999999889,24.543150471977725
71.9599999999989,11.668435236391668
71.9799999999989,30.011450492444304
71.99999999999889,19.98610973833006
72.01999999999889,8.772870488928886
72.03999999999888,4.506167000999415
72.0599999999989,5.575059474189967
72.07999999999889,21.608011323031345
72.09999999999889,9.93629585846599
72.1199999999989,20.503302859879756
72.13999999999889,22.254856690221704
72.15999999999889,18.75584403890855
72.17999999999888,33.51779519909664
72.19999999999888,11.426360829044642
72.21999999999889,21.577651292800624
72.23999999999889,35.16726001889877
72.25999999999888,18.915828045380408
72.27999999999889,8.311156770616819
72.29999999999889,16.104949479180323
72.31999999999888,9.382887304956856
72.33999999999888,26.970409888212494
72.35999999999888,11.764638228275672
72.37999999999889,11.075224425331864
72.39999999999888,12.062399668312107
72.41999999999888,24.151074585694406
72.43999999999889,32.909696137939676
72.45999999999889,25.687961529362195
72.47999999999888,21.967276731117543
72.49999999999888,16.740764589426778
72.51999999999887,18.333695063186457
72.53999999999888,23.396684325032666
72.55999999999888,22.712049574292536
72.57999999999888,24.457583696811824
72.59999999999889,19.929459714287212
72.61999999999888,9.67589672207484
72.63999999999888,1.4527889968786738
72.65999999999887,18.993981227662967
72.67999999999887,17.003245273323277
72.69999999999888,13.830814564545303
72.71999999999888,5.750673470553272
72.73999999999887,37.794657560338166
72.75999999999888,18.41629137779855
72.77999999999888,13.180657278467221
72.79999999999887,22.2465956447099
72.81999999999887,17.887502329771632
72.83999999999887,18.328669155817536
72.85999999999888,35.12516317373694
72.87999999999887,25.051511778079565
72.89999999999887,31.176565990299537
72.91999999999888,0.13518369880639725
72.93999999999888,16.747505695110608
72.95999999999887,29.176599230234647
72.97999999999887,17.023910926787572
72.99999999999886,28.44670650338019
73.01999999999887,28.925641085459077
73.03999999999887,20.08920077323054
73.05999999999887,17.981548856517698
73.07999999999888,23.506380640037953
73.09999999999887,28.53391551127131
73.11999999999887,15.649721143083777
73.13999999999886,27.167823282493938
73.15999999999886,23.81712599370404
73.17999999999887,20.09733218232541
73.19999999999887,19.15868027557671
73.21999999999886,35.056523198565756
73.23999999999887,20.638703742820887
73.25999999999887,16.09154967931739
73.27999999999886,32.5323088237356
73.29999999999886,26.36353038293033
73.31999999999886,12.834814145250185
73.33999999999887,27.849813492845698
73.35999999999886,19.69776035418863
73.37999999999886,10.297746487539467
73.39999999999887,22.456765293599744
73.41999999999886,21.103578395222048
73.43999999999886,23.107334532209833
73.45999999999886,13.046492269484904
73.47999999999885,13.416068489959178
73.49999999999886,23.980724019762278
73.51999999999886,19.009104266246627
73.53999999999886,5.247482573631244
73.55999999999887,10.152354433930048
73.57999999999886,11.079999932918064
73.59999999999886,18.674532721905667
73.61999999999885,21.230823017988325
73.63999999999885,30.00603727728526
73.65999999999886,31.17616343358918
73.67999999999886,25.589487598276143
73.69999999999885,23.826829670007623
73.71999999999886,25.563115007911954
73.73999999999886,28.361089314105968
73.75999999999885,27.096563595536406
73.77999999999885,28.758766225469078
73.79999999999885,16.118853760664912
73.81999999999886,34.06984069551732
73.83999999999885,38.698594229189496
73.85999999999885,20.16507946484122
73.87999999999886,22.581142005212495
73.89999999999885,21.549694410063097
73.91999999999885,14.183173608934961
73.93999999999885,10.340170016700462
73.95999999999884,26.961126313864074
73.97999999999885,18.096876793223398
73.99999999999885,26.98261076836605
74.01999999999884,15.82310586119494
74.03999999999886,21.457255808639367
74.05999999999885,29.428666120126664
74.07999999999885,27.278023925481996
74.09999999999884,27.821656532722166
74.11999999999884,14.423926601284911
74.13999999999885,26.718101567505904
74.15999999999885,23.961926459701335
74.17999999999884,4.792448098332722
74.19999999999885,25.23200076813592
74.21999999999885,15.248939458984422
74.23999999999884,11.300348912336968
74.25999999999884,18.869129119239762
74.27999999999884,20.725133341893528
74.29999999999885,28.3079725123384
74.31999999999884,22.64752635639484
74.33999999999884,15.61986624769078
74.35999999999885,19.33148337548329
74.37999999999884,26.298456060313598
74.39999999999884,28.034672709866534
74.41999999999884,25.072575928157054
74.43999999999883,17.462126904695523
74.45999999999884,33.58061630868683
74.47999999999884,20.84483813429832
74.49999999999883,18.824969426762046
74.51999999999884,26.486340218937148
74.53999999999884,14.566397771632285
74.55999999999884,15.728213516257364
74.57999999999883,9.441152325099184
74.59999999999883,17.346418970058533
74.61999999999884,17.88853422566176
74.63999999999884,18.19248975077259
74.65999999999883,18.005896021654795
74.67999999999884,34.55834621029421
74.69999999999884,28.87063561410563
74.71999999999883,13.314288521103926
74.73999999999883,16.29458627109885
74.75999999999883,10.825990604838937
74.77999999999884,21.9713371829001
74.79999999999883,25.03919342105547
74.81999999999883,17.949998739110367
74.83999999999884,26.690948004742037
74.85999999999883,31.865802358311278
74.87999999999883,26.202975435213496
74.89999999999883,27.586234182106352
74.91999999999882,21.3508208465136
74.93999999999883,13.839667027158923
74.95999999999883,23.440714000922952
74.97999999999882,31.66417425395153
74.99999999999883,15.56956978211288
75.01999999999883,30.709469169380274
75.03999999999883,6.864267713875691
75.05999999999882,10.026618525252898
75.07999999999882,28.507409352680185
75.09999999999883,12.21906054875935
75.11999999999883,11.430291616700742
75.13999999999882,24.849028646790217
75.15999999999883,12.731891570677945
75.17999999999883,8.574911281231532
75.19999999999882,17.52823629102344
75.21999999999882,23.033455511581998
75.23999999999882,2.5977181603513664
75.25999999999883,18.562843789015044
75.27999999999882,26.58713676345826
75.29999999999882,35.89694146545887
75.31999999999883,17.65493662361052
75.33999999999882,16.955021221728202
75.35999999999882,20.535220368252006
75.37999999999882,16.12092137649244
75.39999999999881,32.013323424932295
75.41999999999882,0.5946125075944941
75.43999999999882,19.86749322839998
75.45999999999881,16.005663333781722
75.47999999999882,11.638257837169991
75.49999999999882,24.82809209742598
75.51999999999882,16.38342709672174
75.53999999999881,15.952232663804082
75.55999999999881,23.368018622724016
75.57999999999882,11.448410432624387
75.59999999999881,13.916763120533851
75.61999999999881,20.33300594703515
75.63999999999882,19.75208549352107
75.65999999999882,22.52960921068874
75.67999999999881,20.040558678399798
75.69999999999881,19.43986230684552
75.7199999999988,30.1346751469992
75.73999999999882,18.729101327431444
75.75999999999881,41.487101911793374
75.77999999999881,36.23318079359302
75.79999999999882,34.89185474175601
75.81999999999881,16.259683359550753
75.83999999999881,30.5926932357444
75.8599999999988,18.67884718142029
75.8799999999988,10.75943173909506
75.89999999999881,21.66838303758756
75.91999999999881,14.767622087488132
75.9399999999988,13.07841475552008
75.95999999999881,23.037273697459916
75.97999999999881,29.53860045355639
75.9999999999988,19.91584620835975
76.0199999999988,26.191237147499304
76.0399999999988,12.148529490503824
76.05999999999881,17.158480357098465
76.0799999999988,36.57501950128769
76.0999999999988,16.176918023042095
76.11999999999881,38.062566961094994
76.1399999999988,19.510673836024885
76.1599999999988,22.528159678040957
76.1799999999988,0.0
76.1999999999988,21.644803161278887
76.2199999999988,21.054597123420745
76.2399999999988,35.49297674612051
76.2599999999988,18.45595287810395
76.27999999999881,21.26500821371481
76.2999999999988,21.11211637686111
76.3199999999988,23.859427930085772
76.3399999999988,31.086980057352022
76.35999999999879,14.818321142744313
76.3799999999988,28.55589880413337
76.3999999999988,17.02854616459522
76.4199999999988,39.15256167989348
76.4399999999988,25.263989146969372
76.4599999999988,15.842907366935531
76.4799999999988,15.303347552652518
76.49999999999879,34.12522549303983
76.51999999999879,25.897009654862952
76.5399999999988,33.6543284766591
76.5599999999988,22.93365920538023
76.57999999999879,14.01780043476348
76.5999999999988,14.13992135400903
76.6199999999988,23.1938095485797
76.63999999999879,23.12122024445744
76.65999999999879,20.796997263483817
76.67999999999878,25.337788126301994
76.6999999999988,6.143579482274619
76.71999999999879,20.556482024490474
76.73999999999879,7.518981648524942
76.7599999999988,24.19607366110647
76.7799999999988,15.00990337763372
76.79999999999879,29.691858743829854
76.81999999999879,5.146452363660638
76.83999999999878,14.655594258343239
76.85999999999879,7.993738779525129
76.87999999999879,24.26982472321164
76.89999999999878,32.281658363130646
76.9199999999988,29.310008291223884
76.93999999999879,35.82404705956219
76.95999999999879,8.90447362159202
76.97999999999878,30.52244374441021
76.99999999999878,12.971668536165023
77.01999999999879,24.042746049959113
77.03999999999878,29.79017799817335
77.05999999999878,32.567377012565714
77.07999999999879,17.168583178557167
77.09999999999879,22.33372196066918
77.11999999999878,14.883108369589387
77.13999999999878,11.21060580951939
77.15999999999877,13.991853083002548
77.17999999999878,19.173222643900466
77.19999999999878,24.394097414672054
77.21999999999878,19.36708268356733
77.23999999999879,22.49591989066987
77.25999999999878,18.408713752696737
77.27999999999878,19.151396805735832
77.29999999999878,21.242555603307657
77.31999999999877,23.623633931023527
77.33999999999878,11.151633277913671
77.35999999999878,23.6409687484231
77.37999999999877,28.231662530324876
77.39999999999878,14.788400454806915
77.41999999999878,12.94056571097732
77.43999999999878,6.408393539191373
77.45999999999877,6.46849470834195
77.47999999999877,14.745033879167526
77.49999999999878,22.701600387832915
77.51999999999877,29.118322969478182
77.53999999999877,18.67659839494739
77.55999999999878,6.006549527658217
77.57999999999878,21.065932758945248
77.59999999999877,27.18775586490635
77.61999999999877,29.046551340060013
77.63999999999876,19.31308504989985
77.65999999999877,18.8644641512909
77.67999999999877,24.84704488249545
77.69999999999877,39.920146274885994
77.71999999999878,18.331649519652757
77.73999999999877,11.94606154113864
77.75999999999877,16.48783509325071
77.77999999999876,16.78644058681201
77.79999999999876,23.43222554378448
77.81999999999877,30.548255671884377
77.83999999999877,24.45300696235886
77.85999999999876,22.44352449832797
77.87999999999877,27.337382671277464
77.89999999999877,23.401649071374923
77.91999999999877,27.04114772479035
77.93999999999876,23.85238268641181
77.95999999999876,17.811815236853498
77.97999999999877,27.401556073025453
77.99999999999876,11.69747513564198
78.01999999999876,24.434261482118178
78.03999999999877,7.446913294416182
78.05999999999877,31.814750024671657
78.07999999999876,13.21543092634818
78.09999999999876,6.027014799541066
78.11999999999875,2.6801250228979754
78.13999999999876,0.0
78.15999999999876,14.5347618446427
78.17999999999876,22.435153814820758
78.19999999999877,18.71766070116048
78.21999999999876,25.152911633283363
78.23999999999876,16.631348698562554
78.25999999999875,29.182760708813582
78.27999999999875,18.49105945267246
78.29999999999876,30.393242270769264
78.31999999999876,24.855948869652753
78.33999999999875,17.692845283161102
78.35999999999876,34.54246931345317
78.37999999999876,31.066201238333395
78.39999999999876,20.98930559329081
78.41999999999875,26.13858043447754
78.43999999999875,12.341139379556427
78.45999999999876,18.44257282586587
78.47999999999875,31.01385964664438
78.49999999999875,28.391700218517727
78.51999999999876,18.005918812819605
78.53999999999876,3.0393238271498646
78.55999999999875,28.2865791731745
78.57999999999875,19.27300976063441
78.59999999999874,19.772230885455347
78.61999999999875,3.4247746192665076
78.63999999999875,27.937270856576404
78.65999999999875,24.17848545055948
78.67999999999876,9.42706134876489
78.69999999999875,5.887897852217682
78.71999999999875,7.510238683048387
78.73999999999874,3.276220137717587
78.75999999999874,23.92450299040772
78.77999999999875,24.014167366762578
78.79999999999875,24.188686756120074
78.81999999999874,25.740005160419194
78.83999999999875,30.993954330805646
78.85999999999875,11.944018790176116
78.87999999999874,17.6142769274985
78.89999999999874,25.213410669088248
78.91999999999874,16.512830477248503
78.93999999999875,1.0958555334012416
78.95999999999874,34.46710508094745
78.97999999999874,29.003592221170038
78.99999999999875,18.808242822428472
79.01999999999875,26.047688042164047
79.03999999999874,16.739707094006526
79.05999999999874,10.755295721814354
79.07999999999873,17.61640126893268
79.09999999999874,16.766017482986953
79.11999999999874,1.0797295592443845
79.13999999999874,13.825318782926274
79.15999999999875,12.587955026026153
79.17999999999874,24.81501050287544
79.19999999999874,7.743455005303211
79.21999999999873,19.862788964031086
79.23999999999873,21.158886132368693
79.25999999999874,23.730655094543476
79.27999999999874,26.874831788536465
79.29999999999873,21.728017871807847
79.31999999999874,28.02968614990847
79.33999999999874,22.067944163463707
79.35999999999873,9.688080830031973
79.37999999999873,17.124521351817705
79.39999999999873,11.792838854018203
79.41999999999874,12.9166216629148
79.43999999999873,15.3406594385871
79.45999999999873,24.094445182491313
79.47999999999874,14.651127111886804
79.49999999999874,27.17279064110555
79.51999999999873,20.076345674371655
79.53999999999873,14.775299353144794
79.55999999999872,24.183664176599677
79.57999999999873,32.653439210577915
79.59999999999873,30.753875689356803
79.61999999999873,26.68234942348436
79.63999999999874,20.528745990334933
79.65999999999873,38.380367494916285
79.67999999999873,18.527275915438427
79.69999999999872,28.881359138349733
79.71999999999872,15.273032181937655
79.73999999999873,16.405902710756138
79.75999999999873,11.237541439559074
79.77999999999872,23.8533970228121
79.79999999999873,16.480677354763614
79.81999999999873,21.51770719215795
79.83999999999872,19.44329087108389
79.85999999999872,18.340039706404568
79.87999999999872,19.241011869668153
79.89999999999873,19.00340072371346
79.91999999999872,32.36294047286978
79.93999999999872,30.4295942791656
79.95999999999873,21.671307855935694
79.97999999999873,33.14879486342109
79.99999999999872,19.212013751608822
80.01999999999872,17.111918635809282
80.03999999999871,20.584466883884243
80.05999999999872,17.28100854959596
80.07999999999872,25.842611917409645
80.09999999999872,15.487786590448948
80.11999999999873,14.806795394617609
80.13999999999872,11.31071261965285
80.15999999999872,24.526053030260357
80.17999999999871,25.351255358286963
80.19999999999871,18.830763570778995
80.21999999999872,12.696441685137385
80.23999999999872,37.43481399949371
80.25999999999871,16.56226316399608
80.27999999999872,17.471408373185017
80.29999999999872,29.45948199536336
80.31999999999871,19.739187193304833
80.33999999999871,20.36980603488573
80.3599999999987,24.39034273618349
80.37999999999872,17.255184287306143
80.39999999999871,3.690683991650193
80.41999999999871,11.457522659070033
80.43999999999872,22.51261127868012
80.45999999999871,18.154557804077648
80.47999999999871,3.831476555129413
80.4999999999987,15.299966721387829
80.5199999999987,28.72153061767254
80.53999999999871,19.24114580781012
80.55999999999871,4.5997654907529295
80.5799999999987,24.321293898827932
80.59999999999872,24.89273125913552
80.61999999999871,16.61645229487347
80.63999999999871,14.987749692156568
80.6599999999987,22.061083006746394
80.6799999999987,26.39225510845135
80.69999999999871,8.018866920166628
80.7199999999987,22.158477535974193
80.7399999999987,32.35113593232541
80.75999999999871,24.04159981597285
80.77999999999871,17.978386165139295
80.7999999999987,16.77947553240375
80.8199999999987,21.887868830892042
80.8399999999987,16.386168852420564
80.8599999999987,9.725325686827007
80.8799999999987,23.88856065075555
80.8999999999987,0.7276557757432691
80.91999999999871,27.710909044367618
80.9399999999987,14.095201625920447
80.9599999999987,23.50508250342672
80.9799999999987,10.916288018640659
80.99999999999869,34.5151005800761
81.0199999999987,11.900697168911428
81.0399999999987,6.303415931537275
81.0599999999987,28.026100783515098
81.0799999999987,27.67929865963527
81.0999999999987,26.61842973402676
81.1199999999987,16.911626895576102
81.1399999999987,33.13706343032631
81.15999999999869,6.354325238227661
81.1799999999987,12.223034682979467
81.1999999999987,21.42229541975306
81.21999999999869,7.6993140479876505
81.2399999999987,27.05008023765924
81.2599999999987,18.88044038186827
81.2799999999987,8.419634307235105
81.29999999999869,3.843851536472929
81.31999999999869,16.663473127709107
81.3399999999987,16.798347955742468
81.35999999999869,24.87653783816982
81.37999999999869,7.364939799018833
81.3999999999987,18.79600660728413
81.4199999999987,15.372457024548915
81.43999999999869,14.893022766359168
81.45999999999869,33.92643022750879
81.47999999999868,25.54693276588605
81.49999999999869,12.703696106526365
81.51999999999869,36.19684451429004
81.53999999999868,33.09954371670054
81.5599999999987,9.149596372001819
81.57999999999869,23.906420916815918
81.59999999999869,31.813331671404615
81.61999999999868,6.519651139562443
81.63999999999868,6.296688926923551
81.65999999999869,19.923102010896578
81.67999999999869,23.26335764370262
81.69999999999868,11.046625781114374
81.71999999999869,15.701789086256547
81.73999999999869,9.650594550952178
81.75999999999868,17.99008910563478
81.77999999999868,4.203162883173487
81.79999999999868,25.085114205946248
81.81999999999869,23.858119737021568
81.83999999999868,24.44286968638682
81.85999999999868,18.37543510125972
81.87999999999869,27.92937272290525
81.89999999999868,29.379453726666217
81.91999999999868,25.429626888712395
81.93999999999868,28.39694114893745
81.95999999999867,17.286684971223533
81.97999999999868,34.488920610035734
81.99999999999868,18.104454392759557
82.01999999999867,19.149366711530156
82.03999999999868,26.66784955304321
82.05999999999868,34.62770066448305
82.07999999999868,29.07907043123784
82.09999999999867,21.687353644745986
82.11999999999867,11.932396046753881
82.13999999999868,13.817294119928322
82.15999999999867,26.613592248481815
82.17999999999867,24.962672275134242
82.19999999999868,48.32441229250756
82.21999999999868,37.98783102409803
82.23999999999867,34.059185202556186
82.25999999999867,61.135843461613504
82.27999999999867,52.85363822133516
82.29999999999868,79.36128373330358
82.31999999999867,84.59581747719086
82.33999999999867,112.9284802668976
82.35999999999868,119.838061301513
82.37999999999867,150.4813624602193
82.39999999999867,165.3519725002243
82.41999999999867,202.22097400893878
82.43999999999866,217.497750865859
82.45999999999867,253.5832640145283
82.47999999999867,248.04878344964646
82.49999999999866,270.7804715338794
82.51999999999867,281.6665398465378
82.53999999999867,281.61757235670194
82.55999999999867,277.6869116124994
82.57999999999866,268.9708950558294
82.59999999999866,258.9205745503835
82.61999999999867,221.6572533240185
82.63999999999866,217.49598926189597
82.65999999999866,187.2186007057466
82.67999999999867,165.32410514050255
82.69999999999867,133.34482577889096
82.71999999999866,124.39019393050467
82.73999999999866,106.11618121134741
82.75999999999866,72.55032846464772
82.77999999999867,72.23691244223218
82.79999999999866,52.6713452176904
82.81999999999866,45.419625810956475
82.83999999999867,48.23438390893179
82.85999999999866,23.42224910750228
82.87999999999866,50.60278944768108
82.89999999999866,30.22203330871111
82.91999999999865,20.237617567333704
82.93999999999866,18.65213118440363
82.95999999999866,23.127885889343215
82.97999999999865,31.59236619705531
82.99999999999866,19.125364722132772
83.01999999999866,10.574812261861391
83.03999999999866,28.76271451569515
83.05999999999865,19.821291185944435
83.07999999999865,16.25454736528348
83.09999999999866,13.075800047664504
83.11999999999865,15.16455109868556
83.13999999999865,2.628875281204518
83.15999999999866,17.40451203715757
83.17999999999866,6.963249972897012
83.19999999999865,10.559431899071855
83.21999999999865,19.441525719635557
83.23999999999864,15.661105923358058
83.25999999999866,25.284119053385954
83.27999999999865,14.897416576531523
83.29999999999865,2.0018758412492517
83.31999999999866,21.9119294113809
83.33999999999865,9.674668801231496
83.35999999999865,7.24482915546454
83.37999999999865,38.53311874690464
83.39999999999864,31.32444965264558
83.41999999999865,27.944901056644
83.43999999999865,23.904906875507493
83.45999999999864,15.635051361928722
83.47999999999865,21.459164228442653
83.49999999999865,26.140968640335053
83.51999999999865,11.65588458791693
83.53999999999864,24.181144091332133
83.55999999999864,20.942499678642296
83.57999999999865,11.5214850267953
83.59999999999864,21.435630966121238
83.61999999999864,31.781272313656096
83.63999999999865,20.394231454023295
83.65999999999865,29.424264979059437
83.67999999999864,19.888187128345365
83.69999999999864,13.735674756342512
83.71999999999863,28.66568747560197
83.73999999999864,7.541400870751559
83.75999999999864,22.801456518234502
83.77999999999864,22.731129385960788
83.79999999999865,21.51767380709135
83.81999999999864,17.794037549156172
83.83999999999864,32.73353811012373
83.85999999999864,24.250241996905217
83.87999999999863,14.837889726507184
83.89999999999864,18.544957364148797
83.91999999999864,21.68747085505877
83.93999999999863,26.94087522349708
83.95999999999864,5.687254923504904
83.97999999999864,26.180718393795797
83.99999999999864,15.749604703301927
84.01999999999863,22.960247970038658
84.03999999999863,23.912058964626127
84.05999999999864,24.297681045122836
84.07999999999863,19.625414537275123
84.09999999999863,11.57236020434315
84.11999999999864,26.715203674523828
84.13999999999864,26.26447600868794
84.15999999999863,36.76130531439313
84.17999999999863,23.91819581699928
84.19999999999862,28.55171733599714
84.21999999999863,15.87757351120462
84.23999999999863,26.623468645070933
84.25999999999863,25.48894153749332
84.27999999999864,14.493070155516586
84.29999999999863,24.4674029402338
84.31999999999863,2.788727559915799
84.33999999999862,20.36306808667046
84.35999999999862,28.60627134740161
84.37999999999863,11.150546456261221
84.39999999999863,40.1550436617025
84.41999999999862,21.85210478780214
84.43999999999863,25.653528783442017
84.45999999999863,21.350333383736913
84.47999999999863,26.475854453050175
84.49999999999862,16.14162423747789
84.51999999999862,11.880268280399708
84.53999999999863,22.20450868131824
84.55999999999862,32.40838855902375
84.57999999999862,3.4533032540190334
84.59999999999863,27.681424486304696
84.61999999999863,16.645470097793662
84.63999999999862,7.268477869277577
84.65999999999862,26.446031128685647
84.67999999999861,22.43782933377247
84.69999999999862,20.53352006412732
84.71999999999862,10.75715358113927
84.73999999999862,28.54331891123656
84.75999999999863,10.068214338717109
84.77999999999862,15.712437926573307
84.79999999999862,22.748029465123853
84.81999999999861,20.727302301490294
84.83999999999861,15.558940324427235
84.85999999999862,11.452762733640402
84.87999999999862,24.26987404372359
84.89999999999861,5.996364182366763
84.91999999999862,28.229475961623507
84.93999999999862,20.728024806402438
84.95999999999862,20.687773274329835
84.97999999999861,14.64678933528981
84.99999999999861,11.899481895953151
85.01999999999862,18.05978789632472
85.03999999999861,14.667109675500894
85.05999999999861,14.23184467528289
85.07999999999862,22.480936704169817
85.09999999999862,34.879293955186654
85.11999999999861,17.449398062697476
85.13999999999861,18.260000039011025
85.1599999999986,24.531658684164583
85.17999999999861,3.800821141078025
85.19999999999861,21.247131252192034
85.2199999999986,20.37979155532485
85.23999999999862,21.647280746759222
85.25999999999861,35.563323460637775
85.27999999999861,21.791698073588343
85.2999999999986,23.761114807751444
85.3199999999986,31.580534044850836
85.33999999999861,27.326173013110328
85.3599999999986,6.466261855800024
85.3799999999986,18.799032513328136
85.39999999999861,7.1785056856587826
85.41999999999861,28.336588988209364
85.4399999999986,3.459025324427568
85.4599999999986,21.233444388214995
85.4799999999986,26.26737421842026
85.49999999999861,30.98130533060335
85.5199999999986,14.633794620575745
85.5399999999986,13.374483273153775
85.55999999999861,28.380676293207415
85.5799999999986,23.00893133108712
85.5999999999986,22.341103869135136
85.6199999999986,0.0
85.6399999999986,27.515459460301752
85.6599999999986,26.06112345303585
85.6799999999986,26.64808018937324
85.6999999999986,9.791682804739631
85.7199999999986,18.027096697886744
85.7399999999986,23.214581460621
85.7599999999986,8.560073015742843
85.7799999999986,11.79853903968891
85.79999999999859,19.13996015683002
85.8199999999986,23.249170045623718
85.8399999999986,29.504634290453843
85.85999999999859,24.465579485584737
85.8799999999986,10.043335235348238
85.8999999999986,25.699912243206988
85.9199999999986,22.770064183958482
85.93999999999859,29.622934865083074
85.95999999999859,19.051777279047286
85.9799999999986,17.03429405130189
85.9999999999986,19.930028804950627
86.01999999999859,18.098327412589555
86.0399999999986,17.06718923293372
86.0599999999986,18.54692689197268
86.07999999999859,2.41217960474723
86.09999999999859,12.002885647369599
86.11999999999858,36.82310262186992
86.1399999999986,15.435460703765552
86.15999999999859,24.78875836161005
86.17999999999859,19.71362262122045
86.1999999999986,13.68782504635382
86.21999999999859,0.6589372535538338
86.23999999999859,28.307580878832475
86.25999999999858,14.081529099277317
86.27999999999858,19.38287519448966
86.29999999999859,0.6805708526088488
86.31999999999859,9.979422084326877
86.33999999999858,23.125094161280302
86.35999999999859,10.33822784140644
86.37999999999859,32.342361418927396
86.39999999999858,4.331715240483641
86.41999999999858,22.166796406908148
86.43999999999858,32.32084430841844
86.45999999999859,24.33553063673802
86.47999999999858,22.37831860116354
86.49999999999858,17.28056705576596
86.51999999999859,12.715776678646748
86.53999999999859,22.17861765389862
86.55999999999858,17.326212091329648
86.57999999999858,33.20743293258232
86.59999999999857,18.22980842966071
86.61999999999858,10.940604411954304
86.63999999999858,30.61028774519734
86.65999999999858,25.242314200547963
86.67999999999859,27.07052646859451
86.69999999999858,32.60156593365156
86.71999999999858,14.978136716909408
86.73999999999857,13.542168945895515
86.75999999999857,33.54031067946633
86.77999999999858,42.04065206623949
86.79999999999858,25.056704937284156
86.81999999999857,21.748077949910034
86.83999999999858,24.520898918051643
86.85999999999858,17.23969862722695
86.87999999999857,11.463118306841594
86.89999999999857,16.94596903517882
86.91999999999857,10.073561882515698
86.93999999999858,19.12145825367061
86.95999999999857,34.08029260388996
86.97999999999857,32.796622356612154
86.99999999999858,29.200701993532327
87.01999999999857,25.194548513968083
87.03999999999857,0.0
87.05999999999857,14.99046766750214
87.07999999999856,16.540914087030725
87.09999999999857,35.837959727057125
87.11999999999857,14.949174393351537
87.13999999999857,17.122201189899208
87.15999999999858,14.544569659306875
87.17999999999857,8.771172063177055
87.19999999999857,18.29447312449962
87.21999999999856,12.361310546218533
87.23999999999856,37.52263775437156
87.25999999999857,11.274471392093618
87.27999999999857,26.874410685423317
87.29999999999856,23.95606215224661
87.31999999999857,25.776954198110534
87.33999999999857,28.635325660811837
87.35999999999856,21.24770408437924
87.37999999999856,9.052968467123367
87.39999999999856,13.313575310030384
87.41999999999857,25.99648006264863
87.43999999999856,22.45315744810433
87.45999999999856,12.737636981854877
87.47999999999857,14.70446531810104
87.49999999999856,16.36144208385171
87.51999999999856,29.240201126592844
87.53999999999856,30.51580367616771
87.55999999999855,23.076073096560652
87.57999999999856,15.974777709570317
87.59999999999856,21.682069754199286
87.61999999999856,20.08298104634788
87.63999999999857,17.493598207387528
87.65999999999856,25.794362526029857
87.67999999999856,24.951410422085566
87.69999999999855,14.289581790719595
87.71999999999855,20.97817459625568
87.73999999999856,13.524004956761942
87.75999999999856,22.372554048773328
87.77999999999855,25.604021799421222
87.79999999999856,15.48095251607781
87.81999999999856,29.372596271404674
87.83999999999855,16.80589778107631
87.85999999999855,20.915530071567762
87.87999999999855,21.048326548124848
87.89999999999856,16.94564646668155
87.91999999999855,25.77909082184159
87.93999999999855,19.51917211950026
87.95999999999856,8.212715789170732
87.97999999999855,23.587649408781015
87.99999999999855,15.71347963003911
88.01999999999855,26.2215987665858
88.03999999999854,28.83211149071516
88.05999999999855,15.402906535464416
88.07999999999855,16.88280177673629
88.09999999999854,11.531008825341102
88.11999999999856,31.347155170784397
88.13999999999855,15.552011656109908
88.15999999999855,15.008890146632542
88.17999999999854,22.210915691224383
88.19999999999854,9.058458024102087
88.21999999999855,17.713254443019526
88.23999999999855,19.233397347220052
88.25999999999854,23.809846310598374
88.27999999999855,31.902080339379346
88.29999999999855,24.577925969863813
88.31999999999854,20.528808591160125
88.33999999999854,34.849652766922915
88.35999999999854,22.506684844303024
88.37999999999855,30.91912307041818
88.39999999999854,17.33453767527713
88.41999999999854,14.801757111157793
88.43999999999855,13.387382422138717
88.45999999999854,35.41470233564748
88.47999999999854,13.926364119805978
88.49999999999854,10.682332103074518
88.51999999999853,26.491133494050786
88.53999999999854,2.151062933725118
88.55999999999854,28.573232974704208
88.57999999999853,18.19646972691345
88.59999999999854,32.952585125699756
88.61999999999854,27.033197822867134
88.63999999999854,19.450537592655163
88.65999999999853,15.540256520070903
88.67999999999853,23.936091989757422
88.69999999999854,12.744096514465252
88.71999999999854,19.25644225283936
88.73999999999853,24.235906769895944
88.75999999999854,18.16092214018945
88.77999999999854,37.9225064873163
88.79999999999853,25.07144040693882
88.81999999999853,29.92147921130345
88.83999999999853,28.935732786302548
88.85999999999854,21.57582762739654
88.87999999999853,30.392480847088365
88.89999999999853,21.332661186485637
88.91999999999854,24.579331810374008
88.93999999999853,26.534834336868474
88.95999999999853,21.535692211631133
88.97999999999853,24.44189818575684
88.99999999999852,18.892473855847232
89.01999999999853,22.466503160280965
89.03999999999853,31.696156457913276
89.05999999999852,9.862548655531935
89.07999999999853,9.719172293062146
89.09999999999853,6.309891785106295
89.11999999999853,14.727570245296425
89.13999999999852,24.808400849167533
89.15999999999852,8.332875669934964
89.17999999999853,24.15167051036092
89.19999999999852,13.78414919096439
89.21999999999852,30.207315335011344
89.23999999999853,32.94416771992045
89.25999999999853,4.977430525361383
89.27999999999852,20.766136135952813
89.29999999999852,40.012599337336255
89.31999999999852,12.544303143048836
89.33999999999853,22.24933013607498
89.35999999999852,31.628475059397417
89.37999999999852,28.509591986181643
89.39999999999853,30.113513343940028
89.41999999999852,15.782398678752976
89.43999999999852,12.55763332996234
89.45999999999852,18.17533327429033
89.47999999999851,22.88769924445431
89.49999999999852,9.453654124468379
89.51999999999852,27.31674919386502
89.53999999999851,29.259814949246504
89.55999999999852,7.499588870281713
89.57999999999852,11.867019236772007
89.59999999999852,25.7177827139741
89.61999999999851,25.74487090733878
89.63999999999851,20.67443072164033
89.65999999999852,22.56841414952793
89.67999999999851,22.251115632894912
89.69999999999851,17.930905514691823
89.71999999999852,12.733930538652647
89.73999999999852,20.653296356782036
89.75999999999851,20.881054923563667
89.77999999999851,19.962378687578262
89.7999999999985,29.14198646561468
89.81999999999852,17.960673828426508
89.83999999999851,30.997916666479654
89.85999999999851,19.24598266898706
89.87999999999852,26.10880691984428
89.89999999999851,20.52725882032741
89.91999999999851,5.231615752775703
89.9399999999985,20.95042868212429
89.9599999999985,10.741674262827441
89.97999999999851,22.889052841286606
89.99999999999851,18.710005648558855
