two_theta_deg,intensity
20.0,21.441273666578702
20.02,12.612977221084272
20.04,24.247147689516517
20.06,12.745319297652369
20.08,10.089487092711213
20.099999999999998,20.421034394649965
20.119999999999997,9.02868850235615
20.139999999999997,13.781405927300417
20.159999999999997,23.74263036130675
20.179999999999996,24.901743679430872
20.199999999999996,26.33088913224137
20.219999999999995,25.729220494017984
20.239999999999995,19.95447747953463
20.259999999999994,9.554547304664554
20.279999999999994,24.313684759331085
20.299999999999994,12.325490411174647
20.319999999999993,16.471969355011844
20.339999999999993,14.484547581987428
20.359999999999992,25.936974001254143
20.379999999999992,25.043122633817582
20.39999999999999,12.935213374374413
20.41999999999999,32.8241631990916
20.43999999999999,29.10864794860967
20.45999999999999,23.511900791790506
20.47999999999999,18.531793941358476
20.49999999999999,8.79124501487507
20.51999999999999,24.745018051292547
20.53999999999999,7.215307010646006
20.559999999999988,23.935307029578084
20.579999999999988,17.729557246860843
20.599999999999987,26.923991899886428
20.619999999999987,35.30665233233444
20.639999999999986,29.870136060111555
20.659999999999986,20.758888969815846
20.679999999999986,23.97180365353917
20.699999999999985,23.208397804397265
20.719999999999985,22.73239937127403
20.739999999999984,26.418030750730445
20.759999999999984,20.1905734416115
20.779999999999983,22.7239373047401
20.799999999999983,24.52562396426144
20.819999999999983,21.43843070092162
20.839999999999982,23.69167640385806
20.85999999999998,13.274862654841067
20.87999999999998,39.653263768456824
20.89999999999998,24.114105455498347
20.91999999999998,12.234907254125975
20.93999999999998,28.965268373143626
20.95999999999998,13.250266731669136
20.97999999999998,26.988075845632274
20.99999999999998,12.254421029943181
21.01999999999998,10.269845192990326
21.039999999999978,23.679730935877856
21.059999999999977,16.7672115725358
21.079999999999977,22.504079056881153
21.099999999999977,30.221749491340326
21.119999999999976,25.28333821160394
21.139999999999976,12.491644257435226
21.159999999999975,23.925241167812242
21.179999999999975,22.184556494071792
21.199999999999974,18.655368939046244
21.219999999999974,31.464944403060304
21.239999999999974,20.34033138135544
21.259999999999973,8.85860418977538
21.279999999999973,14.505779141202382
21.299999999999972,13.324300545739444
21.319999999999972,24.216329988336017
21.33999999999997,12.408852498578277
21.35999999999997,27.161859315969053
21.37999999999997,16.31463841812134
21.39999999999997,22.94241369218221
21.41999999999997,22.325432025366922
21.43999999999997,12.705567116382703
21.45999999999997,14.871905721486058
21.47999999999997,14.231974860727739
21.499999999999968,18.246953624200447
21.519999999999968,16.142819807873664
21.539999999999967,26.904455288217722
21.559999999999967,23.53399132571339
21.579999999999966,29.7614113829229
21.599999999999966,20.457786774044465
21.619999999999965,26.971489629297288
21.639999999999965,25.013953200285993
21.659999999999965,19.000149931837367
21.679999999999964,6.415571321366576
21.699999999999964,8.76139500988271
21.719999999999963,25.256189395350777
21.739999999999963,30.36229310270049
21.759999999999962,10.500237932910881
21.779999999999962,34.70343774333821
21.79999999999996,26.079461809584014
21.81999999999996,30.423304900561085
21.83999999999996,25.28795954594119
21.85999999999996,32.8549192328461
21.87999999999996,6.246865061563552
21.89999999999996,14.38094022254796
21.91999999999996,18.661417406034843
21.93999999999996,22.260436548026366
21.959999999999958,19.226415913848555
21.979999999999958,10.718904493842274
21.999999999999957,12.654306518819542
22.019999999999957,35.0762252081402
22.039999999999957,17.819339089712148
22.059999999999956,12.82736423365802
22.079999999999956,24.133237714527215
22.099999999999955,29.09148901184392
22.119999999999955,19.857735892402214
22.139999999999954,26.013656029752173
22.159999999999954,22.63766032227494
22.179999999999954,6.030239424288919
22.199999999999953,7.742642638795614
22.219999999999953,21.132148851394927
22.239999999999952,19.290613791872126
22.259999999999952,21.63198646656382
22.27999999999995,17.048450412867076
22.29999999999995,26.327684113716764
22.31999999999995,30.850790097640207
22.33999999999995,20.630128503119696
22.35999999999995,9.862244867940051
22.37999999999995,22.811008679463395
22.39999999999995,26.046134852042954
22.41999999999995,13.673550648856237
22.439999999999948,15.437526637002637
22.459999999999948,5.5566201915617235
22.479999999999947,23.006102890837393
22.499999999999947,10.810423672091721
22.519999999999946,22.712453446686535
22.539999999999946,19.00134222839488
22.559999999999945,8.332974107818485
22.579999999999945,15.60845449619946
22.599999999999945,15.84324120602435
22.619999999999944,20.419635594832368
22.639999999999944,29.254066330350128
22.659999999999943,7.108476632113751
22.679999999999943,16.092977213795113
22.699999999999942,15.720079219116176
22.719999999999942,24.234709464310193
22.73999999999994,14.778004432549707
22.75999999999994,18.803567035941846
22.77999999999994,31.26765576037371
22.79999999999994,15.732687325318938
22.81999999999994,12.93035817304018
22.83999999999994,7.713281951141761
22.85999999999994,15.38119197086478
22.87999999999994,20.607379509344728
22.899999999999938,28.414379110623173
22.919999999999938,29.33063687111413
22.939999999999937,21.908815940537643
22.959999999999937,36.247376429872844
22.979999999999936,11.621397884865203
22.999999999999936,19.73583144770134
23.019999999999936,5.357842079852352
23.039999999999935,26.834272833825718
23.059999999999935,24.24891434021958
23.079999999999934,12.49751724001898
23.099999999999934,9.345498587138074
23.119999999999933,25.712096025036093
23.139999999999933,31.3139608708983
23.159999999999933,10.174337885901647
23.179999999999932,21.69601370354054
23.199999999999932,25.293084816884633
23.21999999999993,16.81595990521343
23.23999999999993,18.77572732274252
23.25999999999993,22.78325949454053
23.27999999999993,16.58092833203285
23.29999999999993,25.722146044601974
23.31999999999993,30.66713780261226
23.33999999999993,11.123332021812441
23.35999999999993,0.04096673306659682
23.379999999999928,28.066295378429224
23.399999999999928,23.786296021217005
23.419999999999927,36.12509738663013
23.439999999999927,22.050093161949167
23.459999999999926,38.50990705193625
23.479999999999926,28.145166028768315
23.499999999999925,15.80786257909987
23.519999999999925,30.81333056858818
23.539999999999925,11.625557149932941
23.559999999999924,13.613266570235439
23.579999999999924,31.0604715627284
23.599999999999923,13.088562753026064
23.619999999999923,20.99137511210578
23.639999999999922,33.774831944843164
23.659999999999922,28.836172455186272
23.67999999999992,30.464984319526543
23.69999999999992,15.11600899370255
23.71999999999992,32.243763543954095
23.73999999999992,11.36715835654438
23.75999999999992,25.674359608837477
23.77999999999992,16.413972978877545
23.79999999999992,17.4217316476732
23.81999999999992,11.52376972193815
23.839999999999918,21.70467439562138
23.859999999999918,11.357771204227513
23.879999999999917,17.65486375712338
23.899999999999917,19.590121628452597
23.919999999999916,20.966010421652324
23.939999999999916,8.812239519647122
23.959999999999916,25.558709396832143
23.979999999999915,26.579910070304642
23.999999999999915,13.528467632464174
24.019999999999914,25.874473845074526
24.039999999999914,19.89024270848349
24.059999999999913,19.67041439813394
24.079999999999913,31.513850102938488
24.099999999999913,27.60258643474825
24.119999999999912,17.915003974165042
24.13999999999991,16.58613627202158
24.15999999999991,26.825395628370813
24.17999999999991,14.47303677853992
24.19999999999991,20.00384330113712
24.21999999999991,22.123307516485298
24.23999999999991,13.083262427209224
24.25999999999991,19.46279487780959
24.27999999999991,0.6047403161327409
24.29999999999991,11.478828509326112
24.319999999999908,2.924333923116695
24.339999999999907,19.404624273375152
24.359999999999907,30.22245138144363
24.379999999999907,28.166297194326255
24.399999999999906,20.0907798766681
24.419999999999906,12.687403565450289
24.439999999999905,13.877966881743198
24.459999999999905,19.43706571738759
24.479999999999905,21.411147206700555
24.499999999999904,13.221751072087944
24.519999999999904,11.088096647997606
24.539999999999903,6.449050981389533
24.559999999999903,23.196881724257487
24.579999999999902,32.090083233229464
24.599999999999902,42.259311331969414
24.6199999999999,33.1022346933729
24.6399999999999,9.494763032030496
24.6599999999999,16.796653882880232
24.6799999999999,22.68319843480332
24.6999999999999,23.225916525215105
24.7199999999999,16.754720988359505
24.7399999999999,19.66323644807311
24.7599999999999,22.939878507452345
24.779999999999898,25.17820846708552
24.799999999999898,33.930212565161625
24.819999999999897,10.414849523314677
24.839999999999897,9.472643023649743
24.859999999999896,24.208597456204735
24.879999999999896,24.314524179250704
24.899999999999896,27.51493134263219
24.919999999999895,9.037211134009157
24.939999999999895,4.528768327152667
24.959999999999894,13.87484084790416
24.979999999999894,21.97694009062049
24.999999999999893,2.8850499758893235
25.019999999999893,22.247547284884813
25.039999999999893,39.83349222149956
25.059999999999892,10.428871679564095
25.07999999999989,27.924708371633375
25.09999999999989,27.007907471337923
25.11999999999989,19.45652282650407
25.13999999999989,24.549209559646666
25.15999999999989,18.909963105741873
25.17999999999989,17.869446936071625
25.19999999999989,5.514485068898164
25.21999999999989,24.31610432969816
25.23999999999989,26.991119298410602
25.259999999999888,20.651779183866346
25.279999999999887,15.730330325368001
25.299999999999887,34.76004794975606
25.319999999999887,15.440792303373103
25.339999999999886,29.710980144890485
25.359999999999886,16.10585899845131
25.379999999999885,18.41597334544329
25.399999999999885,25.58526194640379
25.419999999999884,24.09622719273462
25.439999999999884,16.036755145321127
25.459999999999884,12.09285958454663
25.479999999999883,22.495773100257885
25.499999999999883,18.863379196639766
25.519999999999882,19.152529282585338
25.539999999999882,23.33611021025329
25.55999999999988,12.897017913435079
25.57999999999988,13.336497957376377
25.59999999999988,28.259941045845302
25.61999999999988,0.0
25.63999999999988,31.26864380770491
25.65999999999988,27.308754409842972
25.67999999999988,33.0915952853708
25.69999999999988,31.37140109023275
25.719999999999878,8.736740451752357
25.739999999999878,22.548371950871726
25.759999999999877,17.979476242875137
25.779999999999877,17.696231695485167
25.799999999999876,16.452196882657272
25.819999999999876,26.945015569169463
25.839999999999876,14.654111859313819
25.859999999999875,20.695864277256263
25.879999999999875,33.73097789611073
25.899999999999874,7.316946748425764
25.919999999999874,10.367342428967238
25.939999999999873,22.13966130036522
25.959999999999873,22.75223079124227
25.979999999999873,19.673885536030372
25.999999999999872,31.317046871979983
26.01999999999987,15.21203242432621
26.03999999999987,10.819797647177895
26.05999999999987,12.70692560648392
26.07999999999987,32.169282889641465
26.09999999999987,6.70390303924375
26.11999999999987,37.208602985764244
26.13999999999987,35.63876663374063
26.15999999999987,14.69457880499353
26.17999999999987,10.825515914145045
26.199999999999868,37.020297862979454
26.219999999999867,10.436336611299254
26.239999999999867,34.12511828555601
26.259999999999867,17.610659362394884
26.279999999999866,21.336840838596075
26.299999999999866,13.390502119223196
26.319999999999865,22.12204833229731
26.339999999999865,29.76267355415515
26.359999999999864,27.038467300160562
26.379999999999864,26.522456400420285
26.399999999999864,32.02813689101942
26.419999999999863,12.234035124163555
26.439999999999863,9.282481033440716
26.459999999999862,38.208270372476264
26.479999999999862,24.362852414907994
26.49999999999986,27.78540561962862
26.51999999999986,7.823782574743836
26.53999999999986,21.62931320153491
26.55999999999986,14.327390637179867
26.57999999999986,15.198276770510457
26.59999999999986,18.244960681694952
26.61999999999986,12.219596782680934
26.63999999999986,21.70999961186918
26.659999999999858,23.752038990465326
26.679999999999858,18.40861506002487
26.699999999999857,23.100320699175334
26.719999999999857,7.78803246515883
26.739999999999856,12.343918603372309
26.759999999999856,31.766936822639725
26.779999999999855,26.399969915769255
26.799999999999855,14.61309769695022
26.819999999999855,14.805388683954543
26.839999999999854,26.026557496969456
26.859999999999854,31.842813414550342
26.879999999999853,0.6706731771869237
26.899999999999853,24.449270533712706
26.919999999999852,29.712326502053436
26.939999999999852,2.3758630361913973
26.95999999999985,22.783237798257474
26.97999999999985,24.953575050205682
26.99999999999985,12.354220049991063
27.01999999999985,24.66106146548286
27.03999999999985,25.999558251282856
27.05999999999985,22.3228537841886
27.07999999999985,23.30621356838759
27.09999999999985,21.96765264777861
27.11999999999985,12.131961519646577
27.139999999999848,23.06026612363045
27.159999999999847,31.357892634185106
27.179999999999847,9.972339066739725
27.199999999999847,3.648022221451381
27.219999999999846,5.607371242995436
27.239999999999846,16.746313037709267
27.259999999999845,13.367415660007362
27.279999999999845,6.495636208139928
27.299999999999844,15.005447674122648
27.319999999999844,30.77482190983511
27.339999999999844,18.598822276147995
27.359999999999843,15.55254040578156
27.379999999999843,20.821619623818226
27.399999999999842,22.23876938726212
27.419999999999842,30.643639524090133
27.43999999999984,22.316434714960618
27.45999999999984,26.883322688219568
27.47999999999984,16.340997479578146
27.49999999999984,11.599770337960347
27.51999999999984,16.988622602070315
27.53999999999984,29.212217944452924
27.55999999999984,21.034476405966387
27.57999999999984,18.528904499250316
27.599999999999838,28.010959749506917
27.619999999999838,13.809882735934139
27.639999999999837,30.849871470103515
27.659999999999837,17.856662554551185
27.679999999999836,26.99784893442104
27.699999999999836,22.38793472395905
27.719999999999835,24.644325469828058
27.739999999999835,14.455586657984451
27.759999999999835,32.76550946251786
27.779999999999834,14.723124412555254
27.799999999999834,15.693027734675326
27.819999999999833,16.07801756766123
27.839999999999833,17.027816114905725
27.859999999999832,22.126111690858906
27.879999999999832,23.462109638875436
27.89999999999983,32.91142156579539
27.91999999999983,13.364603790349191
27.93999999999983,10.798477039763792
27.95999999999983,23.070436533949344
27.97999999999983,12.445016259350785
27.99999999999983,18.346662615639033
28.01999999999983,22.813167874955422
28.03999999999983,23.650499026816284
28.059999999999828,20.51278831004641
28.079999999999828,11.283231800464048
28.099999999999827,22.13761169111114
28.119999999999827,26.142977528265998
28.139999999999826,23.007701950285117
28.159999999999826,27.536623690456782
28.179999999999826,16.888147206480173
28.199999999999825,30.279995918118885
28.219999999999825,12.849017637343312
28.239999999999824,21.653366132915366
28.259999999999824,34.74318550312281
28.279999999999824,29.814067401047005
28.299999999999823,23.457808237837416
28.319999999999823,31.108579413227382
28.339999999999822,21.321589181480462
28.359999999999822,14.783327435160935
28.37999999999982,5.269013435979389
28.39999999999982,24.628688760806494
28.41999999999982,7.384305228560979
28.43999999999982,33.65955379746845
28.45999999999982,17.603125532429193
28.47999999999982,22.436824535686544
28.49999999999982,41.55170140274393
28.51999999999982,0.0
28.539999999999818,26.47247344786174
28.559999999999818,24.3103346477731
28.579999999999817,13.929243235236576
28.599999999999817,21.713123483182372
28.619999999999816,16.566493125868547
28.639999999999816,12.312776664372766
28.659999999999815,30.595728515007913
28.679999999999815,20.074441346299434
28.699999999999815,2.081957139205162
28.719999999999814,31.249700305417946
28.739999999999814,14.088343896572612
28.759999999999813,11.995788824626233
28.779999999999813,24.820841503455206
28.799999999999812,18.937760966492707
28.819999999999812,21.20822921983524
28.83999999999981,29.161680400859197
28.85999999999981,14.344088697859195
28.87999999999981,28.08325456023148
28.89999999999981,12.39494777398808
28.91999999999981,25.072687803481244
28.93999999999981,23.273186320160416
28.95999999999981,8.674286406320999
28.97999999999981,9.67387522653384
28.999999999999808,21.385608507226504
29.019999999999808,24.252279557950125
29.039999999999807,28.31589316072651
29.059999999999807,23.02731108010806
29.079999999999806,15.866154343159147
29.099999999999806,11.045108170816151
29.119999999999806,24.419836511813102
29.139999999999805,30.30847755732043
29.159999999999805,11.876973617408536
29.179999999999804,19.87854096073672
29.199999999999804,16.273425387311452
29.219999999999803,8.8120852344346
29.239999999999803,5.942351848363327
29.259999999999803,19.142732644834705
29.279999999999802,32.40395039793213
29.2999999999998,8.966889456615911
29.3199999999998,29.124238077486332
29.3399999999998,25.29915853684298
29.3599999999998,18.404107824047863
29.3799999999998,14.872876211878587
29.3999999999998,27.29319217549663
29.4199999999998,20.59551020394576
29.4399999999998,27.051977498716056
29.4599999999998,27.84433807055417
29.479999999999798,26.497087962125583
29.499999999999797,28.150408694594134
29.519999999999797,20.50395331021488
29.539999999999797,17.098846959062232
29.559999999999796,15.727416548225994
29.579999999999796,27.53425954444925
29.599999999999795,13.93383318651593
29.619999999999795,11.650369634313124
29.639999999999795,32.596865936531124
29.659999999999794,18.268557771127924
29.679999999999794,20.38687288589211
29.699999999999793,22.45097488619351
29.719999999999793,15.334596398870715
29.739999999999792,22.257673410122354
29.759999999999792,17.451667653008233
29.77999999999979,24.992133463990772
29.79999999999979,23.415650713925707
29.81999999999979,19.12891883348636
29.83999999999979,31.485935697313852
29.85999999999979,19.9233498861623
29.87999999999979,18.99112535077974
29.89999999999979,21.874186327182144
29.91999999999979,27.766273701770913
29.939999999999788,34.525133844309295
29.959999999999788,26.012782531872254
29.979999999999787,11.937616817355767
29.999999999999787,20.660905958342937
30.019999999999786,34.187620710057594
30.039999999999786,33.56250922744725
30.059999999999786,23.023112005200463
30.079999999999785,16.635345354333268
30.099999999999785,8.671784134258509
30.119999999999784,26.900153633485573
30.139999999999784,10.231155475660682
30.159999999999783,27.56445956584598
30.179999999999783,12.21968368046852
30.199999999999783,15.393706668206157
30.219999999999782,16.73324279974804
30.23999999999978,19.142179465747084
30.25999999999978,14.516672156422874
30.27999999999978,13.658119430081886
30.29999999999978,1.508730288540825
30.31999999999978,18.574730916531912
30.33999999999978,16.77026483209924
30.35999999999978,11.888753247650662
30.37999999999978,18.993695764167647
30.39999999999978,20.715412374846228
30.419999999999778,12.796667324594024
30.439999999999777,17.77423663322671
30.459999999999777,26.373542385319066
30.479999999999777,25.893739704791386
30.499999999999776,13.609003908527221
30.519999999999776,35.7763026467443
30.539999999999775,0.0
30.559999999999775,8.394398673590251
30.579999999999774,21.7836395712286
30.599999999999774,13.70511708368204
30.619999999999774,19.051613853668787
30.639999999999773,13.257101013844066
30.659999999999773,29.05581404560495
30.679999999999772,24.356674990700085
30.699999999999772,12.340557651893173
30.71999999999977,17.889532239204602
30.73999999999977,32.30290752532852
30.75999999999977,24.7297472260856
30.77999999999977,25.7735246392196
30.79999999999977,27.830175830371736
30.81999999999977,25.420840464301747
30.83999999999977,15.669199132054302
30.85999999999977,30.27816693873323
30.879999999999768,25.218722039660037
30.899999999999768,29.428736007923483
30.919999999999767,21.793185368900303
30.939999999999767,29.43545877652128
30.959999999999766,26.532488426286925
30.979999999999766,15.271126020200128
30.999999999999766,34.52820801147664
31.019999999999765,23.079122101235686
31.039999999999765,17.842633718415243
31.059999999999764,14.605986145053638
31.079999999999764,11.482051783089275
31.099999999999763,12.97593926912969
31.119999999999763,20.37476999003627
31.139999999999763,20.919657260301047
31.159999999999762,20.25674322100809
31.17999999999976,32.894571664250485
31.19999999999976,11.032905078617189
31.21999999999976,21.857775617611424
31.23999999999976,9.628378984841389
31.25999999999976,19.71576536255044
31.27999999999976,37.67167577646932
31.29999999999976,24.54821174199161
31.31999999999976,32.60573913681772
31.33999999999976,21.991745856575445
31.359999999999758,13.233981256131575
31.379999999999757,22.325060259865054
31.399999999999757,25.540823707530794
31.419999999999757,15.717630725682895
31.439999999999756,20.651708982585326
31.459999999999756,35.29518942891612
31.479999999999755,18.77982119172424
31.499999999999755,23.786945317016087
31.519999999999754,18.67030294453337
31.539999999999754,18.25633141025173
31.559999999999754,24.09485701080574
31.579999999999753,25.88109254929723
31.599999999999753,27.069358480113003
31.619999999999752,29.0140040007121
31.639999999999752,7.533982191393207
31.65999999999975,21.441348652825074
31.67999999999975,23.24337772925706
31.69999999999975,20.673635606618195
31.71999999999975,26.43017826150526
31.73999999999975,25.6340107176877
31.75999999999975,25.92199563226331
31.77999999999975,30.287106591428774
31.79999999999975,17.290057949918967
31.819999999999748,23.453177891632368
31.839999999999748,15.08949321839918
31.859999999999747,20.036950267386363
31.879999999999747,12.576231523743363
31.899999999999746,7.266614868939561
31.919999999999746,15.505612225515359
31.939999999999745,14.86410661537209
31.959999999999745,26.36916670082765
31.979999999999745,26.548010892685895
31.999999999999744,18.380796810921588
32.01999999999974,23.80504796233096
32.03999999999974,27.292624542896363
32.05999999999975,28.304977651419577
32.07999999999974,11.153760547609052
32.09999999999974,10.907869471342483
32.11999999999974,18.484598570040234
32.139999999999745,26.611468023363752
32.15999999999974,6.963864339021125
32.17999999999974,19.217761432931336
32.19999999999974,10.115468761170973
32.21999999999974,22.15996539815919
32.23999999999974,16.029314379513227
32.259999999999735,27.53800274536293
32.27999999999974,11.928477666243449
32.29999999999974,20.946462663700494
32.31999999999974,22.458330727947832
32.33999999999973,30.78390896644844
32.35999999999974,19.268499701979405
32.37999999999974,26.65612885837325
32.399999999999736,26.145382637578106
32.41999999999973,21.37484030967091
32.439999999999735,18.10005853648042
32.45999999999974,14.546139369158773
32.479999999999734,20.816469815989038
32.49999999999973,24.7432796402101
32.51999999999973,14.7527030087223
32.539999999999736,21.270912929685583
32.55999999999973,27.259575965684995
32.57999999999973,18.716847016059983
32.59999999999973,18.46690942648086
32.619999999999735,6.03408423803813
32.63999999999973,16.139171820111514
32.65999999999973,15.705528640093341
32.67999999999973,22.912347616923885
32.69999999999973,17.23503426365424
32.71999999999973,18.65315438446875
32.739999999999725,26.132538087481898
32.75999999999973,23.11677464884515
32.77999999999973,34.804039175035484
32.79999999999973,36.819647374755725
32.81999999999972,10.262745730859876
32.839999999999726,33.7760843586242
32.85999999999973,16.633450255772257
32.879999999999725,20.58027821658818
32.89999999999972,28.289365644707754
32.919999999999725,16.023412449486617
32.93999999999973,34.78595442760108
32.959999999999724,24.542724442853263
32.97999999999972,17.287816592280507
32.99999999999972,0.0
33.019999999999726,12.80579911540929
33.03999999999972,29.560624448718904
33.05999999999972,27.39055987038249
33.07999999999972,0.9555193106839504
33.099999999999724,24.986863676955537
33.11999999999972,10.85373128157255
33.139999999999716,28.608152713866023
33.15999999999972,17.87601323025396
33.17999999999972,30.4033211913339
33.19999999999972,14.788153272974515
33.219999999999715,30.179535016756084
33.23999999999972,24.504314966366806
33.25999999999972,20.378634653885168
33.27999999999972,21.0355800728985
33.29999999999971,9.56755972088742
33.319999999999716,11.812619060988117
33.33999999999972,26.480431573207586
33.359999999999715,15.096902764785002
33.37999999999971,22.16750694279385
33.399999999999714,21.37503097956714
33.41999999999972,22.76471907555874
33.43999999999971,23.22031969717156
33.45999999999971,25.33223912102535
33.47999999999971,7.869433699517586
33.499999999999716,23.664827863656896
33.51999999999971,24.120291073136038
33.53999999999971,13.770232820742265
33.55999999999971,28.17163781714713
33.579999999999714,12.870351793120221
33.59999999999971,5.95264143057806
33.619999999999706,27.604596860490755
33.63999999999971,8.92875817742153
33.65999999999971,11.28866033692549
33.67999999999971,26.50795895282902
33.699999999999704,31.612724279265002
33.71999999999971,16.096777273230558
33.73999999999971,34.17698976854325
33.75999999999971,35.87159713341484
33.7799999999997,42.95561775837519
33.799999999999706,17.9528155350311
33.81999999999971,24.27464185178019
33.839999999999705,22.29507217626162
33.8599999999997,8.479151971622912
33.879999999999704,21.644930402492754
33.89999999999971,9.849243614023509
33.9199999999997,21.95992299685007
33.9399999999997,17.219294320692896
33.9599999999997,11.343165086144905
33.979999999999706,27.067164742209506
33.9999999999997,24.52742839566156
34.0199999999997,7.931884559722938
34.0399999999997,16.535780022781488
34.059999999999704,25.69973496387976
34.0799999999997,2.8501866392721666
34.099999999999696,14.991551673703707
34.1199999999997,0.9634152142329668
34.1399999999997,23.00491907882627
34.1599999999997,15.512475283957155
34.179999999999694,9.968508887540699
34.1999999999997,18.432532215311127
34.2199999999997,18.4491157360973
34.2399999999997,7.688534565650759
34.25999999999969,30.805053108874354
34.279999999999696,33.502724747696526
34.2999999999997,23.080833978127767
34.319999999999695,22.137218800757523
34.33999999999969,23.5009141881332
34.359999999999694,25.34679928726985
34.3799999999997,42.42720740087069
34.39999999999969,30.29296678898241
34.41999999999969,36.93909976321953
34.43999999999969,23.44806036208179
34.459999999999695,25.024543880966256
34.47999999999969,24.07476430116328
34.49999999999969,9.354666543317617
34.51999999999969,33.610426296161286
34.539999999999694,18.47071806663454
34.55999999999969,12.422741065150408
34.579999999999686,13.736564600774702
34.59999999999969,25.582939580798516
34.61999999999969,15.574802181557308
34.63999999999969,28.34692875960014
34.659999999999684,26.16787944538599
34.67999999999969,16.14251502397563
34.69999999999969,14.693887906057473
34.719999999999686,9.678611249348075
34.73999999999968,10.345648462044124
34.759999999999685,18.473923458822373
34.77999999999969,7.40306674155069
34.799999999999685,16.520269238033638
34.81999999999968,13.60795386993565
34.839999999999684,5.250883159296356
34.85999999999969,12.48582788029669
34.87999999999968,27.90991385939287
34.89999999999968,22.410199134100957
34.91999999999968,23.711916419514278
34.939999999999685,13.58348554940433
34.95999999999968,32.898308873698184
34.97999999999968,13.7617289388978
34.99999999999968,19.65761582613015
35.01999999999968,14.719631486232839
35.03999999999968,21.248590787380138
35.059999999999675,18.511641392754363
35.07999999999968,10.13397630193798
35.09999999999968,14.577863923391927
35.11999999999968,20.372820530112968
35.139999999999674,9.567368579898197
35.15999999999968,26.20818772729334
35.17999999999968,22.70402878152863
35.199999999999676,13.481132041983496
35.21999999999967,32.75828343437347
35.239999999999675,6.800635698061651
35.25999999999968,12.49221692005468
35.279999999999674,31.425518232304555
35.29999999999967,33.85351033761186
35.31999999999967,26.378491658865222
35.33999999999968,20.69608398732533
35.35999999999967,26.71265597579975
35.37999999999967,12.845101253011531
35.39999999999967,21.76648939502694
35.419999999999675,23.49982177799137
35.43999999999967,24.97734735655837
35.45999999999967,20.568645983371006
35.47999999999967,37.53422458507582
35.49999999999967,1.3270287976545703
35.51999999999967,12.159428950051721
35.539999999999665,23.03364394382036
35.55999999999967,14.93827062450216
35.57999999999967,22.12092153095732
35.59999999999967,18.958283895743865
35.61999999999966,22.795043907126747
35.63999999999967,32.15930714902955
35.65999999999967,32.30644064437075
35.679999999999666,13.697805162996232
35.69999999999966,17.07510674992111
35.719999999999665,24.698310941395867
35.73999999999967,8.256898706038488
35.759999999999664,29.213529591599688
35.77999999999966,6.913816680708859
35.79999999999966,22.79047290204067
35.819999999999666,26.8007685388707
35.83999999999966,16.541143392354833
35.85999999999966,15.137802324863483
35.87999999999966,23.18410501063579
35.899999999999665,39.78004395798199
35.91999999999966,21.23341576606215
35.93999999999966,20.08910314131371
35.95999999999966,13.902957909226213
35.97999999999966,33.45344267884916
35.99999999999966,23.84495081597221
36.019999999999655,22.415726785271616
36.03999999999966,24.80261293103711
36.05999999999966,30.582461083162457
36.07999999999966,16.12837045837026
36.09999999999965,20.459589661055745
36.119999999999656,10.669418536900235
36.13999999999966,20.916877612213664
36.159999999999656,24.151299711258673
36.17999999999965,29.3723231697416
36.199999999999655,16.58416911056715
36.21999999999966,20.086097773488405
36.239999999999654,18.71387362286044
36.25999999999965,18.709568233769968
36.27999999999965,18.242991542812177
36.299999999999656,24.335815523937256
36.31999999999965,18.833898790339
36.33999999999965,10.406860073134725
36.35999999999965,17.731370550759067
36.379999999999654,8.058428335959402
36.39999999999965,5.87173164029732
36.419999999999646,7.681543456732895
36.43999999999965,25.38644917684692
36.45999999999965,13.595509285488534
36.47999999999965,9.148743254029947
36.499999999999645,22.508556512978945
36.51999999999965,17.95129329938505
36.53999999999965,10.572786546846581
36.55999999999965,14.383856844683642
36.57999999999964,23.340720925505625
36.599999999999646,16.255258523247225
36.61999999999965,28.355124382898012
36.639999999999645,17.58017967402387
36.65999999999964,26.54174757110144
36.679999999999644,26.979367285092017
36.69999999999965,22.006871976902886
36.719999999999644,18.134839139085933
36.73999999999964,16.90999031124454
36.75999999999964,11.032898793014962
36.779999999999646,17.47690242849519
36.79999999999964,22.99529139690783
36.81999999999964,6.928439747421637
36.83999999999964,38.91684741922178
36.859999999999644,18.39463301406991
36.87999999999964,20.420802142128288
36.899999999999636,17.83389236944123
36.91999999999964,25.081952901918644
36.93999999999964,31.182969858385242
36.95999999999964,12.885517556092067
36.979999999999634,9.170569932925398
36.99999999999964,10.804213705948209
37.01999999999964,14.983969151358451
37.03999999999964,12.55938653384756
37.05999999999963,24.64257972520859
37.079999999999636,23.903097943198773
37.09999999999964,27.667732180605817
37.119999999999635,25.214947733969133
37.13999999999963,25.61124930959572
37.159999999999634,14.082860492531108
37.17999999999964,35.829619419657575
37.19999999999963,14.994737056099265
37.21999999999963,22.7570932331619
37.23999999999963,19.500128620343872
37.259999999999636,31.764642878153087
37.27999999999963,20.747326908513106
37.29999999999963,21.33391997205589
37.31999999999963,14.499517178342916
37.339999999999634,11.329855549801676
37.35999999999963,13.143379781237199
37.379999999999626,26.17011661220396
37.39999999999963,31.968384807841325
37.41999999999963,25.9652154648376
37.43999999999963,10.933055054164509
37.459999999999624,7.786741540176232
37.47999999999963,22.90887929304568
37.49999999999963,16.678614745958125
37.51999999999963,18.423797063633565
37.53999999999962,27.64747820123454
37.559999999999626,10.025700197221669
37.57999999999963,23.551778719421087
37.599999999999625,20.69854807653723
37.61999999999962,25.311731186774168
37.639999999999624,8.927876380484696
37.65999999999963,18.506195450743334
37.67999999999962,4.767885164301584
37.69999999999962,5.952292774050154
37.71999999999962,16.487079748625
37.739999999999625,24.946277175382654
37.75999999999962,31.78743230343718
37.77999999999962,20.89675055359262
37.79999999999962,10.60718762210011
37.819999999999624,14.087272227877673
37.83999999999962,24.956677834948927
37.859999999999616,14.594028014211233
37.87999999999962,23.996092189150712
37.89999999999962,24.13648585128369
37.91999999999962,20.35389488136527
37.939999999999614,15.04008526452072
37.95999999999962,30.60680672752816
37.97999999999962,19.101419706735165
37.999999999999616,13.657817239769212
38.01999999999961,25.39973324576668
38.039999999999615,11.315681993716812
38.05999999999962,0.9532389062501316
38.079999999999615,7.918479044024192
38.09999999999961,30.123574161871716
38.119999999999614,20.42917789347777
38.13999999999962,15.002399889935916
38.15999999999961,9.884863481816877
38.17999999999961,20.452388102701306
38.19999999999961,29.117017072903728
38.219999999999615,21.547377395187464
38.23999999999961,30.447552535671576
38.25999999999961,25.735218862169685
38.27999999999961,28.191211928374205
38.29999999999961,28.810343847058014
38.31999999999961,27.310872334271618
38.339999999999606,16.32465191550329
38.35999999999961,28.250398411867458
38.37999999999961,28.301780113947046
38.39999999999961,5.3354066911198945
38.419999999999604,24.95252576192648
38.43999999999961,30.27483373609414
38.45999999999961,3.1877373284069925
38.479999999999606,8.394701868687635
38.4999999999996,31.34134759438846
38.519999999999605,19.24433051213547
38.53999999999961,31.377533955720494
38.559999999999604,20.246349542626238
38.5799999999996,13.039180472422439
38.5999999999996,15.44937044455973
38.61999999999961,13.525335071664255
38.6399999999996,28.5150034740497
38.6599999999996,20.428405679595713
38.6799999999996,22.932302991679705
38.699999999999605,12.671701324856475
38.7199999999996,14.8243472913981
38.7399999999996,17.718083089748234
38.7599999999996,22.334936943471497
38.7799999999996,23.217701919206583
38.7999999999996,23.379810801011633
38.819999999999595,13.448703338380405
38.8399999999996,5.287958824513888
38.8599999999996,13.310788153151474
38.8799999999996,34.77964641618832
38.899999999999594,18.140566824454673
38.9199999999996,22.720262215723363
38.9399999999996,8.22589341247834
38.959999999999596,35.28772241661109
38.97999999999959,11.270721492697042
38.999999999999595,30.840190632898942
39.0199999999996,11.594159682766902
39.039999999999594,19.927001963807363
39.05999999999959,24.977593204729903
39.07999999999959,12.926733392244737
39.099999999999596,13.362957503942797
39.11999999999959,26.430346192202144
39.13999999999959,18.082345470228713
39.15999999999959,19.84152716077803
39.179999999999595,11.299231902840214
39.19999999999959,28.09366105605399
39.21999999999959,15.890265903795353
39.23999999999959,16.42988045176426
39.25999999999959,25.776657590941696
39.27999999999959,11.600168339349347
39.299999999999585,11.952313537575188
39.31999999999959,17.873395553468825
39.33999999999959,21.129177480975738
39.35999999999959,6.9756593557280215
39.37999999999958,4.956196620890074
39.39999999999959,19.500131149712747
39.41999999999959,21.997498973166703
39.439999999999586,21.385211588995933
39.45999999999958,14.566787791320415
39.479999999999585,29.244627647024203
39.49999999999959,22.520651319476343
39.519999999999584,6.948463475705152
39.53999999999958,22.103876869641383
39.55999999999958,7.241267320863189
39.579999999999586,22.052919056834615
39.59999999999958,20.254850808343626
39.61999999999958,4.784113038193478
39.63999999999958,14.787681816183358
39.659999999999584,30.23717138752092
39.67999999999958,5.246800346274998
39.69999999999958,14.487372242600955
39.71999999999958,14.148503646791692
39.73999999999958,6.2429297473097325
39.75999999999958,10.838085724626467
39.779999999999575,11.589061721755417
39.79999999999958,4.357866261543654
39.81999999999958,19.067755507200516
39.83999999999958,17.903341190501916
39.85999999999957,25.18033137311631
39.879999999999576,25.830924033614505
39.89999999999958,23.744662135210113
39.919999999999575,10.370827194344853
39.93999999999957,19.05323930094071
39.959999999999575,12.163121233683796
39.97999999999958,12.089091834809324
39.999999999999574,20.269533936508225
40.01999999999957,24.93226401677312
40.03999999999957,26.19906949896376
40.059999999999576,20.560785392868024
40.07999999999957,25.74414004244277
40.09999999999957,2.751242883767169
40.11999999999957,9.392481101511958
40.139999999999574,11.872066500831226
40.15999999999957,24.74920051007944
40.179999999999566,17.702089823768297
40.19999999999957,17.346592261806475
40.21999999999957,27.88525179883095
40.23999999999957,20.620182819572758
40.259999999999565,23.609083569500108
40.27999999999957,34.096055309376354
40.29999999999957,19.806490897753438
40.31999999999957,26.10464638274177
40.33999999999956,19.196122931688684
40.359999999999566,18.224133880498158
40.37999999999957,13.28788317408797
40.399999999999565,13.898872562657026
40.41999999999956,28.137288486269632
40.439999999999564,17.977021718434102
40.45999999999957,8.295356448021678
40.47999999999956,15.553243846680509
40.49999999999956,20.65371075399711
40.51999999999956,21.91841518886972
40.539999999999566,21.216212388287545
40.55999999999956,24.42803394203849
40.57999999999956,35.091638612164104
40.59999999999956,27.89751622275018
40.619999999999564,32.43257424602301
40.63999999999956,8.5706682840238
40.659999999999556,7.900460920893487
40.67999999999956,18.3862302371728
40.69999999999956,21.562452460367496
40.71999999999956,28.6970115515462
40.739999999999554,10.728901491852838
40.75999999999956,17.116008334605795
40.77999999999956,24.714391399040995
40.79999999999956,28.020819887712744
40.81999999999955,16.47830534520067
40.839999999999556,24.01262626983616
40.85999999999956,28.20315994245441
40.879999999999555,4.870781262750365
40.89999999999955,20.894053514218157
40.919999999999554,20.777529673713865
40.93999999999956,10.254191215920146
40.95999999999955,16.37627078531836
40.97999999999955,21.11984131670172
40.99999999999955,25.673620890162475
41.019999999999555,27.714697074050218
41.03999999999955,17.46271905507571
41.05999999999955,2.727078791790632
41.07999999999955,19.69072667213427
41.099999999999554,16.17718886550402
41.11999999999955,19.88788789465383
41.139999999999546,36.93125104190129
41.15999999999955,10.396755878163018
41.17999999999955,11.143223319196883
41.19999999999955,9.2441616566905
41.219999999999544,25.032010665765313
41.23999999999955,16.203350636511033
41.25999999999955,25.966681838754717
41.279999999999546,11.29487933453663
41.29999999999954,21.17161221133259
41.319999999999546,19.573549709170962
41.33999999999955,13.847122938509493
41.359999999999545,31.994162275679052
41.37999999999954,20.39827970586262
41.399999999999544,21.092732410271232
41.41999999999955,36.72197685321848
41.43999999999954,30.86675818299834
41.45999999999954,24.633536164163523
41.47999999999954,18.446395302055734
41.499999999999545,23.265773127785792
41.51999999999954,26.210481889176556
41.53999999999954,28.79678222850831
41.55999999999954,1.8215765972895888
41.57999999999954,22.76988969496131
41.59999999999954,11.498114024942902
41.619999999999536,16.018794077002283
41.63999999999954,16.056540177488664
41.65999999999954,21.618950822816778
41.67999999999954,14.372513636072153
41.699999999999534,18.66746844797719
41.71999999999954,7.5401130728397
41.73999999999954,21.42350715903348
41.759999999999536,16.064866191527983
41.77999999999953,22.518130221106738
41.799999999999535,6.757674944126887
41.81999999999954,24.43878913576274
41.839999999999534,9.371527423676278
41.85999999999953,18.24032205260061
41.879999999999534,18.39726958402827
41.89999999999954,21.359397282152276
41.91999999999953,18.751179969738274
41.93999999999953,11.154470944617747
41.95999999999953,22.31982714394475
41.979999999999535,22.387627536463903
41.99999999999953,4.830892929622312
42.01999999999953,18.10613685123419
42.03999999999953,18.38695773940438
42.05999999999953,23.776145261373387
42.07999999999953,21.23007974964736
42.099999999999525,12.444605426507334
42.11999999999953,12.672145718477367
42.13999999999953,8.030190090333898
42.15999999999953,22.51102258923651
42.179999999999524,32.609823102197765
42.19999999999953,27.3258016920322
42.21999999999953,15.119281360079597
42.239999999999526,19.283455095949456
42.25999999999952,22.548666844034297
42.279999999999525,29.102908076022224
42.29999999999953,21.873541467855222
42.319999999999524,17.7028168460627
42.33999999999952,16.59260844166549
42.35999999999952,16.60456274033867
42.37999999999953,25.935777156132453
42.39999999999952,22.326744321951193
42.41999999999952,14.583070830331279
42.43999999999952,13.107513621976661
42.459999999999525,19.260973368697826
42.47999999999952,18.390367354793547
42.49999999999952,33.17814077348747
42.51999999999952,11.803530724374378
42.53999999999952,29.272371887367473
42.55999999999952,32.19101009641666
42.579999999999515,20.556201002990694
42.59999999999952,13.321517838325867
42.61999999999952,15.07341290080673
42.63999999999952,18.24138011489789
42.65999999999951,32.019787116104965
42.67999999999952,24.861551694427625
42.69999999999952,24.744645056469643
42.719999999999516,10.98757524297629
42.73999999999951,26.865158512398533
42.759999999999515,15.109606741526871
42.77999999999952,18.26448100095782
42.799999999999514,21.291025920803143
42.81999999999951,3.185847400017561
42.83999999999951,16.200532271167607
42.859999999999516,37.615716831084356
42.87999999999951,13.576229268430222
42.89999999999951,19.86371260887265
42.91999999999951,24.59554299620641
42.939999999999515,7.260098751598187
42.95999999999951,25.627710817218166
42.97999999999951,16.116107345254417
42.99999999999951,38.12186564534231
43.01999999999951,11.254917323236786
43.03999999999951,16.55759184191455
43.059999999999505,27.001070009512347
43.07999999999951,22.032428736583753
43.09999999999951,13.061897966457096
43.11999999999951,9.703280407951349
43.1399999999995,29.592497377583975
43.159999999999506,5.081980232978827
43.17999999999951,18.732011737004637
43.199999999999505,24.12893385283058
43.2199999999995,19.034943586500553
43.239999999999505,19.706888488575867
43.25999999999951,12.863239501738102
43.279999999999504,3.8867547209312434
43.2999999999995,16.06515350914994
43.3199999999995,13.720495934977071
43.339999999999506,28.987878176872
43.3599999999995,35.29300595603737
43.3799999999995,22.987716394995886
43.3999999999995,21.485085076478295
43.419999999999504,14.787093606527419
43.4399999999995,37.54695984966587
43.459999999999496,27.056238157605556
43.4799999999995,25.24915344775126
43.4999999999995,53.400684472788775
43.5199999999995,47.34698940977508
43.539999999999495,78.12550665493865
43.5599999999995,101.34236990482252
43.5799999999995,127.84961732620832
43.5999999999995,174.00409538765507
43.61999999999949,228.51735798496068
43.639999999999496,297.0642989094295
43.6599999999995,375.31325640786764
43.679999999999495,457.17878301817075
43.69999999999949,549.0355585516676
43.719999999999494,661.8249248904564
43.7399999999995,758.7656643049135
43.75999999999949,857.0442656514624
43.77999999999949,943.7809746859019
43.79999999999949,985.5469882852346
43.819999999999496,1031.805200912626
43.83999999999949,1034.8540055018505
43.85999999999949,992.1436866095615
43.87999999999949,949.4297358803832
43.899999999999494,874.6666999727206
43.91999999999949,782.7374708910539
43.939999999999486,681.0098445927392
43.95999999999949,594.6211314399538
43.97999999999949,488.0439218296991
43.99999999999949,406.19148494410103
44.019999999999484,329.21990513791656
44.03999999999949,230.70423777259137
44.05999999999949,181.26039685811412
44.07999999999949,130.40069020415845
44.09999999999948,100.6487934941873
44.119999999999486,72.21218571863339
44.13999999999949,61.508882047714664
44.159999999999485,48.57518521528559
44.17999999999948,27.117136662294893
44.199999999999484,24.582317283491438
44.21999999999949,11.893900014822869
44.23999999999948,28.198595457614594
44.25999999999948,11.483079773863082
44.27999999999948,27.24094113258407
44.299999999999486,24.307377121409562
44.31999999999948,17.92958791192738
44.33999999999948,23.416659222808356
44.35999999999948,37.726890387814635
44.379999999999484,22.0929546638714
44.39999999999948,19.236437288160303
44.419999999999476,13.883217180800536
44.43999999999948,7.331086893841469
44.45999999999948,24.37675340438926
44.47999999999948,32.31315204436184
44.499999999999474,29.407205612585088
44.51999999999948,27.220411083521725
44.53999999999948,18.499985925798104
44.55999999999948,23.70983008628533
44.57999999999947,29.555566376680844
44.599999999999476,19.43774507023423
44.61999999999948,32.968157941053164
44.639999999999475,20.34975476279231
44.65999999999947,6.76464218869633
44.679999999999474,23.467821274555305
44.69999999999948,22.543979291817806
44.71999999999947,24.29956335163268
44.73999999999947,10.497195453953262
44.75999999999947,16.830063151624696
44.779999999999475,15.79498397546794
44.79999999999947,23.851254759224027
44.81999999999947,18.466372264173305
44.83999999999947,16.766336045939205
44.859999999999474,10.344805576745138
44.87999999999947,15.18555101635515
44.899999999999466,6.178240801080083
44.91999999999947,17.52112436294925
44.93999999999947,24.79244977196027
44.95999999999947,24.485074612478826
44.979999999999464,22.4319793137613
44.99999999999947,9.944134108854401
45.01999999999947,31.42970018068084
45.039999999999466,18.660233040475784
45.05999999999946,15.258721315772839
45.079999999999465,9.710580223463209
45.09999999999947,22.60848949158641
45.119999999999465,13.748860941173987
45.13999999999946,11.917118925962296
45.159999999999464,21.66770627520601
45.17999999999947,22.31772985749518
45.19999999999946,18.392837711821937
45.21999999999946,31.09359670033443
45.23999999999946,26.861741322747697
45.259999999999465,9.972923429976474
45.27999999999946,26.82603861133629
45.29999999999946,17.98803589782438
45.31999999999946,11.666745275412232
45.33999999999946,11.406564848910792
45.35999999999946,19.12649787876217
45.379999999999455,16.31307109653259
45.39999999999946,12.925129810550416
45.41999999999946,17.86978401259841
45.43999999999946,24.32197916591236
45.459999999999454,13.557465201931526
45.47999999999946,22.74112822999052
45.49999999999946,29.211733395536395
45.519999999999456,16.046986954617633
45.53999999999945,15.062487228748891
45.559999999999455,8.768763978548701
45.57999999999946,15.171775451764947
45.599999999999454,20.41074652524112
45.61999999999945,10.425651666687648
45.63999999999945,25.790031316760793
45.65999999999946,1.7563006786907565
45.67999999999945,28.582618527453427
45.69999999999945,32.458310736105126
45.71999999999945,21.483695025535017
45.739999999999455,19.25651947525908
45.75999999999945,17.20317969621294
45.77999999999945,12.820024331891915
45.79999999999945,23.60091378166485
45.81999999999945,12.513207317947781
45.83999999999945,25.14361770180096
45.859999999999445,23.78286176111021
45.87999999999945,22.487921647465456
45.89999999999945,20.313704522709152
45.91999999999945,8.586979270674195
45.93999999999944,38.832260111051184
45.95999999999945,15.450503962252837
45.97999999999945,14.227589531426613
45.999999999999446,36.073507612125724
46.01999999999944,24.45115141128013
46.039999999999445,14.994312078127127
46.05999999999945,14.736524571650033
46.079999999999444,37.71926678275567
46.09999999999944,11.256856533272105
46.11999999999944,3.8382864241409607
46.139999999999446,25.45905248028373
46.15999999999944,10.325316050279051
46.17999999999944,12.760053247146008
46.19999999999944,21.308492154740158
46.219999999999445,34.379698505955396
46.23999999999944,27.880601835038725
46.25999999999944,11.666417872487704
46.27999999999944,30.51530271498268
46.29999999999944,16.523174429411597
46.31999999999944,24.458927992725023
46.339999999999435,25.7762083217615
46.35999999999944,26.80329301055886
46.37999999999944,12.086911553757307
46.39999999999944,14.055462783862486
46.41999999999943,16.997686448780065
46.439999999999436,22.950694904721832
46.45999999999944,16.319864074126777
46.479999999999436,25.72221399452711
46.49999999999943,23.32250033451601
46.519999999999435,33.634887473666964
46.53999999999944,15.81303795968828
46.559999999999434,10.687322851777367
46.57999999999943,28.74176535446255
46.59999999999943,21.376524422821177
46.619999999999436,20.768704482272096
46.63999999999943,19.391573765923344
46.65999999999943,18.72718711373902
46.67999999999943,24.51539686048146
46.699999999999434,23.17419366669093
46.71999999999943,17.439973646725683
46.73999999999943,21.06713928778276
46.75999999999943,8.520491246640411
46.77999999999943,13.85820894882762
46.79999999999943,9.264184457687886
46.819999999999425,17.92386450295504
46.83999999999943,33.41855948651848
46.85999999999943,25.95381531617648
46.87999999999943,16.698090509418865
46.89999999999942,15.605915396448852
46.919999999999426,18.217302972722724
46.93999999999943,18.409043004396192
46.959999999999425,32.23211199854107
46.97999999999942,7.991147002039602
46.999999999999424,24.44947870167054
47.01999999999943,19.392643256332953
47.039999999999424,34.035025689469464
47.05999999999942,27.41016349338659
47.07999999999942,15.477096077763193
47.099999999999426,24.397845355062632
47.11999999999942,11.469419337011354
47.13999999999942,28.389313754447823
47.15999999999942,15.181362369227985
47.179999999999424,15.25497441562764
47.19999999999942,20.34443392385636
47.219999999999416,25.160407546011783
47.23999999999942,17.18260691869345
47.25999999999942,22.212791254763165
47.27999999999942,20.414515657100377
47.299999999999415,25.861238089965475
47.31999999999942,12.211301770275469
47.33999999999942,20.261042389278895
47.35999999999942,18.27058602024251
47.37999999999941,21.65759676743499
47.399999999999416,20.527341622181
47.41999999999942,16.740490834467334
47.439999999999415,9.655406726167744
47.45999999999941,13.750662924700459
47.479999999999414,23.071839903053007
47.49999999999942,17.852798308942322
47.51999999999941,18.147512326993265
47.53999999999941,20.273962605089682
47.55999999999941,17.4857256948834
47.579999999999416,22.006472093744495
47.59999999999941,21.357883180083583
47.61999999999941,27.784679928572164
47.63999999999941,17.81159521266479
47.659999999999414,25.13100483748624
47.67999999999941,17.820673326177808
47.699999999999406,18.82577431420367
47.71999999999941,9.453155694905332
47.73999999999941,13.91319193240074
47.75999999999941,2.573489966775636
47.779999999999404,17.483331149008386
47.79999999999941,19.579937991355454
47.81999999999941,13.857104126124849
47.83999999999941,8.332982661311732
47.8599999999994,20.33964101287813
47.879999999999406,8.282396050864328
47.89999999999941,15.222929797725268
47.919999999999405,9.80733708845433
47.9399999999994,33.017331829999954
47.959999999999404,5.378505192645873
47.97999999999941,22.277317799688348
47.9999999999994,19.908418216011594
48.0199999999994,42.292485884344046
48.0399999999994,14.336474624953444
48.059999999999405,25.541017272882357
48.0799999999994,12.830168766984535
48.0999999999994,17.94930719571044
48.1199999999994,23.908178313402647
48.139999999999404,20.075021905933976
48.1599999999994,13.891167041097859
48.179999999999396,16.354140139659346
48.1999999999994,24.98712522023591
48.2199999999994,21.66177652329337
48.2399999999994,0.0
48.259999999999394,31.43898886618073
48.2799999999994,16.120216081247488
48.2999999999994,17.6019060685339
48.319999999999396,16.243124097656608
48.33999999999939,31.981322865053052
48.359999999999395,14.693934669242285
48.3799999999994,20.09797841040356
48.399999999999395,17.04224440935891
48.41999999999939,11.65304151952537
48.439999999999394,9.419805611978756
48.4599999999994,12.810069009866798
48.47999999999939,23.763177730920248
48.49999999999939,16.257199317615026
48.51999999999939,5.3061322650906355
48.539999999999395,9.539615928413061
48.55999999999939,26.826004281422907
48.57999999999939,18.384934100831664
48.59999999999939,16.791713664331986
48.61999999999939,11.508557441546529
48.63999999999939,1.437121643215793
48.659999999999386,31.69073670928346
48.67999999999939,14.688440574613264
48.69999999999939,23.641299657370205
48.71999999999939,9.924318241656374
48.739999999999384,28.8301734502009
48.75999999999939,29.14546006216205
48.77999999999939,19.572016816996943
48.799999999999386,17.56440993336078
48.81999999999938,18.073903151177458
48.839999999999385,10.73378972869465
48.85999999999939,30.577955995423892
48.879999999999384,37.79558253532095
48.89999999999938,24.364290678527972
48.91999999999938,19.47380690662824
48.93999999999939,19.77841095510695
48.95999999999938,16.902621319820444
48.97999999999938,21.870356455266982
48.99999999999938,30.233343386422998
49.019999999999385,15.222801958017627
49.03999999999938,31.712075167893495
49.05999999999938,25.500492274482784
49.07999999999938,9.31639471010647
49.09999999999938,20.605295567223905
49.11999999999938,12.463925828585966
49.139999999999375,28.27086317458319
49.15999999999938,14.803353933384708
49.17999999999938,17.94158989823731
49.19999999999938,21.56537376104903
49.219999999999374,30.789099438030657
49.23999999999938,19.031657667219015
49.25999999999938,24.64717165224951
49.279999999999376,8.415567209197539
49.29999999999937,28.93588240706599
49.319999999999375,31.68800788323601
49.33999999999938,12.98877574736488
49.359999999999374,10.16163902483414
49.37999999999937,16.304391585052315
49.39999999999937,31.074652981288487
49.419999999999376,15.377193745122781
49.43999999999937,28.350779413305702
49.45999999999937,12.494593617974864
49.47999999999937,10.76096441527666
49.499999999999375,29.548817512756813
49.51999999999937,12.141931294978416
49.53999999999937,33.791820210120434
49.55999999999937,45.70592463652052
49.57999999999937,25.18903453544557
49.59999999999937,23.6938940658449
49.619999999999365,16.95194734927956
49.63999999999937,4.880582726328422
49.65999999999937,27.091772764318044
49.67999999999937,15.00740357249379
49.69999999999936,22.200591450902103
49.71999999999937,11.29057169825099
49.73999999999937,11.310596645546722
49.759999999999366,25.447733950607073
49.77999999999936,11.762037035032108
49.799999999999365,24.25648849622141
49.81999999999937,23.032280301038508
49.839999999999364,20.970243435703306
49.85999999999936,22.81361703458836
49.87999999999936,13.006329554631773
49.899999999999366,10.198878253197702
49.91999999999936,26.613706643022038
49.93999999999936,9.512297463132754
49.95999999999936,4.641821600814881
49.979999999999364,11.704537405904032
49.99999999999936,29.500010960240516
50.01999999999936,17.53794610423495
50.03999999999936,18.35724772478279
50.05999999999936,18.367062150931766
50.07999999999936,5.751556525928132
50.099999999999355,0.4361339873912513
50.11999999999936,16.64312476991452
50.13999999999936,29.44972035647981
50.15999999999936,8.012485314652068
50.17999999999935,32.82850606482205
50.199999999999356,18.983571946519962
50.21999999999936,27.97407433604438
50.239999999999355,12.361338390943121
50.25999999999935,18.771924873701703
50.279999999999355,24.91727126395472
50.29999999999936,11.30438518935185
50.319999999999354,23.277913382071205
50.33999999999935,14.367324668962915
50.35999999999935,18.033669249834254
50.379999999999356,23.57981176031414
50.39999999999935,17.570480059047636
50.41999999999935,5.02444651691968
50.43999999999935,12.853235031271426
50.459999999999354,34.33290370102294
50.47999999999935,27.200427552372886
50.499999999999346,16.41780671290363
50.51999999999935,9.990204324624193
50.53999999999935,8.569736994243794
50.55999999999935,21.19250312373902
50.579999999999345,8.116548568656123
50.59999999999935,12.408574837537856
50.61999999999935,27.776804316404903
50.63999999999935,27.60383273050018
50.65999999999934,13.827652906524147
50.679999999999346,19.70674065387975
50.69999999999935,25.19323596177275
50.719999999999345,28.248067975377314
50.73999999999934,24.15330517199564
50.759999999999344,46.629559642580446
50.77999999999935,54.502972426335674
50.79999999999934,63.54104345465215
50.81999999999934,89.38162928360609
50.83999999999934,118.16743420801286
50.859999999999346,121.51354138813113
50.87999999999934,164.63657098031678
50.89999999999934,204.33839943677918
50.91999999999934,254.95678884187083
50.939999999999344,302.7201136144825
50.95999999999934,347.3169125213198
50.979999999999336,400.3436772001259
50.99999999999934,425.11415341819884
51.01999999999934,473.0067676637546
51.03999999999934,479.05484615587
51.059999999999334,497.07760767204695
51.07999999999934,473.3769696774175
51.09999999999934,453.98317356220974
51.11999999999934,428.8900649745625
51.13999999999933,398.35351995426356
51.159999999999336,360.27697951141056
51.17999999999934,308.01384428434403
51.199999999999335,257.0779922955981
51.21999999999933,224.58563672735488
51.239999999999334,167.22281933530678
51.25999999999934,133.03553749841285
51.27999999999933,114.08740126125424
51.29999999999933,76.0902316310495
51.31999999999933,70.47949483489569
51.339999999999336,46.866873244078235
51.35999999999933,31.88417345027736
51.37999999999933,23.431231531191344
51.39999999999933,41.84925231975542
51.419999999999334,37.510130038168235
51.43999999999933,21.124151857198203
51.459999999999326,27.907175715937036
51.47999999999933,14.86668958279937
51.49999999999933,26.86106675775957
51.51999999999933,29.05428524905443
51.539999999999324,16.693738316277823
51.55999999999933,19.77060310533412
51.57999999999933,21.143665678942263
51.599999999999326,20.212615799379172
51.61999999999932,13.698365703075499
51.639999999999326,26.529408441136702
51.65999999999933,25.54404956605307
51.679999999999325,6.137744871232519
51.69999999999932,22.828483533413284
51.719999999999324,27.995893848611004
51.73999999999933,17.378344440667302
51.75999999999932,33.510139691266616
51.77999999999932,27.02402133534978
51.79999999999932,8.595795237155713
51.819999999999325,29.18128230578241
51.83999999999932,23.946728638193445
51.85999999999932,18.519676518869804
51.87999999999932,11.76339713335494
51.899999999999324,14.248815381502537
51.91999999999932,12.719035650111497
51.939999999999316,19.64058820464449
51.95999999999932,14.754624266752952
51.97999999999932,20.1990207218973
51.99999999999932,25.898533219614826
52.019999999999314,14.374716534639822
52.03999999999932,27.315028598412056
52.05999999999932,11.649603345726613
52.079999999999316,19.404120405250037
52.09999999999931,13.912625455962345
52.119999999999315,17.421832751123507
52.13999999999932,22.462334485605304
52.159999999999314,24.498415245561777
52.17999999999931,29.616035918852507
52.199999999999314,18.122347164045745
52.21999999999932,22.808679242916714
52.23999999999931,16.55587647326626
52.25999999999931,22.556536727110338
52.27999999999931,14.639880659820394
52.299999999999315,18.87499487767788
52.31999999999931,29.157859236162192
52.33999999999931,29.145517269157946
52.35999999999931,10.682557773059386
52.37999999999931,14.97115465895818
52.39999999999931,42.05668815326547
52.419999999999305,11.515757938733303
52.43999999999931,28.497042337648207
52.45999999999931,21.190976643715867
52.47999999999931,23.466224976771933
52.499999999999304,15.96321620758059
52.51999999999931,10.15338004648105
52.53999999999931,12.341566732467033
52.559999999999306,22.882224550735923
52.5799999999993,14.560724689836416
52.599999999999305,11.805152517738458
52.61999999999931,21.143979103941433
52.639999999999304,29.980092925966968
52.6599999999993,28.994587001288437
52.6799999999993,5.223527120913468
52.69999999999931,27.87465741338092
52.7199999999993,11.460671474910864
52.7399999999993,20.512632882485807
52.7599999999993,15.702894581937734
52.779999999999305,28.4654925821812
52.7999999999993,11.925765823851458
52.8199999999993,35.25665936416324
52.8399999999993,25.643271686703546
52.8599999999993,28.00544525314688
52.8799999999993,16.20655872115085
52.899999999999295,23.897624308527394
52.9199999999993,25.050211665020107
52.9399999999993,19.414723915520117
52.9599999999993,28.54605002502884
52.97999999999929,16.79584239367751
52.9999999999993,16.340317493960466
53.0199999999993,6.899323600837892
53.039999999999296,28.154884327483966
53.05999999999929,26.731435452929333
53.079999999999295,34.109544601834514
53.0999999999993,26.791199393763442
53.119999999999294,21.896455324966546
53.13999999999929,19.215208471846104
53.15999999999929,17.449558146228046
53.179999999999296,15.549973432057875
53.19999999999929,24.810532700040895
53.21999999999929,31.3894995133521
53.23999999999929,18.57354134610524
53.259999999999295,3.4590117609505455
53.27999999999929,14.033052803905822
53.29999999999929,22.00185859405184
53.31999999999929,31.474632488351844
53.33999999999929,22.025887298292183
53.35999999999929,12.697197432911183
53.379999999999285,17.36852828734977
53.39999999999929,27.7711444493482
53.41999999999929,30.256649818817237
53.43999999999929,11.566751289323795
53.45999999999928,16.198998578450748
53.479999999999286,22.612303355632907
53.49999999999929,18.66559374912254
53.519999999999285,26.627750694116337
53.53999999999928,26.39414837676921
53.559999999999285,26.957688799167183
53.57999999999929,20.17315859453758
53.599999999999284,10.666124523258281
53.61999999999928,12.174067457235108
53.63999999999928,1.1372618170719875
53.659999999999286,13.55147563318908
53.67999999999928,17.97229235938254
53.69999999999928,12.951700434997026
53.71999999999928,36.660106995082
53.739999999999284,26.121146426284938
53.75999999999928,19.238084608919227
53.779999999999276,32.48994095139024
53.79999999999928,20.9688953248138
53.81999999999928,31.31687811866847
53.83999999999928,7.932743486797557
53.859999999999275,15.6245543877755
53.87999999999928,18.8839465582795
53.89999999999928,16.277389168107707
53.91999999999928,16.24115681829415
53.93999999999927,24.39761884008403
53.959999999999276,19.042982372150558
53.97999999999928,24.207157580150255
53.999999999999275,14.634619506683036
54.01999999999927,30.935165300346213
54.039999999999274,5.306544621816849
54.05999999999928,20.90676602699675
54.07999999999927,21.431873856319122
54.09999999999927,17.03749394108252
54.11999999999927,27.36484830317039
54.139999999999276,19.754665013849106
54.15999999999927,25.726208418300544
54.17999999999927,33.39961809828401
54.19999999999927,23.44645751910183
54.219999999999274,12.407139541109137
54.23999999999927,13.289484457832529
54.259999999999266,28.647980359463297
54.27999999999927,8.839729578839115
54.29999999999927,19.807920158881696
54.31999999999927,22.75609362167806
54.339999999999264,18.85192806768293
54.35999999999927,22.396506836274533
54.37999999999927,12.624414936402983
54.39999999999927,8.165794004906726
54.41999999999926,16.60229773152444
54.439999999999266,25.373755029180433
54.45999999999927,15.59039364626624
54.479999999999265,23.078171237522216
54.49999999999926,16.88569661204045
54.519999999999264,19.841217439741
54.53999999999927,19.320780311836693
54.55999999999926,17.329610553529402
54.57999999999926,23.802794321676714
54.59999999999926,12.37301559718438
54.619999999999266,16.65792060521238
54.63999999999926,15.080910907487254
54.65999999999926,20.37270046816954
54.67999999999926,21.903676605199824
54.699999999999264,10.900986463943871
54.71999999999926,17.991216410720774
54.739999999999256,14.370620439191555
54.75999999999926,14.425463387652172
54.77999999999926,12.310218230406356
54.79999999999926,23.89870653543023
54.819999999999254,23.848414784632684
54.83999999999926,17.246078900936702
54.85999999999926,24.715847007380795
54.87999999999926,6.081069492861902
54.89999999999925,23.491228860397623
54.919999999999256,14.079761646150857
54.93999999999926,20.94750656862765
54.959999999999255,17.076656013132958
54.97999999999925,21.688099908407413
54.999999999999254,8.426441824292247
55.01999999999926,15.451653208679826
55.03999999999925,24.310631581258022
55.05999999999925,19.570978703072402
55.07999999999925,21.241206442183323
55.099999999999255,22.676430333430318
55.11999999999925,17.65876811886526
55.13999999999925,6.611341094407262
55.15999999999925,18.24313887216124
55.179999999999254,15.129874376950259
55.19999999999925,13.618620795070765
55.219999999999246,15.498702421609902
55.23999999999925,17.600955697410853
55.25999999999925,17.120525295088154
55.27999999999925,29.26395538648029
55.299999999999244,27.37052473323851
55.31999999999925,22.289697958872946
55.33999999999925,13.351880726943183
55.359999999999246,15.440087713300205
55.37999999999924,13.29876770337239
55.399999999999245,18.997548356182495
55.41999999999925,22.447899553100463
55.439999999999245,16.724212523347685
55.45999999999924,24.568699341230438
55.479999999999244,25.49268110723205
55.49999999999925,14.239335209257405
55.51999999999924,9.877227813775049
55.53999999999924,13.700058113491115
55.55999999999924,21.615443714579484
55.579999999999245,12.487272094757902
55.59999999999924,18.89470753281882
55.61999999999924,6.680387951700466
55.63999999999924,11.770889065828323
55.65999999999924,26.495087719489607
55.67999999999924,20.30946092150454
55.699999999999235,17.10050193527488
55.71999999999924,14.527338430612275
55.73999999999924,17.537673473452465
55.75999999999924,10.015998692671488
55.779999999999234,22.990420074929446
55.79999999999924,31.284776028159733
55.81999999999924,19.330754031218664
55.839999999999236,20.235171983958608
55.85999999999923,25.135094725983677
55.879999999999235,22.954435124508194
55.89999999999924,15.527214516642712
55.919999999999234,21.2059091286972
55.93999999999923,19.798114373220866
55.95999999999923,26.97182822916704
55.97999999999924,10.761133338682606
55.99999999999923,9.59338319364362
56.01999999999923,34.12702371105968
56.03999999999923,28.117356597276068
56.059999999999235,11.263437243634712
56.07999999999923,22.568303056203234
56.09999999999923,22.391147221491103
56.11999999999923,25.385024657042372
56.13999999999923,17.716070554106945
56.15999999999923,4.829104416105297
56.179999999999225,28.829051196249097
56.19999999999923,28.146765615685343
56.21999999999923,25.92255199008005
56.23999999999923,32.05537817544205
56.25999999999922,17.441317978335597
56.27999999999923,24.339747419353216
56.29999999999923,27.007959770238035
56.319999999999226,18.678650070697262
56.33999999999922,34.38297563950051
56.359999999999225,12.862263172045768
56.37999999999923,21.590878148235323
56.399999999999224,11.44224887330396
56.41999999999922,13.727477763860158
56.43999999999922,13.413487374282521
56.459999999999226,21.636274914645266
56.47999999999922,21.1480797491754
56.49999999999922,34.92376834383811
56.51999999999922,7.383738351442167
56.539999999999225,28.720282339816528
56.55999999999922,21.02991840041727
56.57999999999922,24.235838370372562
56.59999999999922,26.535893949594474
56.61999999999922,13.663165390085332
56.63999999999922,16.841524117861226
56.659999999999215,10.358949162444725
56.67999999999922,22.91368308873311
56.69999999999922,20.364198092854952
56.71999999999922,28.449737618092982
56.73999999999921,26.734407703613808
56.759999999999216,18.4641897367102
56.77999999999922,10.264962907728975
56.799999999999216,21.726516218489692
56.81999999999921,17.601648273317117
56.839999999999215,30.245255410259798
56.85999999999922,35.96196883521662
56.879999999999214,19.40102507080349
56.89999999999921,17.89618758165534
56.91999999999921,20.75983405808238
56.939999999999216,22.473889967749418
56.95999999999921,17.744057297232178
56.97999999999921,29.309507813246373
56.99999999999921,40.622582121019825
57.019999999999214,15.00540459993761
57.03999999999921,13.38196627811341
57.05999999999921,18.548388319626273
57.07999999999921,23.737558723898363
57.09999999999921,13.976274297041702
57.11999999999921,20.369534721071414
57.139999999999205,29.512271513069813
57.15999999999921,17.31398898453397
57.17999999999921,19.658674547308706
57.19999999999921,22.49643020575062
57.2199999999992,19.84356599382757
57.239999999999206,12.277886218422047
57.25999999999921,23.54877183862969
57.279999999999205,10.80892511261142
57.2999999999992,8.481608126113724
57.319999999999204,12.88803942360231
57.33999999999921,21.4512886086871
57.359999999999204,8.429510534894032
57.3799999999992,6.989473888631144
57.3999999999992,29.146413240753816
57.419999999999206,25.225598205969764
57.4399999999992,10.562522091326779
57.4599999999992,9.384856290288178
57.4799999999992,30.537922834864453
57.499999999999204,20.709250078510948
57.5199999999992,31.24679652137192
57.539999999999196,14.965806853959082
57.5599999999992,8.699508367549711
57.5799999999992,16.883835353131417
57.5999999999992,13.918043317970838
57.619999999999195,7.5898426759922
57.6399999999992,26.029030079235003
57.6599999999992,7.795057078468254
57.6799999999992,16.717886673695084
57.69999999999919,25.200435343961036
57.719999999999196,10.992814551799352
57.7399999999992,15.057716748962456
57.759999999999195,6.326674845510727
57.77999999999919,32.97108677536108
57.799999999999194,19.585979471164006
57.8199999999992,16.52983058284729
57.83999999999919,23.680113679608915
57.85999999999919,34.65952636188436
57.87999999999919,16.20432889116164
57.899999999999196,11.410476536159202
57.91999999999919,24.5216447632045
57.93999999999919,5.130543203716675
57.95999999999919,34.38355745731068
57.979999999999194,18.478123434049866
57.99999999999919,31.068384534526103
58.019999999999186,18.21611330120271
58.03999999999919,17.24202133729138
58.05999999999919,21.62370842628942
58.07999999999919,11.356736988878376
58.099999999999184,32.257128817292
58.11999999999919,9.032917169556416
58.13999999999919,28.086180529297394
58.15999999999919,6.216332870347868
58.17999999999918,25.98627868391874
58.199999999999186,32.19353020514888
58.21999999999919,26.773556738343135
58.239999999999185,18.83748222648557
58.25999999999918,8.816378699096765
58.279999999999184,29.274548949731237
58.29999999999919,11.606212665097242
58.31999999999918,20.10770546819211
58.33999999999918,35.68660641206537
58.35999999999918,32.025526077421674
58.379999999999185,22.354370202523455
58.39999999999918,11.975092055841335
58.41999999999918,20.108439791589444
58.43999999999918,21.82426427770721
58.459999999999184,17.567933579843363
58.47999999999918,16.375912551158684
58.499999999999176,20.334973819367093
58.51999999999918,29.686627061773343
58.53999999999918,24.346679494928527
58.55999999999918,18.014933174338065
58.579999999999174,22.91932692329851
58.59999999999918,27.02875699265083
58.61999999999918,18.54249287146953
58.639999999999176,18.19382177427889
58.65999999999917,8.63297715392837
58.679999999999175,26.2199833159004
58.69999999999918,25.597562577390462
58.719999999999175,19.5243090971384
58.73999999999917,22.445843152934287
58.759999999999174,15.454945953299635
58.77999999999918,29.904962603865556
58.79999999999917,7.91370857486138
58.81999999999917,22.548369075044388
58.83999999999917,16.11539178690476
58.859999999999175,27.30422104861085
58.87999999999917,23.619427061431516
58.89999999999917,27.188397247597653
58.91999999999917,30.271132033800836
58.93999999999917,30.101442144947548
58.95999999999917,25.779769792855785
58.979999999999166,11.055858974869285
58.99999999999917,18.00669343807143
59.01999999999917,34.344163225696526
59.03999999999917,30.648571338634163
59.059999999999164,23.422013585332195
59.07999999999917,19.955042696297596
59.09999999999917,25.818809456369898
59.119999999999166,9.387225931751871
59.13999999999916,20.664264950059707
59.159999999999165,18.290436425108894
59.17999999999917,27.006764183587627
59.199999999999164,36.22585355872029
59.21999999999916,24.027164260090164
59.23999999999916,25.66801620629514
59.25999999999917,28.419916632382794
59.27999999999916,15.480020222359684
59.29999999999916,20.0301404362799
59.31999999999916,14.702042276017401
59.339999999999165,24.01444687307263
59.35999999999916,25.785753423912773
59.37999999999916,21.112572465657834
59.39999999999916,6.233092066156951
59.41999999999916,15.43237183361176
59.43999999999916,36.014213990988885
59.459999999999155,21.37009229451418
59.47999999999916,21.477328597389757
59.49999999999916,30.3909180004825
59.51999999999916,14.684459749327752
59.539999999999154,19.582879832655003
59.55999999999916,20.678801881022018
59.57999999999916,26.052476904350158
59.599999999999156,13.91159191067668
59.61999999999915,10.536039402720462
59.639999999999155,19.13524952622456
59.65999999999916,18.826558091135663
59.679999999999154,29.626143208962553
59.69999999999915,14.74098469613129
59.71999999999915,19.666327440174236
59.739999999999156,16.827607162128064
59.75999999999915,30.37298377045905
59.77999999999915,1.8054591460752327
59.79999999999915,26.26594112907573
59.819999999999155,12.67869412681108
59.83999999999915,12.81552798476983
59.85999999999915,27.2317290927316
59.87999999999915,33.102966273457184
59.89999999999915,31.88806485848302
59.91999999999915,21.49228552232331
59.939999999999145,14.39004041549601
59.95999999999915,27.699480194186783
59.97999999999915,19.434980364504916
59.99999999999915,9.836230556974085
60.01999999999914,3.427452369496393
60.03999999999915,23.315434538206194
60.05999999999915,17.177612762029426
60.079999999999146,21.914294936642783
60.09999999999914,37.318345558184745
60.119999999999145,21.85360767449602
60.13999999999915,11.322031024436892
60.159999999999144,11.877145568258081
60.17999999999914,12.23098624608943
60.19999999999914,28.61752032317539
60.219999999999146,11.273361267925539
60.23999999999914,34.879781804985804
60.25999999999914,8.3656770370077
60.27999999999914,11.53370849631529
60.299999999999145,26.507903251773484
60.31999999999914,12.303596476290597
60.33999999999914,20.885848313462493
60.35999999999914,27.907877309812946
60.37999999999914,22.501695425475468
60.39999999999914,32.40354058826183
60.419999999999135,24.559272135951744
60.43999999999914,31.190699253165533
60.45999999999914,38.678834973698784
60.47999999999914,29.796012235582474
60.49999999999913,11.205448156057818
60.519999999999136,16.20331030313443
60.53999999999914,27.232687195220677
60.559999999999135,20.94849373112499
60.57999999999913,27.10510387773686
60.599999999999135,46.84467253870728
60.61999999999914,29.233984623131573
60.639999999999134,22.607780453193246
60.65999999999913,9.082733443288598
60.67999999999913,32.89787243665549
60.699999999999136,26.31311827816192
60.71999999999913,30.824132227574268
60.73999999999913,25.701942770574348
60.75999999999913,13.381941702240164
60.779999999999134,23.528478530258468
60.79999999999913,19.355264046923466
60.819999999999126,20.31501547107433
60.83999999999913,21.683101808702784
60.85999999999913,19.45210493893116
60.87999999999913,14.256755669028216
60.899999999999125,3.134855817971804
60.91999999999913,12.140196591001217
60.93999999999913,22.275234559391542
60.95999999999913,26.940780551203677
60.97999999999912,30.934589520810817
60.999999999999126,15.8130958618305
61.01999999999913,33.547666640738115
61.039999999999125,22.346407090448515
61.05999999999912,7.636351070433269
61.079999999999124,23.234621542312404
61.09999999999913,29.864054345584766
61.11999999999912,28.79960951108831
61.13999999999912,13.740066586312153
61.15999999999912,20.965597652003535
61.179999999999126,2.4052067741584153
61.19999999999912,11.637694115426262
61.21999999999912,17.352351752746085
61.23999999999912,34.52127031442235
61.259999999999124,6.881843486138525
61.27999999999912,27.32126556659718
61.299999999999116,15.374950647287882
61.31999999999912,19.818539145115338
61.33999999999912,25.08267222240692
61.35999999999912,21.743134639863555
61.379999999999114,6.83130688329584
61.39999999999912,15.356506793278905
61.41999999999912,22.616499688668654
61.43999999999912,9.694450389098016
61.45999999999911,12.327838461426975
61.479999999999116,39.426813502370955
61.49999999999912,10.382348814381814
61.519999999999115,25.26763676979799
61.53999999999911,14.317708544663326
61.559999999999114,21.899783014769735
61.57999999999912,16.402396514780783
61.59999999999911,12.73788800024668
61.61999999999911,13.987408850451605
61.63999999999911,30.679358612313713
61.659999999999116,20.600405067999947
61.67999999999911,26.180636982620257
61.69999999999911,21.269674009018495
61.71999999999911,23.64483311367768
61.739999999999114,4.257683496568605
61.75999999999911,30.02972492823404
61.779999999999106,11.999399820570975
61.79999999999911,29.806247554193234
61.81999999999911,27.14937156537245
61.83999999999911,15.154548014899266
61.859999999999104,17.779351533524597
61.87999999999911,23.954671601331412
61.89999999999911,13.795982884806218
61.919999999999106,25.234992041632395
61.9399999999991,20.34120768470179
61.959999999999106,16.38721731579658
61.97999999999911,14.832361888035692
61.999999999999105,20.94591598192918
62.0199999999991,12.298870849634259
62.039999999999104,24.446204855446958
62.05999999999911,11.470191930111149
62.0799999999991,28.849199572616573
62.0999999999991,13.028457668503084
62.1199999999991,22.497937383169138
62.139999999999105,13.370619420494517
62.1599999999991,24.633775886303514
62.1799999999991,12.734827869091
62.1999999999991,31.606752318362698
62.219999999999104,25.278441726103843
62.2399999999991,11.098190379084636
62.259999999999096,14.98581917284374
62.2799999999991,32.35997774825913
62.2999999999991,24.314503057907835
62.3199999999991,21.699929277046067
62.339999999999094,18.528240004600367
62.3599999999991,17.90338833485269
62.3799999999991,22.426086638350217
62.399999999999096,22.261150433183598
62.41999999999909,14.342579107237995
62.439999999999095,10.913344580537288
62.4599999999991,18.821633858569037
62.479999999999094,12.897772196201757
62.49999999999909,9.86699791410889
62.519999999999094,28.083422695137383
62.5399999999991,15.00688216245921
62.55999999999909,34.09300144022767
62.57999999999909,18.404913838585557
62.59999999999909,4.208303584101255
62.619999999999095,21.986108043795358
62.63999999999909,22.942109936487057
62.65999999999909,28.957835509282603
62.67999999999909,19.01325663683875
62.69999999999909,18.154125740832228
62.71999999999909,17.610279145421046
62.739999999999085,27.809803790805987
62.75999999999909,13.597572869615028
62.77999999999909,28.732641629162085
62.79999999999909,13.521429594641926
62.819999999999084,20.687362510096886
62.83999999999909,43.056167282066276
62.85999999999909,21.993607654909248
62.879999999999086,9.894678639520496
62.89999999999908,16.904022904422646
62.919999999999085,28.649318222463272
62.93999999999909,14.227243394870834
62.959999999999084,9.821008760966889
62.97999999999908,24.770587370306362
62.99999999999908,24.589599104061193
63.01999999999909,15.13758152140964
63.03999999999908,12.969773072186378
63.05999999999908,21.277153432742104
63.07999999999908,23.605826816214943
63.099999999999085,22.353812537773138
63.11999999999908,16.853600271601593
63.13999999999908,10.063458433932787
63.15999999999908,17.80503663144027
63.17999999999908,20.810327655789358
63.19999999999908,18.748674027419
63.219999999999075,25.023461485826108
63.23999999999908,30.294959889049665
63.25999999999908,15.92845714843537
63.27999999999908,30.773856495155158
63.29999999999907,22.715798073016817
63.31999999999908,18.764047992513234
63.33999999999908,20.825363263861195
63.359999999999076,14.854357271880158
63.37999999999907,25.960765588591258
63.399999999999075,24.15200478549818
63.41999999999908,4.529284756747257
63.439999999999074,22.138594233256395
63.45999999999907,16.51357901850318
63.47999999999907,17.57374896126422
63.499999999999076,15.83178590922807
63.51999999999907,19.470422332486287
63.53999999999907,21.284213020909565
63.55999999999907,11.694596731887055
63.579999999999075,30.13382639196407
63.59999999999907,23.990981948393987
63.61999999999907,23.383649124514204
63.63999999999907,45.43304721579197
63.65999999999907,22.36867944929658
63.67999999999907,24.400600732955205
63.699999999999065,11.726006753245729
63.71999999999907,10.62542404544474
63.73999999999907,33.25871198734745
63.75999999999907,8.014638920770725
63.77999999999906,11.125100381703888
63.799999999999066,16.75384945844836
63.81999999999907,27.880874185354376
63.839999999999065,9.28336101580263
63.85999999999906,13.507793293598944
63.879999999999065,16.88668996106617
63.89999999999907,23.212169176114692
63.919999999999064,22.87755748146419
63.93999999999906,30.856463527971794
63.95999999999906,12.445583146759521
63.979999999999066,15.819490896878385
63.99999999999906,35.51158171197099
64.01999999999906,5.828689231151223
64.03999999999905,21.093405408790467
64.05999999999906,17.897819803662994
64.07999999999906,14.903541796347653
64.09999999999906,26.52980714108509
64.11999999999907,12.829970375581919
64.13999999999906,26.887037226907164
64.15999999999906,19.511450767618285
64.17999999999905,18.860098935972164
64.19999999999905,0.0
64.21999999999906,18.09112631902676
64.23999999999906,22.352012443233633
64.25999999999905,34.64526874637493
64.27999999999906,2.168440420518859
64.29999999999906,39.08244450403237
64.31999999999906,18.766786203778054
64.33999999999905,27.0450005474969
64.35999999999905,18.752653580116004
64.37999999999906,21.722432635546834
64.39999999999905,14.61167910045658
64.41999999999905,28.285166077600486
64.43999999999906,13.212349689646567
64.45999999999906,26.709935543778876
64.47999999999905,12.025878658729589
64.49999999999905,17.726680341357827
64.51999999999904,13.065184536041313
64.53999999999905,4.619715211922088
64.55999999999905,12.819179528173718
64.57999999999905,2.340928737770927
64.59999999999906,16.630091000302915
64.61999999999905,30.584704379572614
64.63999999999905,15.482974731509266
64.65999999999904,21.15638723580047
64.67999999999904,15.695410036177353
64.69999999999905,26.645281427070092
64.71999999999905,16.947558678993943
64.73999999999904,23.00155881070194
64.75999999999905,18.394586595457962
64.77999999999905,17.189560713548588
64.79999999999905,2.5277324310639493
64.81999999999904,28.593976614394247
64.83999999999904,14.56639752822877
64.85999999999905,14.294294141449377
64.87999999999904,16.307414215901627
64.89999999999904,20.982974370808467
64.91999999999905,24.581568752100612
64.93999999999905,22.50006313257187
64.95999999999904,13.231614032809501
64.97999999999904,33.58899870711653
64.99999999999903,10.9118519789925
65.01999999999904,23.571305140713378
65.03999999999904,29.658015568947718
65.05999999999904,15.485092101158337
65.07999999999905,23.944712383461646
65.09999999999904,1.3693917431002163
65.11999999999904,8.124637353043493
65.13999999999903,26.549519772500904
65.15999999999903,15.416505603192352
65.17999999999904,14.910505782493079
65.19999999999904,19.03218685611739
65.21999999999903,26.665160678576832
65.23999999999904,13.386050869180425
65.25999999999904,16.634858828796528
65.27999999999903,19.76529925162077
65.29999999999903,30.85862475969025
65.31999999999903,19.233047832649643
65.33999999999904,16.885463212460287
65.35999999999903,29.263561509119093
65.37999999999903,30.073190254571173
65.39999999999904,33.06965987670453
65.41999999999904,22.003037767857126
65.43999999999903,27.442218232654852
65.45999999999903,21.883813704809906
65.47999999999902,18.624056338549124
65.49999999999903,27.65277164204163
65.51999999999903,26.053689322592767
65.53999999999903,28.235438833434785
65.55999999999904,16.304471726592933
65.57999999999903,24.731149208486343
65.59999999999903,26.38431496587448
65.61999999999902,27.39915444220466
65.63999999999902,22.75730926633933
65.65999999999903,33.52472611789288
65.67999999999903,24.295421875748957
65.69999999999902,16.942229690647082
65.71999999999903,13.260525306352795
65.73999999999903,24.917803388551413
65.75999999999902,19.603494420668824
65.77999999999902,26.067943963347002
65.79999999999902,11.780829660735915
65.81999999999903,27.35701418090975
65.83999999999902,20.354356210961246
65.85999999999902,18.89203320598284
65.87999999999903,24.413710765301126
65.89999999999903,23.840463338143323
65.91999999999902,33.60520340677391
65.93999999999902,2.1810432437814455
65.95999999999901,26.41634718444965
65.97999999999902,16.536085775824624
65.99999999999902,32.234843326413504
66.01999999999902,17.273271058838358
66.03999999999903,8.092457532534663
66.05999999999902,16.764226109858697
66.07999999999902,13.340605516098563
66.09999999999901,40.243259645302246
66.11999999999901,13.882646873219246
66.13999999999902,25.176574305313274
66.15999999999902,28.22732471441075
66.17999999999901,13.038662890778468
66.19999999999902,26.8775611679704
66.21999999999902,20.927446881585738
66.23999999999901,19.580870117540137
66.25999999999901,16.399847940478534
66.279999999999,38.54510495574428
66.29999999999902,14.446015048665988
66.31999999999901,20.240499868930446
66.33999999999901,17.274160603781834
66.35999999999902,13.980005690641821
66.37999999999901,18.251537070118705
66.39999999999901,14.289991154077768
66.419999999999,13.918372247870968
66.439999999999,17.95188397010659
66.45999999999901,30.17332996296145
66.47999999999901,30.327619458501584
66.499999999999,21.96745288164715
66.51999999999902,1.4589194346775045
66.53999999999901,1.5983603699932836
66.55999999999901,22.46824821926532
66.579999999999,22.40330018283592
66.599999999999,12.244423852479311
66.61999999999901,19.16017115849434
66.639999999999,15.77933333506346
66.659999999999,16.76975195678967
66.67999999999901,12.685215608689434
66.69999999999901,18.587693879861177
66.719999999999,5.234603276762387
66.739999999999,15.766895300340906
66.759999999999,30.0154957967531
66.779999999999,24.51489444721582
66.799999999999,20.131464663814963
66.819999999999,11.724803711188047
66.83999999999901,0.0
66.859999999999,31.9379728084338
66.879999999999,12.731313503733936
66.899999999999,15.369550118151441
66.91999999999899,17.38650014972569
66.939999999999,25.812198964798647
66.959999999999,18.956239199580782
66.979999999999,19.96887678901313
66.999999999999,18.928602753974896
67.019999999999,12.470772397152487
67.039999999999,21.878133810766883
67.059999999999,25.294485829302733
67.07999999999899,27.580190611743937
67.099999999999,19.611438836519667
67.119999999999,25.03170697834966
67.13999999999899,25.79869279448181
67.159999999999,12.168224532478913
67.179999999999,18.65388081754894
67.199999999999,4.812172914077664
67.21999999999899,17.16734218704022
67.23999999999899,22.056015339316737
67.259999999999,26.529513225669803
67.27999999999899,26.558209781043274
67.29999999999899,14.718237858035849
67.319999999999,15.412130986806837
67.339999999999,26.069754631325328
67.35999999999899,25.261866566702324
67.37999999999899,28.63723931300178
67.39999999999898,23.38719444942807
67.41999999999899,14.849588238723234
67.43999999999899,24.071838921239646
67.45999999999898,17.934015427993696
67.479999999999,20.341517666115497
67.49999999999899,21.290418623427016
67.51999999999899,18.072266585654592
67.53999999999898,5.251227909538834
67.55999999999898,21.265488540696364
67.57999999999899,13.61670552192021
67.59999999999899,13.359041192967783
67.61999999999898,17.89292357548832
67.63999999999899,21.280425200127507
67.65999999999899,2.6636510128131903
67.67999999999898,18.922288159174574
67.69999999999898,21.200882165775592
67.71999999999898,11.487240843182105
67.73999999999899,27.820339356619755
67.75999999999898,13.45723787037884
67.77999999999898,26.278580026858034
67.79999999999899,13.406867557119217
67.81999999999898,29.410107788112093
67.83999999999898,34.054564240593066
67.85999999999898,27.161024497328007
67.87999999999897,21.572788490483294
67.89999999999898,27.297279245244066
67.91999999999898,29.386567700577604
67.93999999999897,26.191460772941227
67.95999999999898,13.994903915365732
67.97999999999898,9.099547328016973
67.99999999999898,12.436378584748535
68.01999999999897,7.531796734105141
68.03999999999897,26.781134414706113
68.05999999999898,20.00840746563762
68.07999999999898,20.638955729633107
68.09999999999897,42.15983136614554
68.11999999999898,23.43219212473059
68.13999999999898,23.438672707905717
68.15999999999897,12.790502531901069
68.17999999999897,3.5825023264443985
68.19999999999897,0.0
68.21999999999898,29.952424867562996
68.23999999999897,2.0586684410348433
68.25999999999897,16.63916945811169
68.27999999999898,15.636159495494148
68.29999999999897,23.06102481702341
68.31999999999897,24.774067095530828
68.33999999999897,19.50847881039606
68.35999999999896,6.169996076589177
68.37999999999897,22.156033913903137
68.39999999999897,25.01039944078993
68.41999999999896,24.987794216712977
68.43999999999897,32.1792938320285
68.45999999999897,22.28619734096979
68.47999999999897,31.584139897024183
68.49999999999896,21.59808250321127
68.51999999999896,31.631069286729122
68.53999999999897,35.95329558253823
68.55999999999896,12.568830753034991
68.57999999999896,18.272773456054487
68.59999999999897,26.807645637289244
68.61999999999897,29.060029694180873
68.63999999999896,32.55091350579735
68.65999999999896,33.43936892683355
68.67999999999896,7.3934104305014365
68.69999999999897,4.877674216786302
68.71999999999896,22.2002092740163
68.73999999999896,27.539764287019885
68.75999999999897,7.428122903773071
68.77999999999896,14.366229988803617
68.79999999999896,36.724885515332055
68.81999999999896,23.20840113477141
68.83999999999895,23.344340299090277
68.85999999999896,24.061330867819724
68.87999999999896,25.52155736576958
68.89999999999895,25.163596651678045
68.91999999999896,22.687302889165533
68.93999999999896,26.919234868693177
68.95999999999896,5.741390787121885
68.97999999999895,5.864737565346227
68.99999999999895,33.28197466158018
69.01999999999896,29.05527596408743
69.03999999999895,23.564928446172956
69.05999999999895,22.48028606638161
69.07999999999896,18.33647621275421
69.09999999999896,11.420370010492375
69.11999999999895,30.059699538277442
69.13999999999895,18.221569280100177
69.15999999999894,13.597502290954274
69.17999999999896,6.29859949066528
69.19999999999895,17.51035424362332
69.21999999999895,19.80726057591491
69.23999999999896,28.00334065364998
69.25999999999895,0.5190072320195327
69.27999999999895,14.544788083486234
69.29999999999895,11.042747686111367
69.31999999999894,10.230303145980312
69.33999999999895,25.642231347360745
69.35999999999895,18.424137953836947
69.37999999999894,22.719859861671097
69.39999999999895,32.85342053204161
69.41999999999895,19.753632869890577
69.43999999999895,8.872590376478284
69.45999999999894,18.05910877822532
69.47999999999894,20.054507735731022
69.49999999999895,12.338179696027982
69.51999999999894,33.54131302296085
69.53999999999894,30.711001225073105
69.55999999999895,17.7377213596089
69.57999999999895,27.860769851605195
69.59999999999894,19.87551565448732
69.61999999999894,22.40550024982239
69.63999999999893,22.794661670656485
69.65999999999894,22.178685554894038
69.67999999999894,18.924033283814985
69.69999999999894,10.491184307191155
69.71999999999895,7.192672476754419
69.73999999999894,38.82549237171408
69.75999999999894,20.022878222253574
69.77999999999894,17.246627771344627
69.79999999999893,23.882483419419586
69.81999999999894,20.13750225647963
69.83999999999894,32.42752370274234
69.85999999999893,29.281856144511046
69.87999999999894,16.941951802288187
69.89999999999894,18.372176218680952
69.91999999999894,13.981245169542529
69.93999999999893,24.270394772404448
69.95999999999893,11.553967494637378
69.97999999999894,14.288804890206775
69.99999999999893,19.322892869624663
70.01999999999893,12.445989596876782
70.03999999999894,29.03176170992164
70.05999999999894,22.82001266876995
70.07999999999893,8.843582429518442
70.09999999999893,16.523717455310678
70.11999999999892,13.332329914099809
70.13999999999893,22.84806240145032
70.15999999999893,32.68906706837375
70.17999999999893,16.77003079275421
70.19999999999894,11.221036628894643
70.21999999999893,19.9949606024152
70.23999999999893,20.889436039425696
70.25999999999893,21.325475807200263
70.27999999999892,36.07924025224753
70.29999999999893,30.186403669164807
70.31999999999893,17.371375827763757
70.33999999999892,16.70833744357579
70.35999999999893,17.963123967483824
70.37999999999893,11.828406004308022
70.39999999999893,16.136672641902102
70.41999999999892,17.7571524779391
70.43999999999892,18.6641541621738
70.45999999999893,20.16810440048262
70.47999999999892,29.520648903454077
70.49999999999892,12.304478718421027
70.51999999999893,32.85697498573665
70.53999999999893,23.201589445939135
70.55999999999892,25.21894370777105
70.57999999999892,21.540252149054304
70.59999999999891,23.866508904373237
70.61999999999892,26.17430034907148
70.63999999999892,4.82880245833557
70.65999999999892,15.719063060079998
70.67999999999893,18.139970672535163
70.69999999999892,20.835549300313755
70.71999999999892,21.21407703109325
70.73999999999891,27.281255797350823
70.75999999999891,23.275249910237974
70.77999999999892,13.507997249513982
70.79999999999892,27.280015292216138
70.81999999999891,21.1911204560022
70.83999999999892,12.643208429392564
70.85999999999892,12.72575381078121
70.87999999999892,7.639904426596505
70.89999999999891,23.916093973965793
70.91999999999891,28.862931451082957
70.93999999999892,26.426742915380657
70.95999999999891,23.815848324840317
70.97999999999891,2.945814753045525
70.99999999999892,27.125651053453854
71.01999999999892,22.092015518501185
71.03999999999891,9.776286059790612
71.05999999999891,31.393833475911528
71.0799999999989,15.511996016375463
71.09999999999891,18.77884215858626
71.11999999999891,15.98645160516323
71.1399999999989,27.964021185335966
71.15999999999892,14.831172285502495
71.17999999999891,9.318613429019317
71.19999999999891,27.168497713676842
71.2199999999989,14.11109079592126
71.2399999999989,17.698679728545226
71.25999999999891,17.56725680706632
71.2799999999989,8.351910948477325
71.2999999999989,15.275713420030328
71.31999999999891,26.274369175935227
71.33999999999891,10.866380596330186
71.3599999999989,15.481337261581263
71.3799999999989,22.887031605593872
71.3999999999989,20.607187659239194
71.41999999999891,13.704041868662799
71.4399999999989,8.448169692830565
71.4599999999989,29.449082392073556
71.47999999999891,24.29220978614113
71.4999999999989,28.591142460370552
71.5199999999989,22.60478722354889
71.5399999999989,19.91716206453652
71.5599999999989,13.777006870601411
71.5799999999989,34.174691270600846
71.5999999999989,19.760789351778428
71.6199999999989,26.352371069028557
71.6399999999989,32.61918303543143
71.6599999999989,24.339483691893733
71.6799999999989,32.40223811283355
71.6999999999989,0.22339031524097308
71.71999999999889,19.045794073601158
71.7399999999989,20.79491878564683
71.7599999999989,12.298503638997612
71.77999999999889,35.117750877595256
71.7999999999989,22.932558729276547
71.8199999999989,17.103324377216957
71.8399999999989,22.69006727045888
71.85999999999889,20.07373704503064
71.87999999999889,13.34192979086006
71.8999999999989,20.15297589804097
71.9199999999989,25.22012070126637
71.93999999999889,25.232825080605284
71.9599999999989,14.056755381861556
71.9799999999989,5.0137244859771375
71.99999999999889,13.60769497045234
72.01999999999889,29.232034665847564
72.03999999999888,15.039624676862791
72.0599999999989,25.677017136620645
72.07999999999889,12.556401768586461
72.09999999999889,30.600317999870292
72.1199999999989,19.823352134666003
72.13999999999889,12.678251783115616
72.15999999999889,31.352911274251113
72.17999999999888,21.251616316992823
72.19999999999888,41.80027011303774
72.21999999999889,30.24729934582173
72.23999999999889,13.859686404613281
72.25999999999888,12.21262547573448
72.27999999999889,12.27942157372366
72.29999999999889,11.316644672940074
72.31999999999888,18.44950021763018
72.33999999999888,11.633107103435458
72.35999999999888,22.106407879485793
72.37999999999889,35.627914808416335
72.39999999999888,21.429402687052875
72.41999999999888,13.885295407497741
72.43999999999889,23.16103553061274
72.45999999999889,18.985751694430846
72.47999999999888,10.320097722023146
72.49999999999888,27.109917802821446
72.51999999999887,23.817466578299936
72.53999999999888,25.97843696486025
72.55999999999888,27.223851512530526
72.57999999999888,15.295820364978294
72.59999999999889,27.159318297478485
72.61999999999888,16.429898528880354
72.63999999999888,19.87873952771796
72.65999999999887,22.414064057599806
72.67999999999887,9.07110389723114
72.69999999999888,17.751477125202307
72.71999999999888,0.9952240013248783
72.73999999999887,27.369921186316766
72.75999999999888,23.958741842089598
72.77999999999888,19.9350435722623
72.79999999999887,20.227133594768457
72.81999999999887,15.087406130034102
72.83999999999887,7.353694344466415
72.85999999999888,12.645111721847282
72.87999999999887,19.62689846951169
72.89999999999887,24.11910330771329
72.91999999999888,15.823603320619307
72.93999999999888,20.181780706810287
72.95999999999887,25.999680498498062
72.97999999999887,19.75056392037851
72.99999999999886,26.050954198128174
73.01999999999887,20.676764032601014
73.03999999999887,25.936672725099776
73.05999999999887,23.365231763000608
73.07999999999888,4.655938778430436
73.09999999999887,27.624205852719832
73.11999999999887,15.390346054395184
73.13999999999886,24.878193618882154
73.15999999999886,13.711133494677778
73.17999999999887,18.588749533906395
73.19999999999887,26.951614349770193
73.21999999999886,13.347009995992703
73.23999999999887,34.025928022390204
73.25999999999887,14.223616185468483
73.27999999999886,22.740790801714137
73.29999999999886,21.346896219556516
73.31999999999886,8.3234795598276
73.33999999999887,20.183027683661397
73.35999999999886,14.94155703149794
73.37999999999886,10.677434874865266
73.39999999999887,17.898660832530997
73.41999999999886,28.925495403571546
73.43999999999886,23.46212143733615
73.45999999999886,16.600526108039855
73.47999999999885,22.6783040663449
73.49999999999886,7.606286907117148
73.51999999999886,13.520685822288552
73.53999999999886,18.208492975631007
73.55999999999887,27.110695220851472
73.57999999999886,16.155270362870134
73.59999999999886,28.569304044722145
73.61999999999885,17.413740273704562
73.63999999999885,21.670168643985505
73.65999999999886,19.999636863673935
73.67999999999886,25.164942530729988
73.69999999999885,10.997143045103272
73.71999999999886,27.343298480447217
73.73999999999886,13.148529082388066
73.75999999999885,15.769566951534696
73.77999999999885,29.8576179164305
73.79999999999885,16.557930509705006
73.81999999999886,32.94225461436802
73.83999999999885,18.84166510572629
73.85999999999885,14.09520315557668
73.87999999999886,11.576984058400447
73.89999999999885,18.892235210197455
73.91999999999885,24.83460977551237
73.93999999999885,16.219104244420876
73.95999999999884,16.59072319203147
73.97999999999885,17.943546594906667
73.99999999999885,4.349819716505623
74.01999999999884,17.023939907086742
74.03999999999886,10.487210204633103
74.05999999999885,20.563137447463657
74.07999999999885,17.249661504523818
74.09999999999884,20.707862637943467
74.11999999999884,13.991005403388836
74.13999999999885,16.83794404831282
74.15999999999885,19.015422588665405
74.17999999999884,17.157366126851194
74.19999999999885,18.910111332125844
74.21999999999885,19.305653825509562
74.23999999999884,24.62238173686631
74.25999999999884,18.168785453865045
74.27999999999884,21.761085212966158
74.29999999999885,23.348757353758735
74.31999999999884,8.986537484732395
74.33999999999884,17.68020368472413
74.35999999999885,17.865165120068962
74.37999999999884,34.48372506335296
74.39999999999884,15.332457026679474
74.41999999999884,10.86062877658117
74.43999999999883,14.452666972538829
74.45999999999884,36.95931448370081
74.47999999999884,23.296577955807596
74.49999999999883,23.229112343771465
74.51999999999884,24.018797888947677
74.53999999999884,37.10222113790968
74.55999999999884,30.916994681350218
74.57999999999883,29.459995700429786
74.59999999999883,15.238424840360082
74.61999999999884,6.5269644434318455
74.63999999999884,14.237252672683809
74.65999999999883,20.68364672040323
74.67999999999884,21.280780213757403
74.69999999999884,8.733879170045737
74.71999999999883,21.72556510365535
74.73999999999883,24.647257683959317
74.75999999999883,25.343767446190444
74.77999999999884,33.75040487513232
74.79999999999883,22.588386707146455
74.81999999999883,36.912781088323534
74.83999999999884,38.80515734100723
74.85999999999883,43.00398995167325
74.87999999999883,57.65858440428674
74.89999999999883,80.38380967770912
74.91999999999882,92.11020047929057
74.93999999999883,101.23421157582833
74.95999999999883,149.38332984694392
74.97999999999882,168.67888003736493
74.99999999999883,213.73012111149038
75.01999999999883,226.73564436638497
75.03999999999883,245.0095371391458
75.05999999999882,256.7215681516034
75.07999999999882,274.5975693388706
75.09999999999883,281.7427154489932
75.11999999999883,271.6915161474478
75.13999999999882,284.27141938961876
75.15999999999883,258.17729389302616
75.17999999999883,232.771517955769
75.19999999999882,226.29246994429374
75.21999999999882,180.41968933927456
75.23999999999882,159.9910226738682
75.25999999999883,150.0509763025056
75.27999999999882,119.33699413525453
75.29999999999882,97.11880762612253
75.31999999999883,72.57335306746285
75.33999999999882,76.67911990233993
75.35999999999882,53.632495274493664
75.37999999999882,44.09516618178382
75.39999999999881,34.966197138778035
75.41999999999882,23.205179899029577
75.43999999999882,22.088332272778754
75.45999999999881,21.119482684558236
75.47999999999882,3.6016848666345567
75.49999999999882,13.132450922861345
75.51999999999882,28.770633441421445
75.53999999999881,8.381934207664168
75.55999999999881,22.634150553264515
75.57999999999882,40.77382509577913
75.59999999999881,15.898800705063149
75.61999999999881,7.657060209371528
75.63999999999882,5.961240391979457
75.65999999999882,10.217153569646664
75.67999999999881,32.76341723734134
75.69999999999881,25.84856784380578
75.7199999999988,14.776550902955396
75.73999999999882,18.822914457144154
75.75999999999881,19.527336414498627
75.77999999999881,24.785856333034108
75.79999999999882,20.76398126678263
75.81999999999881,14.602639925288628
75.83999999999881,30.44370295711895
75.8599999999988,39.86229241862587
75.8799999999988,28.08606098831858
75.89999999999881,23.922606517995693
75.91999999999881,35.130189590390636
75.9399999999988,22.53928764492391
75.95999999999881,16.09255830482156
75.97999999999881,9.595266493654506
75.9999999999988,24.965043987519053
76.0199999999988,20.04034718106905
76.0399999999988,24.48356374695691
76.05999999999881,12.17617282294594
76.0799999999988,14.77442255983339
76.0999999999988,31.935212786397862
76.11999999999881,23.72598337980306
76.1399999999988,11.024180475456628
76.1599999999988,13.655485369140408
76.1799999999988,16.773557946125827
76.1999999999988,19.983034878987617
76.2199999999988,16.26449040795845
76.2399999999988,19.062805066961996
76.2599999999988,7.606935338819776
76.27999999999881,30.24509974092195
76.2999999999988,23.181668335004986
76.3199999999988,18.698179376599033
76.3399999999988,16.295752187937236
76.35999999999879,30.747804435885058
76.3799999999988,19.500609434702188
76.3999999999988,23.455168560689724
76.4199999999988,20.93411306189304
76.4399999999988,26.69978177743363
76.4599999999988,21.66531534857564
76.4799999999988,17.47889163227321
76.49999999999879,14.536680668561775
76.51999999999879,10.81378048746247
76.5399999999988,19.36256699138541
76.5599999999988,24.187613210632975
76.57999999999879,14.113898109445657
76.5999999999988,23.90319559348103
76.6199999999988,4.2369867286933385
76.63999999999879,20.60907896673612
76.65999999999879,19.452395387479488
76.67999999999878,18.756963392601698
76.6999999999988,26.967795305545344
76.71999999999879,9.373847187055924
76.73999999999879,15.885391748768889
76.7599999999988,1.6305981062874508
76.7799999999988,25.784299155223145
76.79999999999879,23.31893523070313
76.81999999999879,21.545963666414792
76.83999999999878,11.779488580010236
76.85999999999879,4.571548181928238
76.87999999999879,14.88259062637683
76.89999999999878,29.947837160020143
76.9199999999988,8.051852950803369
76.93999999999879,21.287512529492332
76.95999999999879,27.66668358764023
76.97999999999878,29.565329359270898
76.99999999999878,18.136834086914938
77.01999999999879,20.839879308382997
77.03999999999878,20.561468616232503
77.05999999999878,23.38601511031262
77.07999999999879,34.06561752048557
77.09999999999879,27.456724310703216
77.11999999999878,7.936449264061432
77.13999999999878,12.760476289513353
77.15999999999877,29.760891297264862
77.17999999999878,26.897287889890254
77.19999999999878,19.69341734252449
77.21999999999878,14.37245708483211
77.23999999999879,20.12808873775499
77.25999999999878,25.98779350469821
77.27999999999878,7.610207009619076
77.29999999999878,18.369477775541952
77.31999999999877,5.202190563820993
77.33999999999878,24.959167047073535
77.35999999999878,0.0
77.37999999999877,22.94607581996049
77.39999999999878,30.626683081209315
77.41999999999878,12.437808972136427
77.43999999999878,6.035257773246904
77.45999999999877,11.651123554533708
77.47999999999877,12.80562686560919
77.49999999999878,17.538385335544938
77.51999999999877,23.063149200087693
77.53999999999877,8.76178119349044
77.55999999999878,9.934265043131832
77.57999999999878,20.736975438175214
77.59999999999877,16.80690362515761
77.61999999999877,16.315575233641308
77.63999999999876,31.625225072413393
77.65999999999877,27.557197607009336
77.67999999999877,13.806830649082642
77.69999999999877,17.165126904040036
77.71999999999878,27.287127081766812
77.73999999999877,16.262093398775683
77.75999999999877,19.071994117232116
77.77999999999876,20.95835166958473
77.79999999999876,16.80680017346811
77.81999999999877,20.828277242299865
77.83999999999877,29.152442037012747
77.85999999999876,16.757347149727725
77.87999999999877,11.569778159980673
77.89999999999877,21.517548911459073
77.91999999999877,23.396840257878537
77.93999999999876,15.864125137052277
77.95999999999876,9.155143088267268
77.97999999999877,30.86880501200193
77.99999999999876,20.55520202019699
78.01999999999876,24.051959480919127
78.03999999999877,12.028475016874753
78.05999999999877,8.174730541717192
78.07999999999876,21.045010298942625
78.09999999999876,21.234810363117575
78.11999999999875,24.136315879596893
78.13999999999876,17.462868581946932
78.15999999999876,24.22238708231651
78.17999999999876,23.742601053468334
78.19999999999877,35.28982220174611
78.21999999999876,25.385406812041666
78.23999999999876,24.165763553749876
78.25999999999875,21.76603126969278
78.27999999999875,7.981515636817825
78.29999999999876,17.862319672054827
78.31999999999876,25.812842959570965
78.33999999999875,23.8007748131362
78.35999999999876,20.60557125132065
78.37999999999876,6.335499121817239
78.39999999999876,24.798228710806505
78.41999999999875,18.21130818157831
78.43999999999875,36.652426049773496
78.45999999999876,13.261818957224225
78.47999999999875,9.962888592346054
78.49999999999875,23.46133732523669
78.51999999999876,22.71264546190905
78.53999999999876,20.591289243743983
78.55999999999875,22.42003492979777
78.57999999999875,24.661544625387943
78.59999999999874,22.469197484703404
78.61999999999875,28.024637285861722
78.63999999999875,18.49229829706755
78.65999999999875,26.446318729372056
78.67999999999876,11.627816497416639
78.69999999999875,5.241185728686764
78.71999999999875,20.6761908591983
78.73999999999874,24.021807713882442
78.75999999999874,21.131424357153094
78.77999999999875,15.320889819812175
78.79999999999875,21.515105273018982
78.81999999999874,28.39444809301471
78.83999999999875,21.26748088592608
78.85999999999875,25.022777819568773
78.87999999999874,20.349882919492472
78.89999999999874,31.09854459536197
78.91999999999874,28.036215440470947
78.93999999999875,22.303504984618133
78.95999999999874,21.392203321546052
78.97999999999874,25.531267859536868
78.99999999999875,16.27539200318902
79.01999999999875,20.367846673754986
79.03999999999874,17.194162877555026
79.05999999999874,14.140775365430532
79.07999999999873,15.519664550556719
79.09999999999874,16.104044620921243
79.11999999999874,29.528175098824047
79.13999999999874,18.067415575262505
79.15999999999875,22.32415032319068
79.17999999999874,29.363810729758818
79.19999999999874,42.92209987560574
79.21999999999873,29.57549550513542
79.23999999999873,0.0
79.25999999999874,25.269723460299907
79.27999999999874,5.008771915801079
79.29999999999873,12.904691258054338
79.31999999999874,19.85370117585688
79.33999999999874,21.619855637013703
79.35999999999873,6.293851899409722
79.37999999999873,20.685342457444296
79.39999999999873,17.890551146740602
79.41999999999874,8.581297761276268
79.43999999999873,3.0387867730460627
79.45999999999873,23.141431834865767
79.47999999999874,27.695896837193782
79.49999999999874,28.41140437694279
79.51999999999873,20.987102010060926
79.53999999999873,23.20442052699785
79.55999999999872,15.998488417775839
79.57999999999873,23.566322814924188
79.59999999999873,22.67367099748875
79.61999999999873,6.743695292066427
79.63999999999874,19.54723598908772
79.65999999999873,25.710260666016804
79.67999999999873,19.94856159127741
79.69999999999872,17.192108046682428
79.71999999999872,20.30344753958046
79.73999999999873,12.731819623146487
79.75999999999873,9.208875255134362
79.77999999999872,13.457600459440812
79.79999999999873,13.586030018362521
79.81999999999873,14.857701786651532
79.83999999999872,21.834359092113257
79.85999999999872,32.647113553640004
79.87999999999872,8.420151604474295
79.89999999999873,22.213676219934538
79.91999999999872,14.826893967340137
79.93999999999872,23.36914227457742
79.95999999999873,35.89907690430569
79.97999999999873,23.81965765987764
79.99999999999872,12.820752822755466
80.01999999999872,12.62112349361148
80.03999999999871,35.94502195440556
80.05999999999872,2.4653446589498564
80.07999999999872,13.201547443786932
80.09999999999872,15.654040203677273
80.11999999999873,11.304903645782023
80.13999999999872,11.525858624560597
80.15999999999872,26.59304453279475
80.17999999999871,28.90738560309476
80.19999999999871,12.94132352976085
80.21999999999872,14.569551973072183
80.23999999999872,23.206923616030195
80.25999999999871,24.76703629420088
80.27999999999872,31.17062451809298
80.29999999999872,16.01687851352373
80.31999999999871,18.99246595298734
80.33999999999871,41.22076755969717
80.3599999999987,6.451180269402803
80.37999999999872,30.694686265514914
80.39999999999871,23.229032502155782
80.41999999999871,7.643784429299558
80.43999999999872,24.561507934385116
80.45999999999871,5.558583896487507
80.47999999999871,26.045439850565508
80.4999999999987,25.90244433419773
80.5199999999987,6.174412735058663
80.53999999999871,15.117940813262674
80.55999999999871,30.14481998659821
80.5799999999987,21.623937931070657
80.59999999999872,14.979388227456415
80.61999999999871,16.749119610934343
80.63999999999871,20.789430714018195
80.6599999999987,26.442619523782806
80.6799999999987,32.92474323908968
80.69999999999871,25.64700366796665
80.7199999999987,17.32416589205539
80.7399999999987,15.946865859508335
80.75999999999871,25.453039646922168
80.77999999999871,30.226378657448535
80.7999999999987,18.26184080917488
80.8199999999987,26.141709867215628
80.8399999999987,25.497856185854886
80.8599999999987,18.849415458603648
80.8799999999987,24.657007799879363
80.8999999999987,16.13213312481725
80.91999999999871,13.127219366269706
80.9399999999987,18.02065454165825
80.9599999999987,20.72673902207324
80.9799999999987,35.7630611607981
80.99999999999869,22.07793417912342
81.0199999999987,16.4797729070455
81.0399999999987,17.375694290161196
81.0599999999987,29.046932929904777
81.0799999999987,15.139674563161389
81.0999999999987,7.105987320241923
81.1199999999987,17.62221198649017
81.1399999999987,25.233124900771056
81.15999999999869,22.346337077228682
81.1799999999987,31.223298154596947
81.1999999999987,23.23773663809581
81.21999999999869,34.14129028234182
81.2399999999987,12.346506950275193
81.2599999999987,32.95553092349856
81.2799999999987,27.098417953692298
81.29999999999869,17.290442945673263
81.31999999999869,24.60793120284929
81.3399999999987,21.243990641133323
81.35999999999869,23.89097105118809
81.37999999999869,6.776373505486951
81.3999999999987,26.26855578917516
81.4199999999987,5.6141387386964645
81.43999999999869,18.56747350716996
81.45999999999869,13.65997463052707
81.47999999999868,19.169199062940876
81.49999999999869,20.553532710962134
81.51999999999869,26.957560033240597
81.53999999999868,0.0
81.5599999999987,17.99734203196001
81.57999999999869,4.166423149830287
81.59999999999869,21.939586703612346
81.61999999999868,14.58902932200812
81.63999999999868,29.60558130740982
81.65999999999869,18.03964026379336
81.67999999999869,13.668473275193211
81.69999999999868,21.68431039083116
81.71999999999869,6.1598404658980055
81.73999999999869,10.60588181195936
81.75999999999868,15.97030900003437
81.77999999999868,21.052231118010845
81.79999999999868,16.325218441450183
81.81999999999869,21.420048486560418
81.83999999999868,16.834238269377185
81.85999999999868,24.721592155740982
81.87999999999869,5.640863216820147
81.89999999999868,18.588731192925362
81.91999999999868,13.2824077223156
81.93999999999868,29.06740999717507
81.95999999999867,5.176034519000977
81.97999999999868,24.181181476976775
81.99999999999868,13.881217170760824
82.01999999999867,24.076766284692653
82.03999999999868,24.449731805057986
82.05999999999868,25.17587714592649
82.07999999999868,22.671393321746255
82.09999999999867,9.8374132599513
82.11999999999867,29.227290676108076
82.13999999999868,12.045044566712566
82.15999999999867,26.30756027194029
82.17999999999867,22.163516306045985
82.19999999999868,24.19718232107718
82.21999999999868,30.450204827872653
82.23999999999867,16.79309618530393
82.25999999999867,17.865494324920228
82.27999999999867,19.80060461776272
82.29999999999868,21.314829838940273
82.31999999999867,20.23680620360063
82.33999999999867,27.740650217527143
82.35999999999868,12.775483052566607
82.37999999999867,35.228782076976096
82.39999999999867,20.509292250358005
82.41999999999867,26.36478978086827
82.43999999999866,16.856194997888196
82.45999999999867,21.407488382770403
82.47999999999867,47.552065427056206
82.49999999999866,22.257271765211886
82.51999999999867,26.92123984628978
82.53999999999867,14.951379657375224
82.55999999999867,12.741499471467687
82.57999999999866,25.122550537981674
82.59999999999866,11.860246542121677
82.61999999999867,19.289060243505887
82.63999999999866,22.114170081981488
82.65999999999866,23.847182861699796
82.67999999999867,30.631929328785624
82.69999999999867,9.916888276862375
82.71999999999866,17.077888004825812
82.73999999999866,20.215532360914327
82.75999999999866,13.720359499066792
82.77999999999867,32.202050495395426
82.79999999999866,19.282112086165547
82.81999999999866,14.858238165758852
82.83999999999867,28.90064859492088
82.85999999999866,18.043191221912327
82.87999999999866,22.40347690944928
82.89999999999866,19.30189188560099
82.91999999999865,18.00196684639837
82.93999999999866,18.707539759858953
82.95999999999866,25.81140245105912
82.97999999999865,31.187125612932036
82.99999999999866,18.880492766220936
83.01999999999866,33.430412132059736
83.03999999999866,24.184629256580838
83.05999999999865,19.65831700598763
83.07999999999865,24.32183754639985
83.09999999999866,5.362645416564186
83.11999999999865,16.79382800635007
83.13999999999865,36.08460263388923
83.15999999999866,0.0
83.17999999999866,23.330297950900516
83.19999999999865,25.554889249765083
83.21999999999865,19.412281737752693
83.23999999999864,20.551675151536237
83.25999999999866,16.96401718393807
83.27999999999865,12.217522247501712
83.29999999999865,11.63081221642383
83.31999999999866,25.74248771889782
83.33999999999865,37.54740941019823
83.35999999999865,16.87400252637554
83.37999999999865,34.75120889668655
83.39999999999864,28.744234393350922
83.41999999999865,25.310630476590106
83.43999999999865,23.070623774191418
83.45999999999864,12.3709426898571
83.47999999999865,17.001056959245197
83.49999999999865,29.933241012192852
83.51999999999865,22.5480159313243
83.53999999999864,20.606929490909152
83.55999999999864,13.53384592384088
83.57999999999865,23.294435777405162
83.59999999999864,7.215589048852511
83.61999999999864,18.514283797905428
83.63999999999865,16.910783647919477
83.65999999999865,22.12394400872933
83.67999999999864,19.273610474350725
83.69999999999864,6.99984167556244
83.71999999999863,15.450531479511506
83.73999999999864,1.5518386689457024
83.75999999999864,9.392821982590743
83.77999999999864,29.780825042699696
83.79999999999865,8.73247980639641
83.81999999999864,18.977801792309002
83.83999999999864,9.882858328248341
83.85999999999864,7.617497028459246
83.87999999999863,24.006231244698473
83.89999999999864,23.604453858168124
83.91999999999864,32.0995997095886
83.93999999999863,20.615042525038696
83.95999999999864,19.421111455449093
83.97999999999864,18.132951589576695
83.99999999999864,13.926342430405002
84.01999999999863,28.269964503786085
84.03999999999863,14.850036181289479
84.05999999999864,17.370894910470035
84.07999999999863,5.815307371455557
84.09999999999863,23.105647646726286
84.11999999999864,5.410434890399781
84.13999999999864,30.38141676493627
84.15999999999863,11.264672435506142
84.17999999999863,14.548233447784302
84.19999999999862,20.6267918341162
84.21999999999863,7.697938155526671
84.23999999999863,26.499146549675704
84.25999999999863,20.9633315503684
84.27999999999864,13.27027042882786
84.29999999999863,18.250083248322294
84.31999999999863,29.86883584419007
84.33999999999862,39.46790881585844
84.35999999999862,18.122344345243654
84.37999999999863,22.65553941661213
84.39999999999863,7.0009995039529205
84.41999999999862,17.901222792053755
84.43999999999863,17.1028004107939
84.45999999999863,31.1275472457152
84.47999999999863,33.02101907324523
84.49999999999862,5.567996866148832
84.51999999999862,22.244437466833993
84.53999999999863,19.419259378288455
84.55999999999862,25.206179358751168
84.57999999999862,10.564426639741757
84.59999999999863,11.645483893977557
84.61999999999863,7.003422228973481
84.63999999999862,35.12141198951261
84.65999999999862,12.51518685963579
84.67999999999861,25.302037718049032
84.69999999999862,12.325355026432915
84.71999999999862,18.963833944391983
84.73999999999862,3.870903852181719
84.75999999999863,26.86553876728185
84.77999999999862,16.320715521209515
84.79999999999862,25.177317364301057
84.81999999999861,3.8594946313492997
84.83999999999861,22.122449053878682
84.85999999999862,14.959959500670386
84.87999999999862,11.449750493521897
84.89999999999861,35.05005901962499
84.91999999999862,29.382867399051552
84.93999999999862,23.642205089037333
84.95999999999862,28.214328781947373
84.97999999999861,26.437306891204535
84.99999999999861,22.420972857885598
85.01999999999862,23.982483927684424
85.03999999999861,4.677443526799587
85.05999999999861,32.605328605434515
85.07999999999862,24.89328342440205
85.09999999999862,13.899758976453594
85.11999999999861,13.38746152803002
85.13999999999861,34.55342603956671
85.1599999999986,25.35955126070771
85.17999999999861,20.198754458924732
85.19999999999861,12.617376057344224
85.2199999999986,23.071206274865947
85.23999999999862,12.914587976101132
85.25999999999861,18.868786119196496
85.27999999999861,5.486978296065869
85.2999999999986,10.715328035245703
85.3199999999986,28.81276314836646
85.33999999999861,28.66084585100488
85.3599999999986,18.702271563479453
85.3799999999986,0.0
85.39999999999861,19.215222014319448
85.41999999999861,25.16320173199261
85.4399999999986,13.991406472582835
85.4599999999986,7.838411010465846
85.4799999999986,36.40053272564869
85.49999999999861,24.693654906350865
85.5199999999986,11.830009801696391
85.5399999999986,27.429736108355982
85.55999999999861,27.02064628085818
85.5799999999986,22.66103914900666
85.5999999999986,17.783662202860107
85.6199999999986,20.390277724495064
85.6399999999986,9.42264585482586
85.6599999999986,16.12743627482661
85.6799999999986,7.7349406098052995
85.6999999999986,0.0
85.7199999999986,28.536834462229933
85.7399999999986,20.973278552597396
85.7599999999986,23.13807046711957
85.7799999999986,26.413681048718523
85.79999999999859,22.39502198872472
85.8199999999986,35.9184851216812
85.8399999999986,26.086598571194283
85.85999999999859,21.49416421247852
85.8799999999986,13.750036691119226
85.8999999999986,19.339113194491166
85.9199999999986,15.921059612426308
85.93999999999859,33.377638500649496
85.95999999999859,7.390035936687198
85.9799999999986,24.087968417447662
85.9999999999986,29.107261584582723
86.01999999999859,13.364349504856907
86.0399999999986,29.583114064245294
86.0599999999986,19.025734710022363
86.07999999999859,8.308195211198711
86.09999999999859,8.27883605087939
86.11999999999858,13.020710468733636
86.1399999999986,32.554653885035364
86.15999999999859,20.91766676397639
86.17999999999859,17.557981138114492
86.1999999999986,14.436877496673684
86.21999999999859,21.859424837286095
86.23999999999859,28.545976252694413
86.25999999999858,12.03912477937654
86.27999999999858,18.48882991410433
86.29999999999859,48.33932134278412
86.31999999999859,29.163226215755735
86.33999999999858,10.34234970604779
86.35999999999859,36.75761087873438
86.37999999999859,3.5867883453345257
86.39999999999858,20.49088405002833
86.41999999999858,28.79172714608677
86.43999999999858,18.947254736355738
86.45999999999859,22.064333923213567
86.47999999999858,15.162824528231056
86.49999999999858,25.92514280698004
86.51999999999859,8.147833244116574
86.53999999999859,29.32909253892697
86.55999999999858,37.786240965396594
86.57999999999858,27.2136473425809
86.59999999999857,24.167275431911747
86.61999999999858,19.890502928680167
86.63999999999858,23.733000030369613
86.65999999999858,15.165908680040637
86.67999999999859,17.664724504451655
86.69999999999858,22.7233754428244
86.71999999999858,15.825236020386647
86.73999999999857,27.37945432241159
86.75999999999857,22.648477418449417
86.77999999999858,7.718162493487277
86.79999999999858,14.49670999025223
86.81999999999857,19.559774921907717
86.83999999999858,13.895048650496744
86.85999999999858,9.172623392192552
86.87999999999857,31.101326752641143
86.89999999999857,16.76730987665145
86.91999999999857,18.747067239199257
86.93999999999858,19.14532291686033
86.95999999999857,13.85787718648244
86.97999999999857,20.091098477734366
86.99999999999858,26.520835144187494
87.01999999999857,25.827952415514556
87.03999999999857,16.811956301560382
87.05999999999857,25.176394939446006
87.07999999999856,21.446392749483643
87.09999999999857,8.686460124961354
87.11999999999857,18.290621560737527
87.13999999999857,21.557006411141167
87.15999999999858,30.60871931868555
87.17999999999857,23.77872407577332
87.19999999999857,11.169942245006716
87.21999999999856,24.051040956045274
87.23999999999856,25.67197835895975
87.25999999999857,15.257736660541934
87.27999999999857,24.65832362986064
87.29999999999856,21.76936704864586
87.31999999999857,13.396217987844514
87.33999999999857,6.188160810412867
87.35999999999856,16.18411836933033
87.37999999999856,29.51885452421807
87.39999999999856,28.437950165965482
87.41999999999857,18.49261965893401
87.43999999999856,25.283945347128068
87.45999999999856,18.432381113454163
87.47999999999857,20.99703284724047
87.49999999999856,17.902652808850828
87.51999999999856,12.085838691709686
87.53999999999856,13.405720747261826
87.55999999999855,16.79458960129399
87.57999999999856,21.24665599303913
87.59999999999856,14.690718130503987
87.61999999999856,23.708137445079764
87.63999999999857,11.970510643549234
87.65999999999856,18.495772260844696
87.67999999999856,21.640189659066003
87.69999999999855,4.315493909923113
87.71999999999855,22.542808382161468
87.73999999999856,12.593464022188574
87.75999999999856,18.672746067907546
87.77999999999855,30.94112621640705
87.79999999999856,12.722799332426495
87.81999999999856,31.048955387366906
87.83999999999855,28.412390522000052
87.85999999999855,18.76081226617433
87.87999999999855,19.150274988269103
87.89999999999856,28.654735428185095
87.91999999999855,11.937809664335134
87.93999999999855,26.61525014646986
87.95999999999856,26.771512396874794
87.97999999999855,19.664478049510727
87.99999999999855,18.9449897618069
88.01999999999855,11.090248075050066
88.03999999999854,14.014404242676184
88.05999999999855,12.22435813783058
88.07999999999855,25.405055835213027
88.09999999999854,32.300459482274114
88.11999999999856,12.74309774746305
88.13999999999855,25.642834201612033
88.15999999999855,22.71372261557032
88.17999999999854,25.93998360027225
88.19999999999854,9.280214649874052
88.21999999999855,3.1975632365855375
88.23999999999855,15.503341004036377
88.25999999999854,1.657330432923736
88.27999999999855,17.963738625814386
88.29999999999855,11.226422007718243
88.31999999999854,12.264179772354133
88.33999999999854,31.780433349563925
88.35999999999854,13.311864525750362
88.37999999999855,13.535758774145846
88.39999999999854,20.47454888731734
88.41999999999854,12.245199105718061
88.43999999999855,16.27335946535954
88.45999999999854,18.49383982749115
88.47999999999854,21.794737033240022
88.49999999999854,29.372194328189153
88.51999999999853,24.03484770589148
88.53999999999854,13.031345873213713
88.55999999999854,34.66285708343798
88.57999999999853,20.817401043988948
88.59999999999854,17.66656769889661
88.61999999999854,8.152056933203617
88.63999999999854,22.427545513653026
88.65999999999853,26.64085167114792
88.67999999999853,24.30734000821447
88.69999999999854,25.324289647593503
88.71999999999854,17.494813019068918
88.73999999999853,28.546971550333353
88.75999999999854,11.939238473490708
88.77999999999854,30.781747112072445
88.79999999999853,24.419967484285763
88.81999999999853,28.561569673412038
88.83999999999853,14.957047094686327
88.85999999999854,22.697706378877
88.87999999999853,15.524399839921777
88.89999999999853,17.581344207428188
88.91999999999854,22.306492840950177
88.93999999999853,27.207793075479337
88.95999999999853,17.152495653251748
88.97999999999853,17.979943155228852
88.99999999999852,26.592712673810915
89.01999999999853,13.790700915458988
89.03999999999853,25.503390545410696
89.05999999999852,12.933296706041974
89.07999999999853,26.62439417294727
89.09999999999853,27.18221672013722
89.11999999999853,7.581076194028885
89.13999999999852,18.43334316742005
89.15999999999852,7.892546791986204
89.17999999999853,18.296433915834456
89.19999999999852,18.935860846759866
89.21999999999852,27.33036547302774
89.23999999999853,9.050368810233048
89.25999999999853,19.294621539798932
89.27999999999852,31.883938317807086
89.29999999999852,25.263843811643525
89.31999999999852,16.954614998800057
89.33999999999853,13.69497567616072
89.35999999999852,31.634539302535615
89.37999999999852,22.710558966877663
89.39999999999853,30.008691588639167
89.41999999999852,18.418748591919208
89.43999999999852,15.453189377911263
89.45999999999852,22.692090628706914
89.47999999999851,34.54270576189604
89.49999999999852,31.86224416692271
89.51999999999852,11.129999463839898
89.53999999999851,22.758777488704084
89.55999999999852,17.683315365018828
89.57999999999852,2.5268907090668336
89.59999999999852,31.782617591891906
89.61999999999851,20.286988497215916
89.63999999999851,17.402576780020954
89.65999999999852,9.42139675478937
89.67999999999851,22.51784202057739
89.69999999999851,15.845150514919853
89.71999999999852,20.706165821841914
89.73999999999852,26.93273632291349
89.75999999999851,28.71223801815041
89.77999999999851,22.919673281853438
89.7999999999985,24.82569895287665
89.81999999999852,34.00472514776184
89.83999999999851,39.095109838965136
89.85999999999851,7.453628211422888
89.87999999999852,24.54857794915493
89.89999999999851,7.390523416377327
89.91999999999851,18.25562575666601
89.9399999999985,28.604863951265585
89.9599999999985,19.65948621028404
89.97999999999851,21.36335338165597
89.99999999999851,31.427531847641113
