two_theta_deg,intensity
20.0,26.368761043072503
20.02,14.3258882599971
20.04,6.669175997505281
20.06,23.426430523143615
20.08,13.659995519164546
20.099999999999998,16.844703954744375
20.119999999999997,19.14817425285593
20.139999999999997,15.11762311513966
20.159999999999997,25.81904011187528
20.179999999999996,26.943215481409286
20.199999999999996,9.483085387301088
20.219999999999995,15.525254920988445
20.239999999999995,21.059473749707653
20.259999999999994,29.798088648109744
20.279999999999994,16.41022394357445
20.299999999999994,18.879696115035017
20.319999999999993,31.75761666762608
20.339999999999993,40.67531919461325
20.359999999999992,35.335431305925574
20.379999999999992,19.550826309902227
20.39999999999999,24.240229774775937
20.41999999999999,27.280605821799
20.43999999999999,28.425740185104885
20.45999999999999,20.928009322347936
20.47999999999999,18.081101024996578
20.49999999999999,18.09900237744268
20.51999999999999,29.737394281287152
20.53999999999999,19.070672762615033
20.559999999999988,24.680124152998417
20.579999999999988,11.760259678056514
20.599999999999987,8.841492532064624
20.619999999999987,16.289353098394216
20.639999999999986,25.519486440952395
20.659999999999986,15.339280716732713
20.679999999999986,17.33031061627867
20.699999999999985,17.14029283115773
20.719999999999985,19.600403355411615
20.739999999999984,0.46767708227065796
20.759999999999984,18.042326243395713
20.779999999999983,19.62623405103748
20.799999999999983,20.277445136307925
20.819999999999983,27.283779419303528
20.839999999999982,30.256883820168184
20.85999999999998,24.1225001684127
20.87999999999998,30.916071734243477
20.89999999999998,19.525917377236688
20.91999999999998,23.877701884148312
20.93999999999998,12.73717954128558
20.95999999999998,31.583505192472447
20.97999999999998,10.708145801014197
20.99999999999998,7.484604275540892
21.01999999999998,20.422425868297786
21.039999999999978,27.54606521306802
21.059999999999977,13.842636468604486
21.079999999999977,26.587053903110967
21.099999999999977,3.5961602924730585
21.119999999999976,37.920430133118444
21.139999999999976,19.78764282323716
21.159999999999975,17.402984925043693
21.179999999999975,10.947961217714386
21.199999999999974,13.605433997489616
21.219999999999974,9.653862474697748
21.239999999999974,18.572489468382827
21.259999999999973,19.85996128113261
21.279999999999973,28.28026083165046
21.299999999999972,7.014799624188717
21.319999999999972,36.081069704024515
21.33999999999997,12.346439988715664
21.35999999999997,17.890011085339978
21.37999999999997,27.324622855924858
21.39999999999997,10.60622133100273
21.41999999999997,31.11809303594363
21.43999999999997,12.48058194102668
21.45999999999997,33.81769343665842
21.47999999999997,14.771193616102378
21.499999999999968,42.05151032494114
21.519999999999968,24.34455755757868
21.539999999999967,24.113835535326878
21.559999999999967,26.29857107723074
21.579999999999966,32.59246959347186
21.599999999999966,39.07591727076364
21.619999999999965,20.920842127857448
21.639999999999965,13.576809724557034
21.659999999999965,0.27695623108033374
21.679999999999964,18.145670684726568
21.699999999999964,26.20149450696375
21.719999999999963,21.936749675825233
21.739999999999963,20.732420834648153
21.759999999999962,26.50206459547295
21.779999999999962,19.629467161631815
21.79999999999996,26.846238525909826
21.81999999999996,20.18965157897023
21.83999999999996,33.05466254636938
21.85999999999996,38.124898901010035
21.87999999999996,12.680073130794028
21.89999999999996,15.848098469061608
21.91999999999996,17.006903712806412
21.93999999999996,26.4793910120342
21.959999999999958,17.087637557586675
21.979999999999958,36.733778194739145
21.999999999999957,16.20219047784466
22.019999999999957,28.333085847745807
22.039999999999957,28.80419433251884
22.059999999999956,20.68407600085311
22.079999999999956,18.392785710864217
22.099999999999955,10.611784498452883
22.119999999999955,20.979720122079033
22.139999999999954,23.4757534194176
22.159999999999954,30.574781647579993
22.179999999999954,22.910036829978647
22.199999999999953,23.062481984334084
22.219999999999953,0.5992364368692868
22.239999999999952,9.59235299185461
22.259999999999952,22.29935152297225
22.27999999999995,22.068674598603927
22.29999999999995,16.813551666127257
22.31999999999995,11.709025566035804
22.33999999999995,15.97089691210646
22.35999999999995,23.385434385204416
22.37999999999995,14.798509240281025
22.39999999999995,20.02817530723966
22.41999999999995,23.530362013484407
22.439999999999948,23.73690626733953
22.459999999999948,24.575105165606985
22.479999999999947,16.09547463695548
22.499999999999947,27.09722804617025
22.519999999999946,28.976534973065093
22.539999999999946,10.321527312913922
22.559999999999945,22.118677279458357
22.579999999999945,35.28733518835749
22.599999999999945,28.89263075550784
22.619999999999944,17.595915332208822
22.639999999999944,21.189365686601942
22.659999999999943,12.040859952897097
22.679999999999943,8.739558905982722
22.699999999999942,11.868340202243115
22.719999999999942,25.09751452259386
22.73999999999994,20.003164539620858
22.75999999999994,31.560113999565374
22.77999999999994,9.578438052303524
22.79999999999994,27.44966975290712
22.81999999999994,25.16228323536741
22.83999999999994,12.596615655681383
22.85999999999994,24.465268693898288
22.87999999999994,15.5263013789426
22.899999999999938,17.714966949790796
22.919999999999938,18.609507970211574
22.939999999999937,23.354623871424565
22.959999999999937,10.635201418844783
22.979999999999936,32.55100680693391
22.999999999999936,39.140321462618914
23.019999999999936,34.971644862261144
23.039999999999935,12.377506291414662
23.059999999999935,11.650204848524526
23.079999999999934,12.52992877445989
23.099999999999934,14.962505410449442
23.119999999999933,17.959884653911285
23.139999999999933,15.0522171373084
23.159999999999933,11.855167070652918
23.179999999999932,22.273463497305812
23.199999999999932,19.33165744940033
23.21999999999993,27.563793309611075
23.23999999999993,21.870525852949132
23.25999999999993,28.669957367243953
23.27999999999993,19.935050187128954
23.29999999999993,31.39888856851401
23.31999999999993,31.050275596604585
23.33999999999993,15.759519075741437
23.35999999999993,33.57231555448088
23.379999999999928,29.923915877760123
23.399999999999928,3.8535663736388805
23.419999999999927,28.24605745214528
23.439999999999927,27.25408542726155
23.459999999999926,27.249625816406265
23.479999999999926,23.763176823527004
23.499999999999925,11.75469716557013
23.519999999999925,25.518881271755703
23.539999999999925,14.09544763850409
23.559999999999924,22.610908471114247
23.579999999999924,8.338321880782742
23.599999999999923,5.211988209105691
23.619999999999923,17.41853774481826
23.639999999999922,15.074159258773701
23.659999999999922,23.782265058600505
23.67999999999992,24.148685378192926
23.69999999999992,19.939673348886913
23.71999999999992,29.39580483829019
23.73999999999992,23.671142138425317
23.75999999999992,12.75091269318401
23.77999999999992,18.678028799921595
23.79999999999992,9.076076243843046
23.81999999999992,15.481415854367913
23.839999999999918,18.525081983696737
23.859999999999918,24.372407363142287
23.879999999999917,18.855811441363578
23.899999999999917,19.501153699556532
23.919999999999916,35.15006230709817
23.939999999999916,21.680997017630162
23.959999999999916,15.61530959295475
23.979999999999915,16.050664400039608
23.999999999999915,21.707206465401136
24.019999999999914,15.63570391146527
24.039999999999914,34.105875229680365
24.059999999999913,26.7826833518667
24.079999999999913,31.76935725170634
24.099999999999913,19.100302718309955
24.119999999999912,21.608364142901653
24.13999999999991,25.596278935879894
24.15999999999991,19.364834881937973
24.17999999999991,31.53809994130824
24.19999999999991,17.196648920965966
24.21999999999991,16.91407611612422
24.23999999999991,16.68830074327467
24.25999999999991,20.298273661021327
24.27999999999991,12.689706459294696
24.29999999999991,20.856074778800608
24.319999999999908,26.328267225076317
24.339999999999907,5.668816269327452
24.359999999999907,27.257700250253137
24.379999999999907,17.230136216220576
24.399999999999906,17.783031099001672
24.419999999999906,17.45533462938715
24.439999999999905,8.755714232638855
24.459999999999905,32.61601790305503
24.479999999999905,25.71087619444741
24.499999999999904,18.382868816154158
24.519999999999904,21.114072321074808
24.539999999999903,5.203110311218801
24.559999999999903,19.82965722065057
24.579999999999902,17.126058704258703
24.599999999999902,37.53991234925813
24.6199999999999,22.581250069896026
24.6399999999999,15.786192401326293
24.6599999999999,22.88927973017935
24.6799999999999,17.89937638354848
24.6999999999999,14.718524032167533
24.7199999999999,26.47200632099525
24.7399999999999,18.76775845660971
24.7599999999999,32.103468863617934
24.779999999999898,19.909124988651143
24.799999999999898,29.5287587798037
24.819999999999897,18.980049451380868
24.839999999999897,11.659391894543228
24.859999999999896,27.41052467387187
24.879999999999896,21.09737264396979
24.899999999999896,22.585143477931453
24.919999999999895,8.431868473808207
24.939999999999895,23.638965068618916
24.959999999999894,3.588903872746389
24.979999999999894,8.371324740526736
24.999999999999893,4.825314373093503
25.019999999999893,15.937744335829333
25.039999999999893,27.93299943901192
25.059999999999892,21.47527514945512
25.07999999999989,22.269304272072514
25.09999999999989,22.733566972879032
25.11999999999989,30.03546970156809
25.13999999999989,4.447952456283444
25.15999999999989,28.90186582635831
25.17999999999989,22.3210781220794
25.19999999999989,9.992523301850188
25.21999999999989,38.17765551888469
25.23999999999989,19.66895323527653
25.259999999999888,32.07800521439962
25.279999999999887,23.840795527188842
25.299999999999887,8.675243351542038
25.319999999999887,3.5801251879340867
25.339999999999886,7.48889301072227
25.359999999999886,16.226712929143662
25.379999999999885,5.606256508163501
25.399999999999885,15.982547700945348
25.419999999999884,10.042813886245444
25.439999999999884,17.470698783084195
25.459999999999884,0.5821235565035039
25.479999999999883,18.517943108471943
25.499999999999883,11.992413281536686
25.519999999999882,18.971466147574898
25.539999999999882,16.593126044687892
25.55999999999988,22.29403250924648
25.57999999999988,19.0873009472674
25.59999999999988,18.385672549503553
25.61999999999988,25.641666917802148
25.63999999999988,18.613954063597344
25.65999999999988,29.193160652636017
25.67999999999988,22.6969497524294
25.69999999999988,26.836797759522074
25.719999999999878,27.72378127345074
25.739999999999878,15.449867775855875
25.759999999999877,24.780676075050543
25.779999999999877,29.290708596708434
25.799999999999876,19.937881530795888
25.819999999999876,25.263138991420604
25.839999999999876,20.01227967566899
25.859999999999875,15.470565241509325
25.879999999999875,22.308416960806888
25.899999999999874,14.186260069905858
25.919999999999874,10.516521459243915
25.939999999999873,18.72428649936895
25.959999999999873,20.825257084240334
25.979999999999873,19.343476114965448
25.999999999999872,17.669167559360627
26.01999999999987,23.033139263220846
26.03999999999987,19.424027522802255
26.05999999999987,4.962836107156335
26.07999999999987,25.617638470369414
26.09999999999987,20.085010902399183
26.11999999999987,4.008047244354026
26.13999999999987,18.176396390177942
26.15999999999987,12.471210350139511
26.17999999999987,20.971924002719962
26.199999999999868,14.900265859413672
26.219999999999867,3.966346952185777
26.239999999999867,34.3035296489623
26.259999999999867,8.269085637954028
26.279999999999866,20.011357637810146
26.299999999999866,27.47117781931756
26.319999999999865,36.25756189815003
26.339999999999865,10.26373039305668
26.359999999999864,23.90238524392685
26.379999999999864,20.947761978913295
26.399999999999864,16.93874072788806
26.419999999999863,8.597776219153506
26.439999999999863,14.30808000212594
26.459999999999862,27.68383765184882
26.479999999999862,22.466176892547427
26.49999999999986,5.8264556113795045
26.51999999999986,23.87910681559403
26.53999999999986,15.883856087708272
26.55999999999986,28.67408877679305
26.57999999999986,17.781007569400373
26.59999999999986,12.735467820097984
26.61999999999986,16.48529018339575
26.63999999999986,16.559881928060832
26.659999999999858,10.901565397360185
26.679999999999858,16.442932481771887
26.699999999999857,23.604283312865395
26.719999999999857,7.673444085241215
26.739999999999856,22.579095706838974
26.759999999999856,23.866080439774247
26.779999999999855,28.95680323401126
26.799999999999855,0.0
26.819999999999855,14.707054628806677
26.839999999999854,21.968390635923026
26.859999999999854,26.540182428732216
26.879999999999853,20.51669350143736
26.899999999999853,19.991785945608694
26.919999999999852,20.43953872273005
26.939999999999852,24.637871970933134
26.95999999999985,29.968696822840705
26.97999999999985,24.311972161241275
26.99999999999985,9.756217163274147
27.01999999999985,24.800291434252046
27.03999999999985,12.707896625044022
27.05999999999985,22.292774202515833
27.07999999999985,27.424655370362633
27.09999999999985,18.027274782555274
27.11999999999985,28.198038859224038
27.139999999999848,34.957720939231166
27.159999999999847,18.531952378476394
27.179999999999847,23.61541511771221
27.199999999999847,22.516079566395
27.219999999999846,14.78453839663095
27.239999999999846,24.206211993183757
27.259999999999845,22.454352996397603
27.279999999999845,17.689881464824452
27.299999999999844,19.958739531820648
27.319999999999844,28.752257888975116
27.339999999999844,22.532134772164202
27.359999999999843,23.24801978592474
27.379999999999843,23.012922369544228
27.399999999999842,16.727041351685934
27.419999999999842,29.318271601314002
27.43999999999984,34.9897122765169
27.45999999999984,23.960872378488727
27.47999999999984,14.116980438820928
27.49999999999984,4.259304701510894
27.51999999999984,23.1883498788731
27.53999999999984,14.48794738513569
27.55999999999984,20.27460304599341
27.57999999999984,17.963705484364866
27.599999999999838,17.704993834487667
27.619999999999838,26.14251656151421
27.639999999999837,27.667084108705936
27.659999999999837,18.575531922795545
27.679999999999836,25.4223994366248
27.699999999999836,22.62262414441588
27.719999999999835,20.669430326355187
27.739999999999835,15.940165464417442
27.759999999999835,21.618004898551504
27.779999999999834,21.98502921267462
27.799999999999834,14.440306753173012
27.819999999999833,17.91945362923813
27.839999999999833,22.765698395599657
27.859999999999832,25.946725439610518
27.879999999999832,29.760506460472314
27.89999999999983,21.483780317993222
27.91999999999983,13.675838592681389
27.93999999999983,11.457240851032596
27.95999999999983,8.22218028128213
27.97999999999983,0.0
27.99999999999983,21.17446833982284
28.01999999999983,31.82390302570974
28.03999999999983,6.635981436551829
28.059999999999828,28.310437606743967
28.079999999999828,12.162842922962803
28.099999999999827,16.25216618461531
28.119999999999827,24.18790045058181
28.139999999999826,18.644603985015056
28.159999999999826,15.231885454551737
28.179999999999826,31.494720238749252
28.199999999999825,12.770054151880226
28.219999999999825,27.446505882481
28.239999999999824,33.29536299834309
28.259999999999824,16.6675700074769
28.279999999999824,22.805552600549113
28.299999999999823,12.16553915143601
28.319999999999823,10.936844407558967
28.339999999999822,13.883093655786709
28.359999999999822,15.02521206273931
28.37999999999982,24.20582256913042
28.39999999999982,18.4018467149816
28.41999999999982,18.062733335073357
28.43999999999982,7.82413886043588
28.45999999999982,22.745756331829572
28.47999999999982,49.26591497213043
28.49999999999982,15.711561608763965
28.51999999999982,29.969220762590666
28.539999999999818,15.038885632096306
28.559999999999818,21.356226371945393
28.579999999999817,34.3679081559867
28.599999999999817,25.39063190719173
28.619999999999816,15.921103443830468
28.639999999999816,15.097993318355877
28.659999999999815,14.83498800771294
28.679999999999815,27.21767059047746
28.699999999999815,20.25933293127539
28.719999999999814,20.63904317516596
28.739999999999814,18.825008989351613
28.759999999999813,27.322779225174806
28.779999999999813,18.72439768913611
28.799999999999812,19.98684441493176
28.819999999999812,22.421793019381212
28.83999999999981,22.649060319005073
28.85999999999981,27.61839123880717
28.87999999999981,12.889738977794938
28.89999999999981,19.753673309477872
28.91999999999981,13.001644939830207
28.93999999999981,32.732774081603836
28.95999999999981,5.914671519936865
28.97999999999981,19.900977897910703
28.999999999999808,20.444914828817485
29.019999999999808,24.44926402464706
29.039999999999807,22.52607651481202
29.059999999999807,7.601608577628717
29.079999999999806,31.257492912979828
29.099999999999806,31.550432563866924
29.119999999999806,0.0
29.139999999999805,16.900326156074097
29.159999999999805,20.19657218557066
29.179999999999804,27.11436976432804
29.199999999999804,3.443735906520704
29.219999999999803,15.80172051052348
29.239999999999803,14.808972040632217
29.259999999999803,24.488579052053296
29.279999999999802,14.367396635183376
29.2999999999998,13.574076198857693
29.3199999999998,26.98955754573767
29.3399999999998,24.874584382730358
29.3599999999998,11.872395461223087
29.3799999999998,35.09296243704188
29.3999999999998,27.098726011869193
29.4199999999998,17.932439369847014
29.4399999999998,22.331065800822763
29.4599999999998,20.04203660465657
29.479999999999798,23.487744366015928
29.499999999999797,12.295584453116245
29.519999999999797,27.677161348713717
29.539999999999797,36.057865092370804
29.559999999999796,17.134764690697985
29.579999999999796,14.962383217363051
29.599999999999795,18.293789646758068
29.619999999999795,15.305425346868585
29.639999999999795,22.836438514009817
29.659999999999794,11.447451952079096
29.679999999999794,23.62146558482949
29.699999999999793,17.004903709294876
29.719999999999793,22.35124014662241
29.739999999999792,19.893658274189367
29.759999999999792,7.976094932070554
29.77999999999979,8.438395529727966
29.79999999999979,9.656392624134664
29.81999999999979,27.070636801158003
29.83999999999979,23.53798895305014
29.85999999999979,31.069759945430764
29.87999999999979,23.385355207538115
29.89999999999979,10.075878684984335
29.91999999999979,24.57052563596545
29.939999999999788,31.357164594006484
29.959999999999788,9.424689528958652
29.979999999999787,12.129194897283798
29.999999999999787,12.906705551814895
30.019999999999786,29.137896392156733
30.039999999999786,24.401793427735935
30.059999999999786,30.674853110561283
30.079999999999785,19.190620021033546
30.099999999999785,38.17358438589908
30.119999999999784,25.4533185793901
30.139999999999784,12.503263443375344
30.159999999999783,13.355869618489638
30.179999999999783,16.3371169937375
30.199999999999783,6.663613894505497
30.219999999999782,21.628505684613426
30.23999999999978,11.015331779850042
30.25999999999978,14.335208150925794
30.27999999999978,12.215629672896931
30.29999999999978,33.51386117127517
30.31999999999978,3.8679950903365246
30.33999999999978,17.928892915096174
30.35999999999978,5.383225486849671
30.37999999999978,12.090813634263625
30.39999999999978,27.886741362710993
30.419999999999778,13.958654012780617
30.439999999999777,15.232419815071804
30.459999999999777,11.208011236198978
30.479999999999777,23.496678766140043
30.499999999999776,13.343148150195965
30.519999999999776,21.834412108005004
30.539999999999775,30.417968487901078
30.559999999999775,13.738502839118528
30.579999999999774,26.882537834393027
30.599999999999774,0.0
30.619999999999774,20.13977710533055
30.639999999999773,8.809018361197735
30.659999999999773,35.85469158853195
30.679999999999772,17.159484167752613
30.699999999999772,22.567205089361636
30.71999999999977,16.66036277072785
30.73999999999977,30.543974257517924
30.75999999999977,25.520913573070516
30.77999999999977,43.61892488001401
30.79999999999977,26.559328988061065
30.81999999999977,19.984029317310743
30.83999999999977,15.986960518567328
30.85999999999977,12.008693085338834
30.879999999999768,17.15534664369612
30.899999999999768,36.39755108184138
30.919999999999767,14.067707926926488
30.939999999999767,14.858566349611895
30.959999999999766,18.598958039170554
30.979999999999766,16.371288079127968
30.999999999999766,28.73139814831606
31.019999999999765,18.363412841285424
31.039999999999765,22.92326193223684
31.059999999999764,16.67543464158915
31.079999999999764,20.41956864712435
31.099999999999763,9.726314967684868
31.119999999999763,12.048807377839246
31.139999999999763,12.466183483772035
31.159999999999762,12.278233028679146
31.17999999999976,8.51909781420142
31.19999999999976,20.8132706499139
31.21999999999976,21.02599533423971
31.23999999999976,27.182434479263584
31.25999999999976,28.98940691450094
31.27999999999976,13.171813637339405
31.29999999999976,8.42680255584716
31.31999999999976,25.040120811640435
31.33999999999976,19.938611817751717
31.359999999999758,28.24284275988512
31.379999999999757,31.313924397335036
31.399999999999757,21.576615809875637
31.419999999999757,12.831581842660535
31.439999999999756,16.261466111998146
31.459999999999756,8.401266746765266
31.479999999999755,0.0
31.499999999999755,23.645294264807184
31.519999999999754,18.485123053512904
31.539999999999754,0.0
31.559999999999754,11.539282249556763
31.579999999999753,16.888330376311572
31.599999999999753,17.69157486617278
31.619999999999752,17.481482671666086
31.639999999999752,18.522334795466463
31.65999999999975,24.12148100358859
31.67999999999975,37.8890212206328
31.69999999999975,30.74653226917944
31.71999999999975,29.981912864836065
31.73999999999975,23.72344144896816
31.75999999999975,9.037260427019588
31.77999999999975,29.379362109389675
31.79999999999975,11.943179393258003
31.819999999999748,29.916718400136922
31.839999999999748,22.227083573011257
31.859999999999747,23.1091533005819
31.879999999999747,15.591685957634033
31.899999999999746,18.847118018172015
31.919999999999746,22.838723785150346
31.939999999999745,7.568558439829133
31.959999999999745,23.845242782229683
31.979999999999745,27.485005540550183
31.999999999999744,24.482030345536494
32.01999999999974,23.91339398870415
32.03999999999974,20.48547984401527
32.05999999999975,25.7075326410664
32.07999999999974,38.653412054165514
32.09999999999974,11.646342718497598
32.11999999999974,13.958616276866335
32.139999999999745,29.90359402623107
32.15999999999974,5.646455128747325
32.17999999999974,8.419303203306821
32.19999999999974,21.939828827444313
32.21999999999974,0.848022540818075
32.23999999999974,28.532253598051632
32.259999999999735,21.279497522793424
32.27999999999974,18.110766711542894
32.29999999999974,9.226785342407954
32.31999999999974,7.2069576170072445
32.33999999999973,13.615401219916873
32.35999999999974,27.225897547196453
32.37999999999974,21.67003847891286
32.399999999999736,9.114597053339269
32.41999999999973,25.506463670047346
32.439999999999735,20.802610595440758
32.45999999999974,33.38325907301506
32.479999999999734,16.847465751562986
32.49999999999973,10.249436663732752
32.51999999999973,35.7883461573414
32.539999999999736,14.86796732610273
32.55999999999973,24.862460538540347
32.57999999999973,10.412981652894075
32.59999999999973,16.85862744720708
32.619999999999735,16.071216263654108
32.63999999999973,21.236588987999497
32.65999999999973,13.565672889260298
32.67999999999973,36.31655197572016
32.69999999999973,12.490253333904818
32.71999999999973,17.77217823628567
32.739999999999725,22.727629447869287
32.75999999999973,26.2539595029923
32.77999999999973,27.96459475488561
32.79999999999973,9.921241207919248
32.81999999999972,36.40479945670664
32.839999999999726,25.18514560266784
32.85999999999973,27.844810743970356
32.879999999999725,16.87939367249233
32.89999999999972,17.306870690832117
32.919999999999725,23.554567406107836
32.93999999999973,15.89749613784696
32.959999999999724,29.13684766541799
32.97999999999972,13.493319464779757
32.99999999999972,19.531595257984783
33.019999999999726,39.97604598871003
33.03999999999972,19.787547005017185
33.05999999999972,21.46984385735454
33.07999999999972,27.718174194126423
33.099999999999724,23.33006276614414
33.11999999999972,18.711915532252394
33.139999999999716,25.394418745370945
33.15999999999972,29.682313938126256
33.17999999999972,22.73555939103162
33.19999999999972,23.36655545461875
33.219999999999715,26.570645695487006
33.23999999999972,35.03242282901818
33.25999999999972,12.583185224138532
33.27999999999972,30.893756384075985
33.29999999999971,17.119023693192545
33.319999999999716,22.74210478921295
33.33999999999972,16.903679835504665
33.359999999999715,0.6360006085161238
33.37999999999971,17.29745424482159
33.399999999999714,24.523730526500998
33.41999999999972,27.56018279869442
33.43999999999971,3.5812276407394954
33.45999999999971,22.28685763385822
33.47999999999971,16.242196587118386
33.499999999999716,19.526280454939574
33.51999999999971,27.292957370342446
33.53999999999971,15.27554416559256
33.55999999999971,19.260652872099637
33.579999999999714,35.0667876414824
33.59999999999971,21.586109684861484
33.619999999999706,15.256631447292225
33.63999999999971,12.583921358926954
33.65999999999971,25.611235504267686
33.67999999999971,12.211317493261618
33.699999999999704,23.084206490407876
33.71999999999971,15.407212460718984
33.73999999999971,26.286269721072898
33.75999999999971,27.709854128295582
33.7799999999997,8.38700103869128
33.799999999999706,26.747186238329462
33.81999999999971,10.910410854033953
33.839999999999705,28.64622356422848
33.8599999999997,3.8118354475786447
33.879999999999704,27.85049405322541
33.89999999999971,13.652378288006766
33.9199999999997,13.388216332706932
33.9399999999997,21.31926551977579
33.9599999999997,20.463706413366218
33.979999999999706,29.17268814660348
33.9999999999997,8.136622492024106
34.0199999999997,27.17441571583354
34.0399999999997,13.778584773515682
34.059999999999704,4.395337571173535
34.0799999999997,17.154085722353646
34.099999999999696,26.506864439345854
34.1199999999997,27.929703620122325
34.1399999999997,15.158227817932149
34.1599999999997,9.630768480972526
34.179999999999694,30.536285898665593
34.1999999999997,11.446702624986212
34.2199999999997,17.50100601847724
34.2399999999997,33.0142096841854
34.25999999999969,23.875486392601168
34.279999999999696,20.325790324650665
34.2999999999997,34.9523308650356
34.319999999999695,23.455849637574943
34.33999999999969,15.966996375011501
34.359999999999694,14.92126338615022
34.3799999999997,14.372242915747574
34.39999999999969,23.3685925524235
34.41999999999969,10.83460819991775
34.43999999999969,14.209378743827656
34.459999999999695,17.062351471072084
34.47999999999969,10.268011721984735
34.49999999999969,10.65168752388159
34.51999999999969,15.366689581146947
34.539999999999694,13.745682232757868
34.55999999999969,24.53062296387253
34.579999999999686,10.18081584389967
34.59999999999969,22.94225995455364
34.61999999999969,13.627363097076133
34.63999999999969,15.834331037869285
34.659999999999684,27.516876924271607
34.67999999999969,17.274833379218546
34.69999999999969,18.723127768933246
34.719999999999686,11.873004425857898
34.73999999999968,14.953515290619519
34.759999999999685,27.976452727640734
34.77999999999969,12.171488782822946
34.799999999999685,16.447063849756702
34.81999999999968,20.251959830498762
34.839999999999684,26.841434873608787
34.85999999999969,30.416410853873707
34.87999999999968,26.37427015963022
34.89999999999968,20.680255993897756
34.91999999999968,25.600257532860866
34.939999999999685,27.761334706902296
34.95999999999968,16.61928636858743
34.97999999999968,11.313884399484206
34.99999999999968,14.4548704811787
35.01999999999968,12.513161137056194
35.03999999999968,14.765026994183188
35.059999999999675,23.43116310028025
35.07999999999968,20.653581953803915
35.09999999999968,12.796376788736513
35.11999999999968,24.499762148680933
35.139999999999674,16.496840166280307
35.15999999999968,14.973155540775597
35.17999999999968,17.268283959928112
35.199999999999676,10.082368747997865
35.21999999999967,24.113266281379424
35.239999999999675,22.88412496831998
35.25999999999968,3.4869699677007446
35.279999999999674,26.21783826055285
35.29999999999967,13.948747281678525
35.31999999999967,27.685720753835223
35.33999999999968,14.622163744644713
35.35999999999967,26.550760834502775
35.37999999999967,21.45988752501091
35.39999999999967,36.11283185191757
35.419999999999675,21.529354036295885
35.43999999999967,27.539267927384614
35.45999999999967,27.054948699133906
35.47999999999967,20.787224637115887
35.49999999999967,24.85987676463805
35.51999999999967,14.067345924204048
35.539999999999665,12.243721897739324
35.55999999999967,11.553474920921007
35.57999999999967,14.74192477614899
35.59999999999967,6.560444884116022
35.61999999999966,16.11010731022142
35.63999999999967,22.46990161261092
35.65999999999967,16.506836138139974
35.679999999999666,9.154275314152464
35.69999999999966,14.755885859089155
35.719999999999665,17.62446508479091
35.73999999999967,27.8439459482089
35.759999999999664,22.87244800579742
35.77999999999966,15.834313510931604
35.79999999999966,22.73743491130031
35.819999999999666,26.174932844218635
35.83999999999966,29.459510929803113
35.85999999999966,35.44545924674091
35.87999999999966,13.233794828384358
35.899999999999665,16.06546610676437
35.91999999999966,35.91858944138406
35.93999999999966,11.152451075052834
35.95999999999966,19.620459395289284
35.97999999999966,28.7422401423756
35.99999999999966,20.97926892156865
36.019999999999655,31.395360909637922
36.03999999999966,8.674860886003865
36.05999999999966,21.202955246256998
36.07999999999966,27.15457371105144
36.09999999999965,20.33302945404296
36.119999999999656,28.994158238055803
36.13999999999966,20.7822477313615
36.159999999999656,13.381066626635388
36.17999999999965,31.015528656257644
36.199999999999655,24.2773366264151
36.21999999999966,18.394413491257925
36.239999999999654,21.94350986361647
36.25999999999965,14.139502549450874
36.27999999999965,26.375562350858274
36.299999999999656,4.526518170566035
36.31999999999965,2.0060717804160397
36.33999999999965,9.793535107141112
36.35999999999965,20.35220463608575
36.379999999999654,27.395924855801468
36.39999999999965,30.108505869137815
36.419999999999646,15.356480670398273
36.43999999999965,8.897845043192145
36.45999999999965,28.192214969988314
36.47999999999965,16.577407921843324
36.499999999999645,18.937701516190607
36.51999999999965,32.88603455344429
36.53999999999965,29.859742831243054
36.55999999999965,10.982149631403983
36.57999999999964,12.89847691872835
36.599999999999646,14.538932490152648
36.61999999999965,22.464871949374537
36.639999999999645,20.784648864027293
36.65999999999964,26.449736796655596
36.679999999999644,26.486319188526053
36.69999999999965,14.639986603815178
36.719999999999644,30.35332147533566
36.73999999999964,11.936856057154104
36.75999999999964,14.096756158328649
36.779999999999646,33.858958350933214
36.79999999999964,26.082292286403415
36.81999999999964,20.768547309408955
36.83999999999964,20.70418114995078
36.859999999999644,33.74957055828768
36.87999999999964,8.401598562797474
36.899999999999636,17.606507903712803
36.91999999999964,39.94898330581799
36.93999999999964,16.159166434528814
36.95999999999964,13.644322321739818
36.979999999999634,18.00440830648375
36.99999999999964,21.50297430143883
37.01999999999964,21.54393599573038
37.03999999999964,19.138370607668893
37.05999999999963,17.386508844645366
37.079999999999636,31.311570064999174
37.09999999999964,24.15562173083982
37.119999999999635,15.992915531882751
37.13999999999963,15.346904310333786
37.159999999999634,28.5153364983441
37.17999999999964,15.876689815508046
37.19999999999963,25.926956163489347
37.21999999999963,32.00084772731854
37.23999999999963,14.587194584062194
37.259999999999636,22.061299513229198
37.27999999999963,13.152306829189433
37.29999999999963,18.448723833921257
37.31999999999963,15.928521639793594
37.339999999999634,18.994745404405016
37.35999999999963,19.051067515204227
37.379999999999626,33.03187462642558
37.39999999999963,14.75329360160054
37.41999999999963,27.475328370387075
37.43999999999963,20.04737650793678
37.459999999999624,17.494965368460846
37.47999999999963,8.869658239089606
37.49999999999963,19.199694100879103
37.51999999999963,30.057656414921425
37.53999999999962,23.500575087734493
37.559999999999626,16.005604420004712
37.57999999999963,26.28250961385718
37.599999999999625,30.793739005659155
37.61999999999962,31.916740477503744
37.639999999999624,46.46286974797814
37.65999999999963,44.00682236475529
37.67999999999962,67.3209120045642
37.69999999999962,115.51002639432517
37.71999999999962,125.41256708570775
37.739999999999625,184.83732481221315
37.75999999999962,244.93833301342315
37.77999999999962,297.01275592257076
37.79999999999962,379.9849410186473
37.819999999999624,466.53095413811286
37.83999999999962,563.9682541948542
37.859999999999616,668.4343313218412
37.87999999999962,765.2123272714032
37.89999999999962,847.5563844907581
37.91999999999962,925.4321581930024
37.939999999999614,984.9894317789109
37.95999999999962,1018.8944429191846
37.97999999999962,1021.6683891693274
37.999999999999616,980.218443167851
38.01999999999961,941.0347250082793
38.039999999999615,871.1290074483019
38.05999999999962,791.3811894095674
38.079999999999615,687.348998160091
38.09999999999961,586.5630793339783
38.119999999999614,478.52062851107013
38.13999999999962,391.0694522196929
38.15999999999961,310.6385788038325
38.17999999999961,247.63563201432777
38.19999999999961,173.46855887590834
38.219999999999615,151.8908478633685
38.23999999999961,97.28147140984905
38.25999999999961,81.24796075004323
38.27999999999961,41.012805337827345
38.29999999999961,50.026801404143356
38.31999999999961,35.00619689922352
38.339999999999606,30.34804547710203
38.35999999999961,25.005523746487786
38.37999999999961,27.364314246650103
38.39999999999961,18.201532695616276
38.419999999999604,24.053214246002845
38.43999999999961,2.8115524303612176
38.45999999999961,21.62695424367201
38.479999999999606,27.856530076048838
38.4999999999996,12.269372932284664
38.519999999999605,20.738265897131985
38.53999999999961,32.979154772759536
38.559999999999604,18.753712967422086
38.5799999999996,20.49304246102857
38.5999999999996,21.62637462437261
38.61999999999961,9.30834210130432
38.6399999999996,24.99083130350057
38.6599999999996,17.087803466878448
38.6799999999996,28.281134482715608
38.699999999999605,17.681745479897415
38.7199999999996,13.543300300048095
38.7399999999996,19.076487763461337
38.7599999999996,18.83560772727359
38.7799999999996,20.126928378973822
38.7999999999996,23.06021963421552
38.819999999999595,25.070360917204912
38.8399999999996,18.088120479698507
38.8599999999996,19.888348750589522
38.8799999999996,25.41794840485262
38.899999999999594,16.586388109209718
38.9199999999996,35.744875936535585
38.9399999999996,9.300563315566361
38.959999999999596,15.799717268710044
38.97999999999959,23.791565684029912
38.999999999999595,25.03945907041384
39.0199999999996,13.073256473864896
39.039999999999594,17.74485608409071
39.05999999999959,20.48690842764131
39.07999999999959,22.576548675714534
39.099999999999596,11.152461829482226
39.11999999999959,24.2909129574737
39.13999999999959,24.26368930432314
39.15999999999959,20.963796474011016
39.179999999999595,11.117704752038897
39.19999999999959,19.663605592499913
39.21999999999959,0.0
39.23999999999959,27.122450706329268
39.25999999999959,22.745991154286372
39.27999999999959,9.521801420053386
39.299999999999585,16.98106553277854
39.31999999999959,19.1939477906967
39.33999999999959,19.934003568150658
39.35999999999959,21.347912045020152
39.37999999999958,21.358295656378804
39.39999999999959,16.95155308196667
39.41999999999959,1.3147676466048637
39.439999999999586,29.607016132821492
39.45999999999958,14.519251058609022
39.479999999999585,32.33538943583919
39.49999999999959,18.81039469125188
39.519999999999584,22.280241768637566
39.53999999999958,23.176635160848857
39.55999999999958,24.558357174884218
39.579999999999586,22.999285012660987
39.59999999999958,22.48961961589073
39.61999999999958,16.994101623837974
39.63999999999958,19.706381616464814
39.659999999999584,14.8964323496235
39.67999999999958,15.476296936707282
39.69999999999958,12.354543347117831
39.71999999999958,16.2470382204028
39.73999999999958,22.980505142695012
39.75999999999958,11.725113642715767
39.779999999999575,28.753990661089745
39.79999999999958,17.732718567458146
39.81999999999958,16.769856364439555
39.83999999999958,29.63221444685462
39.85999999999957,21.579650062389202
39.879999999999576,11.863493478691312
39.89999999999958,19.8044187245241
39.919999999999575,16.799095748570025
39.93999999999957,25.742482789325507
39.959999999999575,14.755835038908558
39.97999999999958,21.246890454711625
39.999999999999574,0.0
40.01999999999957,10.727911745698245
40.03999999999957,19.848935225560602
40.059999999999576,25.453985868679958
40.07999999999957,18.26655691704819
40.09999999999957,30.497908230741352
40.11999999999957,33.65390330992299
40.139999999999574,17.66015268609983
40.15999999999957,28.708229085114787
40.179999999999566,14.870707075552165
40.19999999999957,18.987732932816286
40.21999999999957,25.024788461994866
40.23999999999957,16.402659307909587
40.259999999999565,20.277178904580897
40.27999999999957,14.274712525626832
40.29999999999957,13.123677196200255
40.31999999999957,14.120197202681851
40.33999999999956,14.392149081367478
40.359999999999566,23.707178655606757
40.37999999999957,24.222554245982053
40.399999999999565,18.69627464863415
40.41999999999956,14.811752346693213
40.439999999999564,21.14866121369704
40.45999999999957,17.431257388924816
40.47999999999956,24.886058184190375
40.49999999999956,27.546105336973145
40.51999999999956,21.376136115103478
40.539999999999566,18.359672490873862
40.55999999999956,24.13749354977069
40.57999999999956,17.23420791492127
40.59999999999956,8.973630714624287
40.619999999999564,16.89623826079497
40.63999999999956,26.731899033437386
40.659999999999556,11.787183408782196
40.67999999999956,18.958918285114983
40.69999999999956,31.993620258604153
40.71999999999956,15.419640074716664
40.739999999999554,29.64483700918609
40.75999999999956,21.268553292896822
40.77999999999956,24.197300968794117
40.79999999999956,24.71728947354916
40.81999999999955,9.927642039956453
40.839999999999556,20.922538546522652
40.85999999999956,26.168466202211423
40.879999999999555,28.548928781211423
40.89999999999955,28.726014520702243
40.919999999999554,33.716998076741746
40.93999999999956,25.34753039239874
40.95999999999955,22.351344856475773
40.97999999999955,18.179580296615644
40.99999999999955,26.022433584021584
41.019999999999555,24.038574283645506
41.03999999999955,23.936905880028693
41.05999999999955,24.438566717318597
41.07999999999955,28.66980672110661
41.099999999999554,28.217551593436852
41.11999999999955,10.463632095836308
41.139999999999546,20.879041299236608
41.15999999999955,21.08152431582983
41.17999999999955,17.228891876241242
41.19999999999955,30.24074368226183
41.219999999999544,7.889578500189222
41.23999999999955,16.982991284907804
41.25999999999955,22.92797126746214
41.279999999999546,11.687711035803474
41.29999999999954,34.45180264945445
41.319999999999546,17.49116867926256
41.33999999999955,18.185050904704408
41.359999999999545,19.200426045997855
41.37999999999954,13.446909082732606
41.399999999999544,26.737800173629157
41.41999999999955,31.005240982708536
41.43999999999954,38.112859734051725
41.45999999999954,14.036274460112978
41.47999999999954,23.140254755287085
41.499999999999545,21.49738506098907
41.51999999999954,33.990946926273594
41.53999999999954,2.619435051282423
41.55999999999954,28.727732554167225
41.57999999999954,27.640654454382247
41.59999999999954,29.385716208548477
41.619999999999536,34.992616928401176
41.63999999999954,0.0
41.65999999999954,28.08298754857902
41.67999999999954,14.257959390244634
41.699999999999534,29.949777085016983
41.71999999999954,16.85600412405813
41.73999999999954,27.642483877546663
41.759999999999536,16.124863312066314
41.77999999999953,25.02042773573132
41.799999999999535,42.00895300065491
41.81999999999954,11.70430124033834
41.839999999999534,22.51201158294183
41.85999999999953,5.0164401847259175
41.879999999999534,6.22190642306961
41.89999999999954,14.463172984975547
41.91999999999953,25.204154846223112
41.93999999999953,24.129847227460225
41.95999999999953,30.86813771825991
41.979999999999535,16.707788434183495
41.99999999999953,16.29956048450434
42.01999999999953,30.89234863795249
42.03999999999953,26.232624169561717
42.05999999999953,44.21110776482754
42.07999999999953,21.40810900926995
42.099999999999525,26.17598230570261
42.11999999999953,8.706639054492907
42.13999999999953,21.487485823109274
42.15999999999953,19.80974686061288
42.179999999999524,24.17102164253079
42.19999999999953,28.490142088713874
42.21999999999953,12.240080957330713
42.239999999999526,28.482850005497774
42.25999999999952,14.310007291599382
42.279999999999525,15.001711284337183
42.29999999999953,9.134408189308234
42.319999999999524,23.3737226161136
42.33999999999952,13.631419735934081
42.35999999999952,23.39814339885775
42.37999999999953,13.166948183365008
42.39999999999952,26.844581806240708
42.41999999999952,18.723536499022643
42.43999999999952,19.07049009292487
42.459999999999525,0.0
42.47999999999952,27.489727274193733
42.49999999999952,23.039088869735593
42.51999999999952,28.780535893874752
42.53999999999952,6.4004469331443925
42.55999999999952,20.20106032858592
42.579999999999515,28.184341594983124
42.59999999999952,0.0
42.61999999999952,22.673260262357445
42.63999999999952,14.415765387332222
42.65999999999951,14.247528019944657
42.67999999999952,20.41852248560754
42.69999999999952,3.241393714714782
42.719999999999516,4.236175082220916
42.73999999999951,24.801716832725
42.759999999999515,17.019277379522265
42.77999999999952,25.533912672839662
42.799999999999514,21.71673911181236
42.81999999999951,34.541853787749716
42.83999999999951,33.90470134565044
42.859999999999516,8.294743981885302
42.87999999999951,5.207504511052445
42.89999999999951,18.725646638389023
42.91999999999951,25.29291496852818
42.939999999999515,30.27606129911751
42.95999999999951,21.217390708901355
42.97999999999951,29.432565303968
42.99999999999951,26.561485925258694
43.01999999999951,26.303521714970582
43.03999999999951,24.78362404155221
43.059999999999505,20.289576513588162
43.07999999999951,24.23684072865277
43.09999999999951,27.9355953631475
43.11999999999951,19.086561708203888
43.1399999999995,22.272597211098596
43.159999999999506,18.092210357044642
43.17999999999951,9.079934056866858
43.199999999999505,12.525154581699727
43.2199999999995,11.681276005619402
43.239999999999505,17.49140799630476
43.25999999999951,14.812416809894893
43.279999999999504,21.45557795088128
43.2999999999995,13.739576099752227
43.3199999999995,19.49377107611552
43.339999999999506,4.906554499359352
43.3599999999995,17.182620872167902
43.3799999999995,26.61858866564528
43.3999999999995,23.295027947167824
43.419999999999504,27.08157790024093
43.4399999999995,27.74118151227146
43.459999999999496,21.69303747015216
43.4799999999995,19.500650420433722
43.4999999999995,20.453343150159018
43.5199999999995,11.726480121716444
43.539999999999495,22.970659404036212
43.5599999999995,20.553589296758954
43.5799999999995,26.436828210269088
43.5999999999995,21.870025445109714
43.61999999999949,20.361178904993007
43.639999999999496,6.711677122198999
43.6599999999995,11.707550384990325
43.679999999999495,12.726252127048998
43.69999999999949,15.026027999179359
43.719999999999494,8.044633148298457
43.7399999999995,26.520567448686396
43.75999999999949,24.711073030323924
43.77999999999949,10.563993299848885
43.79999999999949,31.64701620595374
43.819999999999496,33.460537013465824
43.83999999999949,44.306275669921654
43.85999999999949,51.60404208553182
43.87999999999949,69.20368226936682
43.899999999999494,89.54542305608197
43.91999999999949,129.08317876159745
43.939999999999486,143.49924002645804
43.95999999999949,203.96178488157207
43.97999999999949,250.7485920197439
43.99999999999949,279.3843541729444
44.019999999999484,353.34406624521864
44.03999999999949,385.7273841002921
44.05999999999949,429.58275837771487
44.07999999999949,471.9300191918671
44.09999999999948,480.35917556578585
44.119999999999486,501.26534110202033
44.13999999999949,505.5650670864719
44.159999999999485,479.633217185927
44.17999999999948,466.20161060248813
44.199999999999484,427.8749019301727
44.21999999999949,386.8959995340415
44.23999999999948,337.83501457293585
44.25999999999948,284.38844685445804
44.27999999999948,235.92542770384296
44.299999999999486,178.13066306484342
44.31999999999948,164.4071089688238
44.33999999999948,111.6720845081426
44.35999999999948,108.19919205832612
44.379999999999484,82.67096157072658
44.39999999999948,65.13691262626467
44.419999999999476,41.97250952672836
44.43999999999948,31.819984997407225
44.45999999999948,33.562398041593724
44.47999999999948,24.112891464626273
44.499999999999474,29.596970610875417
44.51999999999948,30.44886253974235
44.53999999999948,18.745756583912552
44.55999999999948,12.11343980965287
44.57999999999947,23.47341097871314
44.599999999999476,13.738212966602852
44.61999999999948,6.300472619890588
44.639999999999475,11.015236192137232
44.65999999999947,25.569995948639917
44.679999999999474,31.90230049123622
44.69999999999948,12.964584339918893
44.71999999999947,21.53609620947379
44.73999999999947,18.269845678885275
44.75999999999947,17.586180586674356
44.779999999999475,36.692945726886535
44.79999999999947,19.46024449678257
44.81999999999947,19.588858119730954
44.83999999999947,29.513973290051975
44.859999999999474,29.9572405141965
44.87999999999947,20.143708600067836
44.899999999999466,13.215003992957122
44.91999999999947,14.685601629981146
44.93999999999947,26.17106237799172
44.95999999999947,8.823052281452275
44.979999999999464,19.035526470943637
44.99999999999947,26.500498411468374
45.01999999999947,10.956043824179027
45.039999999999466,11.258033698419032
45.05999999999946,13.715758712087316
45.079999999999465,16.368429149532183
45.09999999999947,24.763462440442375
45.119999999999465,23.285503415713972
45.13999999999946,20.22111395498882
45.159999999999464,25.713202577919823
45.17999999999947,17.244727027672674
45.19999999999946,11.999428513880499
45.21999999999946,26.968414241811722
45.23999999999946,4.244985759682981
45.259999999999465,21.999122861480274
45.27999999999946,22.623868930844452
45.29999999999946,0.0
45.31999999999946,21.08069991099316
45.33999999999946,21.79691503729399
45.35999999999946,11.288052275222913
45.379999999999455,25.158166521946647
45.39999999999946,15.761751702247526
45.41999999999946,21.287948247895415
45.43999999999946,16.674131396503185
45.459999999999454,38.67985580023772
45.47999999999946,13.410168783416388
45.49999999999946,23.740674246038463
45.519999999999456,20.22008641966212
45.53999999999945,25.80296398173075
45.559999999999455,18.34508662980304
45.57999999999946,20.20540235449187
45.599999999999454,17.21399786651924
45.61999999999945,22.643515953155603
45.63999999999945,28.738304080455137
45.65999999999946,10.48472081134344
45.67999999999945,23.833471596093908
45.69999999999945,22.879440734706012
45.71999999999945,23.20512124951082
45.739999999999455,9.999639741131366
45.75999999999945,20.68954171540473
45.77999999999945,33.23519674240198
45.79999999999945,21.9408975778277
45.81999999999945,19.847235007633536
45.83999999999945,14.39386888417802
45.859999999999445,32.2868496465194
45.87999999999945,31.28701697055684
45.89999999999945,16.935625760378976
45.91999999999945,23.98970029665577
45.93999999999944,18.805211686054815
45.95999999999945,21.707839627839373
45.97999999999945,26.08388585685431
45.999999999999446,23.671550732971063
46.01999999999944,3.3884205059565105
46.039999999999445,13.573561893549506
46.05999999999945,22.48379353948502
46.079999999999444,13.57375051038283
46.09999999999944,16.83237116790791
46.11999999999944,19.907817777121835
46.139999999999446,23.668909964365106
46.15999999999944,20.38963972936613
46.17999999999944,22.555131282810528
46.19999999999944,27.601702229792153
46.219999999999445,22.335245499448874
46.23999999999944,23.543912857950165
46.25999999999944,25.57458479756137
46.27999999999944,13.68501083975201
46.29999999999944,31.9769919151974
46.31999999999944,14.071903809445736
46.339999999999435,16.3373661578885
46.35999999999944,21.75449345118396
46.37999999999944,21.223322158422622
46.39999999999944,10.282901551144763
46.41999999999943,25.169825279340877
46.439999999999436,24.036411801921275
46.45999999999944,14.932542406563421
46.479999999999436,10.706912739360108
46.49999999999943,32.61001468439727
46.519999999999435,25.654239024382107
46.53999999999944,22.38680697677853
46.559999999999434,19.157854641551324
46.57999999999943,24.05891003848402
46.59999999999943,22.249934269736343
46.619999999999436,15.976503483033001
46.63999999999943,36.763295169376406
46.65999999999943,12.161293052682344
46.67999999999943,11.86804336132025
46.699999999999434,23.340559445645937
46.71999999999943,19.527467143904143
46.73999999999943,24.942443366125502
46.75999999999943,22.492866137084608
46.77999999999943,30.239545709034164
46.79999999999943,20.748309765448834
46.819999999999425,1.4317990714624926
46.83999999999943,14.388178570039845
46.85999999999943,20.130637489364453
46.87999999999943,19.79126092010071
46.89999999999942,22.418392431769856
46.919999999999426,24.033744899976334
46.93999999999943,20.090809790625272
46.959999999999425,10.655766883224183
46.97999999999942,13.580823780061998
46.999999999999424,22.94377005730103
47.01999999999943,37.35969425201043
47.039999999999424,17.727083010530652
47.05999999999942,23.684694503056743
47.07999999999942,22.133831992022944
47.099999999999426,23.81820276645252
47.11999999999942,9.605831482863316
47.13999999999942,39.021648481319524
47.15999999999942,15.848460379660855
47.179999999999424,24.37971244845694
47.19999999999942,19.031264682093347
47.219999999999416,19.192257732511308
47.23999999999942,10.1974345976078
47.25999999999942,8.556450963199323
47.27999999999942,23.783889604092778
47.299999999999415,19.30562494938518
47.31999999999942,5.79487433490476
47.33999999999942,22.303002611310674
47.35999999999942,11.825960654267481
47.37999999999941,20.14304471194238
47.399999999999416,24.943672246228697
47.41999999999942,22.033250876903907
47.439999999999415,26.42359500707247
47.45999999999941,21.746367927293655
47.479999999999414,28.33361644302913
47.49999999999942,12.052464972823756
47.51999999999941,37.35342883157382
47.53999999999941,21.250618742600146
47.55999999999941,26.089716877542617
47.579999999999416,17.148146702039327
47.59999999999941,20.90794068119752
47.61999999999941,13.080653892109165
47.63999999999941,14.395924731123424
47.659999999999414,21.440422297768524
47.67999999999941,24.770655900820017
47.699999999999406,31.570105700841232
47.71999999999941,30.805551998137762
47.73999999999941,0.0
47.75999999999941,14.646827585659452
47.779999999999404,20.628518151538028
47.79999999999941,30.896338877475195
47.81999999999941,6.7727524628372215
47.83999999999941,20.71193792860547
47.8599999999994,10.232797783120148
47.879999999999406,18.534000662924285
47.89999999999941,14.13697487721307
47.919999999999405,16.1978213412799
47.9399999999994,21.6323540868638
47.959999999999404,17.637011642931927
47.97999999999941,17.98154327205792
47.9999999999994,17.44889127667177
48.0199999999994,3.5077012227059328
48.0399999999994,18.15517738326913
48.059999999999405,16.760851658693305
48.0799999999994,18.04592711571754
48.0999999999994,18.656828972801907
48.1199999999994,26.404859818880198
48.139999999999404,34.37214475607997
48.1599999999994,7.290103157177684
48.179999999999396,7.9568727458567
48.1999999999994,23.794089702845817
48.2199999999994,0.0
48.2399999999994,37.365420884152535
48.259999999999394,25.413632912994736
48.2799999999994,24.640355809803847
48.2999999999994,32.50652694598532
48.319999999999396,17.629013036279616
48.33999999999939,16.100951303238517
48.359999999999395,21.023562854003004
48.3799999999994,21.88538981178435
48.399999999999395,24.81129751088119
48.41999999999939,23.9869474332774
48.439999999999394,15.70599381604594
48.4599999999994,16.432625512651803
48.47999999999939,3.7404458967670955
48.49999999999939,34.4834075810259
48.51999999999939,29.766580985946273
48.539999999999395,12.123734707490506
48.55999999999939,31.13698641749893
48.57999999999939,38.50698928251191
48.59999999999939,16.97236966174738
48.61999999999939,18.085541197502245
48.63999999999939,11.569378239770188
48.659999999999386,24.32945151715889
48.67999999999939,23.812214558894368
48.69999999999939,34.9483266117281
48.71999999999939,5.512389704460048
48.739999999999384,23.51465478228844
48.75999999999939,16.046399645362683
48.77999999999939,25.774487416237076
48.799999999999386,22.99418070509807
48.81999999999938,9.582665023152355
48.839999999999385,22.276670232776194
48.85999999999939,26.35522106786827
48.879999999999384,17.864911987225362
48.89999999999938,23.876470170462518
48.91999999999938,15.659059230274984
48.93999999999939,30.517653126912368
48.95999999999938,19.129078657103204
48.97999999999938,15.609242348512577
48.99999999999938,9.50674699107088
49.019999999999385,13.859780160491482
49.03999999999938,28.9183587339432
49.05999999999938,20.462836170198752
49.07999999999938,15.345746461234805
49.09999999999938,18.471382746120746
49.11999999999938,19.11461719441856
49.139999999999375,16.76915910230954
49.15999999999938,17.7351771022991
49.17999999999938,21.276332991719297
49.19999999999938,22.488968555369958
49.219999999999374,31.887316732086163
49.23999999999938,2.480737070471978
49.25999999999938,21.64602090529952
49.279999999999376,31.263504205422734
49.29999999999937,11.193464288097443
49.319999999999375,13.76282492674017
49.33999999999938,33.48043315434134
49.359999999999374,20.840015109799996
49.37999999999937,16.312666877190242
49.39999999999937,17.228013061656206
49.419999999999376,36.0867147325775
49.43999999999937,13.589330139606087
49.45999999999937,22.838284725297427
49.47999999999937,16.62521327199703
49.499999999999375,21.073256067917463
49.51999999999937,16.77122877744771
49.53999999999937,25.936091585031473
49.55999999999937,22.589620091732233
49.57999999999937,27.396256016554617
49.59999999999937,10.787131311610578
49.619999999999365,26.637206976644368
49.63999999999937,22.429607571886958
49.65999999999937,30.815217414419294
49.67999999999937,27.689168719825386
49.69999999999936,20.916963913667082
49.71999999999937,26.63752748500461
49.73999999999937,12.395699705938643
49.759999999999366,16.776169776059437
49.77999999999936,9.49355068700809
49.799999999999365,20.458078407292394
49.81999999999937,21.372040345081828
49.839999999999364,22.164259649925768
49.85999999999936,30.018047444869595
49.87999999999936,32.15050777360513
49.899999999999366,39.62355829258611
49.91999999999936,12.252970311537222
49.93999999999936,3.0442591100657204
49.95999999999936,30.235208506497344
49.979999999999364,36.20709390910501
49.99999999999936,5.089321773848457
50.01999999999936,16.799687660333753
50.03999999999936,24.857672592321805
50.05999999999936,33.39764733645167
50.07999999999936,14.443355223488473
50.099999999999355,11.971284750213183
50.11999999999936,24.30406327058127
50.13999999999936,17.08114033155745
50.15999999999936,14.382424903396837
50.17999999999935,12.53740603857586
50.199999999999356,15.423711154817445
50.21999999999936,26.915307730877856
50.239999999999355,13.797103396285502
50.25999999999935,25.209409490911323
50.279999999999355,14.340905128694816
50.29999999999936,30.934197194468936
50.319999999999354,29.229649545453356
50.33999999999935,10.354499465051202
50.35999999999935,7.502171448075934
50.379999999999356,27.200073463219802
50.39999999999935,26.594633365936872
50.41999999999935,25.866307240157028
50.43999999999935,14.761346019836893
50.459999999999354,17.02460766054667
50.47999999999935,25.91520825205573
50.499999999999346,26.60990162579911
50.51999999999935,26.273480178645244
50.53999999999935,11.1444954350784
50.55999999999935,14.898775338813701
50.579999999999345,11.825971007374857
50.59999999999935,24.998348346144507
50.61999999999935,22.01370263706359
50.63999999999935,18.53541965625682
50.65999999999934,19.47898086705618
50.679999999999346,21.033732955119046
50.69999999999935,19.19284275582826
50.719999999999345,17.12805925563568
50.73999999999934,11.890491243440895
50.759999999999344,20.691141801793385
50.77999999999935,18.199337006844296
50.79999999999934,28.329536853601383
50.81999999999934,13.659733470398375
50.83999999999934,13.62628408218156
50.859999999999346,22.42732197531763
50.87999999999934,34.05217571166755
50.89999999999934,22.14123324612819
50.91999999999934,21.54228817970933
50.939999999999344,17.514974754786437
50.95999999999934,9.68305282693305
50.979999999999336,26.59300898103863
50.99999999999934,17.699572105260998
51.01999999999934,26.519893393368854
51.03999999999934,24.118014409359052
51.059999999999334,13.811152641721964
51.07999999999934,20.90135119510508
51.09999999999934,17.985492189244585
51.11999999999934,27.08154448336112
51.13999999999933,15.816069887049832
51.159999999999336,22.684608490886745
51.17999999999934,13.90820025420736
51.199999999999335,28.385090071405386
51.21999999999933,34.263386961115316
51.239999999999334,16.458701813870604
51.25999999999934,10.836886138770122
51.27999999999933,19.093736443411363
51.29999999999933,28.300605847090324
51.31999999999933,22.402775391980917
51.339999999999336,23.949507158805567
51.35999999999933,12.581793184598226
51.37999999999933,26.055549859805886
51.39999999999933,17.773643755292625
51.419999999999334,14.64862483200272
51.43999999999933,34.75731251084766
51.459999999999326,14.697382405408064
51.47999999999933,7.907241687672679
51.49999999999933,13.46838266866726
51.51999999999933,17.92466600751467
51.539999999999324,26.293105904456628
51.55999999999933,19.373484210057594
51.57999999999933,26.867521925036133
51.599999999999326,18.130673294717983
51.61999999999932,31.812016005342116
51.639999999999326,17.095247025513522
51.65999999999933,27.810392474355005
51.679999999999325,29.748123273368975
51.69999999999932,23.28551169304187
51.719999999999324,17.392673339159273
51.73999999999933,11.52511172685006
51.75999999999932,19.63227961672581
51.77999999999932,18.570715791313777
51.79999999999932,26.59783562641026
51.819999999999325,28.363317781256697
51.83999999999932,17.131191833353498
51.85999999999932,5.922875390722007
51.87999999999932,7.580182446834556
51.899999999999324,28.92266744134809
51.91999999999932,13.450171604479717
51.939999999999316,15.80381315514354
51.95999999999932,16.356195439121148
51.97999999999932,18.596897811817623
51.99999999999932,30.28615802699775
52.019999999999314,15.82339662262575
52.03999999999932,30.011799558292516
52.05999999999932,8.147570020047898
52.079999999999316,11.55561733279909
52.09999999999931,16.599636346450172
52.119999999999315,41.064307963739154
52.13999999999932,20.257978554104966
52.159999999999314,18.255812809664242
52.17999999999931,7.389519296023092
52.199999999999314,32.925262152638396
52.21999999999932,10.525620089169422
52.23999999999931,23.731780441097737
52.25999999999931,8.36982152315695
52.27999999999931,27.231188250134927
52.299999999999315,21.118570162634043
52.31999999999931,22.918248169440133
52.33999999999931,24.307688089795597
52.35999999999931,28.714308029624775
52.37999999999931,25.070876936223883
52.39999999999931,6.340209741763115
52.419999999999305,15.386318370973116
52.43999999999931,20.953022890043894
52.45999999999931,15.016632092009026
52.47999999999931,15.701502856494852
52.499999999999304,19.58372736084699
52.51999999999931,22.7575042546677
52.53999999999931,21.1666268499556
52.559999999999306,17.59782192978652
52.5799999999993,25.461857663071164
52.599999999999305,15.023073546962891
52.61999999999931,32.17800106707343
52.639999999999304,23.64901798011136
52.6599999999993,23.820958959875995
52.6799999999993,5.537365336799967
52.69999999999931,18.919263636043798
52.7199999999993,23.196792765063428
52.7399999999993,25.0289316749828
52.7599999999993,4.370966182334552
52.779999999999305,8.328112059256565
52.7999999999993,9.150751834171087
52.8199999999993,40.68549598374581
52.8399999999993,37.03822342114513
52.8599999999993,12.044253027349995
52.8799999999993,1.5949628374474898
52.899999999999295,11.13602407841643
52.9199999999993,21.494854166175855
52.9399999999993,24.84107318256846
52.9599999999993,13.112368349817277
52.97999999999929,33.86810913707364
52.9999999999993,14.64888019387695
53.0199999999993,18.570487881254554
53.039999999999296,16.782340685742152
53.05999999999929,26.140627363319854
53.079999999999295,36.779438045682426
53.0999999999993,15.77938462054604
53.119999999999294,29.16909836713617
53.13999999999929,30.1423196491655
53.15999999999929,25.978710377668282
53.179999999999296,28.171712591648735
53.19999999999929,20.0074774017061
53.21999999999929,15.997215077886985
53.23999999999929,37.01291768459217
53.259999999999295,21.080577393933524
53.27999999999929,11.254790852704028
53.29999999999929,34.6918111630143
53.31999999999929,15.12780237487926
53.33999999999929,23.748295089161278
53.35999999999929,20.058509275796556
53.379999999999285,13.973785626936236
53.39999999999929,23.321315354004714
53.41999999999929,16.24159200768903
53.43999999999929,18.596393402193815
53.45999999999928,18.940603767398475
53.479999999999286,32.16006136229899
53.49999999999929,17.173810480669424
53.519999999999285,26.27454698548603
53.53999999999928,27.24808080689602
53.559999999999285,16.711906810341503
53.57999999999929,24.32250304338169
53.599999999999284,25.405688850362182
53.61999999999928,8.91806439172881
53.63999999999928,37.90272097084423
53.659999999999286,26.978919708556788
53.67999999999928,27.69160366806198
53.69999999999928,27.949209720332988
53.71999999999928,21.946803261195193
53.739999999999284,18.42479413003491
53.75999999999928,28.32520584890173
53.779999999999276,15.269801979278656
53.79999999999928,26.522370742618172
53.81999999999928,25.843348955429594
53.83999999999928,20.431968217763835
53.859999999999275,17.267791807324734
53.87999999999928,23.214718577577784
53.89999999999928,2.909802722586548
53.91999999999928,24.267644790797995
53.93999999999927,25.154793970993914
53.959999999999276,16.786812524663375
53.97999999999928,24.448135653122456
53.999999999999275,13.163141503503775
54.01999999999927,24.15335357855586
54.039999999999274,10.014442771925026
54.05999999999928,29.98034408522422
54.07999999999927,14.15261116420211
54.09999999999927,33.623664475047555
54.11999999999927,23.623009064333054
54.139999999999276,20.113241696358536
54.15999999999927,18.305502726468557
54.17999999999927,28.94154325953946
54.19999999999927,23.690906172427244
54.219999999999274,25.16389380000528
54.23999999999927,35.81198056337627
54.259999999999266,19.614920891735125
54.27999999999927,36.103615124283635
54.29999999999927,16.885228693537684
54.31999999999927,25.431688354372575
54.339999999999264,8.978274659043866
54.35999999999927,15.509130855965225
54.37999999999927,21.594223747490773
54.39999999999927,17.52226866184993
54.41999999999926,18.31252682654771
54.439999999999266,23.116619976781347
54.45999999999927,16.562425387401866
54.479999999999265,19.76164248155179
54.49999999999926,25.794843417354336
54.519999999999264,12.076345120170012
54.53999999999927,27.005820841518076
54.55999999999926,12.041222520333747
54.57999999999926,0.2926361517019629
54.59999999999926,18.83187924768461
54.619999999999266,15.708686734509653
54.63999999999926,24.382291950594936
54.65999999999926,27.507939628934615
54.67999999999926,10.624138732342571
54.699999999999264,13.137357753504023
54.71999999999926,27.37960186536185
54.739999999999256,3.3471275983914133
54.75999999999926,20.571670220288283
54.77999999999926,20.657122277807208
54.79999999999926,0.0
54.819999999999254,20.98329192759338
54.83999999999926,24.378875922169172
54.85999999999926,11.15341898177602
54.87999999999926,7.145171814243611
54.89999999999925,34.71417892480756
54.919999999999256,14.818573264112587
54.93999999999926,15.944333723373973
54.959999999999255,13.693810503497605
54.97999999999925,14.980965447867366
54.999999999999254,24.713951734563448
55.01999999999926,24.858626874407854
55.03999999999925,14.032776104674598
55.05999999999925,17.163553688290552
55.07999999999925,20.981374589357262
55.099999999999255,28.66245252412932
55.11999999999925,25.507086542357047
55.13999999999925,24.061374191185678
55.15999999999925,0.0
55.179999999999254,25.098430430637386
55.19999999999925,21.05334781711458
55.219999999999246,20.02282874584022
55.23999999999925,18.734723738424464
55.25999999999925,6.919254484466514
55.27999999999925,12.06608197807932
55.299999999999244,0.0
55.31999999999925,13.202855104415063
55.33999999999925,17.280689947421138
55.359999999999246,29.88234080999029
55.37999999999924,17.88152570814827
55.399999999999245,23.410451877079446
55.41999999999925,7.50907742041724
55.439999999999245,12.193112984745635
55.45999999999924,13.6446614405796
55.479999999999244,31.32726727198697
55.49999999999925,11.223392520261395
55.51999999999924,20.323071373811985
55.53999999999924,38.86439131734531
55.55999999999924,14.96610412385409
55.579999999999245,16.87637277512721
55.59999999999924,16.25356203677381
55.61999999999924,23.936194235568728
55.63999999999924,20.211093060866578
55.65999999999924,7.160697485926212
55.67999999999924,15.228298514886193
55.699999999999235,22.02683838901696
55.71999999999924,15.319757870824487
55.73999999999924,12.248741130931622
55.75999999999924,8.288221199962294
55.779999999999234,24.597677264868512
55.79999999999924,17.279059495619126
55.81999999999924,31.65232441533863
55.839999999999236,19.41281278152057
55.85999999999923,33.54537472247816
55.879999999999235,7.270274015755318
55.89999999999924,27.025796820195815
55.919999999999234,20.21528062129542
55.93999999999923,7.83158662981578
55.95999999999923,29.817102365378595
55.97999999999924,21.747708415660632
55.99999999999923,29.429142008546556
56.01999999999923,18.347529857353152
56.03999999999923,28.435458872216614
56.059999999999235,20.97214852428696
56.07999999999923,20.548230275245963
56.09999999999923,25.62969816419917
56.11999999999923,16.751843216908043
56.13999999999923,4.368870195884027
56.15999999999923,23.171793595937807
56.179999999999225,24.517662906893623
56.19999999999923,34.934908669235
56.21999999999923,21.37564033288243
56.23999999999923,12.980715343786756
56.25999999999922,25.519605070898777
56.27999999999923,20.511814794875693
56.29999999999923,0.0
56.319999999999226,7.102107481451146
56.33999999999922,17.110732548520755
56.359999999999225,23.54635098198963
56.37999999999923,13.578125020469155
56.399999999999224,8.900634716739928
56.41999999999922,22.336585291726575
56.43999999999922,35.33044086979581
56.459999999999226,35.64415460232548
56.47999999999922,17.85599412364428
56.49999999999922,7.782420256068471
56.51999999999922,9.741289454040544
56.539999999999225,27.147167794495335
56.55999999999922,15.880679837106378
56.57999999999922,13.240274059863557
56.59999999999922,18.35700946649583
56.61999999999922,27.834554410671053
56.63999999999922,16.61054027363259
56.659999999999215,8.782964702113429
56.67999999999922,11.250774382797506
56.69999999999922,33.524837000068075
56.71999999999922,24.387418455933993
56.73999999999921,17.2197258823024
56.759999999999216,22.893437344667365
56.77999999999922,16.91070499879404
56.799999999999216,8.394160119334773
56.81999999999921,1.8195764034333948
56.839999999999215,16.28615856724914
56.85999999999922,8.335615804236626
56.879999999999214,7.139905754550309
56.89999999999921,17.50134817869969
56.91999999999921,20.02166432076943
56.939999999999216,18.469994991465228
56.95999999999921,21.753718675892944
56.97999999999921,23.404756923504387
56.99999999999921,21.239227199170035
57.019999999999214,15.612667325632117
57.03999999999921,16.51624551806763
57.05999999999921,10.809453540064698
57.07999999999921,15.603164942757349
57.09999999999921,14.451314157202551
57.11999999999921,22.59633715232044
57.139999999999205,29.206777491876352
57.15999999999921,14.329067485694495
57.17999999999921,19.54065468133954
57.19999999999921,22.09809662106931
57.2199999999992,11.477704056879041
57.239999999999206,28.35788636386316
57.25999999999921,25.092291609821057
57.279999999999205,25.057831031707394
57.2999999999992,18.314765624848068
57.319999999999204,32.86487275691436
57.33999999999921,6.69960874534438
57.359999999999204,19.22940109991627
57.3799999999992,11.28771837590646
57.3999999999992,25.26651632339479
57.419999999999206,15.062436524120894
57.4399999999992,16.914814907952035
57.4599999999992,26.796456141656876
57.4799999999992,28.06896143672659
57.499999999999204,13.998143466638334
57.5199999999992,29.51888719366181
57.539999999999196,22.375910153071192
57.5599999999992,20.07688668746279
57.5799999999992,20.43383854024925
57.5999999999992,28.555834614632296
57.619999999999195,18.27070819834101
57.6399999999992,31.918022651441937
57.6599999999992,23.71223768581101
57.6799999999992,22.706788105013068
57.69999999999919,11.143781006214844
57.719999999999196,27.03752069667832
57.7399999999992,13.33271372222932
57.759999999999195,17.189046177679245
57.77999999999919,19.969768264874396
57.799999999999194,19.196395656534943
57.8199999999992,24.215260006961614
57.83999999999919,18.32299252577205
57.85999999999919,9.823383805895071
57.87999999999919,30.27605750288295
57.899999999999196,12.957947253939578
57.91999999999919,13.6003776843986
57.93999999999919,14.25483294932311
57.95999999999919,16.21222968408357
57.979999999999194,16.51875635509263
57.99999999999919,17.016593051633503
58.019999999999186,34.89199079367523
58.03999999999919,16.307175205789576
58.05999999999919,22.151229104019272
58.07999999999919,19.24781032250182
58.099999999999184,33.79442150611891
58.11999999999919,17.54049492961864
58.13999999999919,22.984678966854467
58.15999999999919,11.666863137707267
58.17999999999918,16.277052474625687
58.199999999999186,7.174827552349576
58.21999999999919,22.431266133553866
58.239999999999185,15.990239701808179
58.25999999999918,22.238523317337503
58.279999999999184,21.553014170839813
58.29999999999919,17.952262068545007
58.31999999999918,26.6897849769275
58.33999999999918,20.196666800117022
58.35999999999918,23.060766148044927
58.379999999999185,15.948494285377787
58.39999999999918,27.977874159360866
58.41999999999918,20.148050939428927
58.43999999999918,37.29346673018619
58.459999999999184,18.56016497457722
58.47999999999918,35.32087938530764
58.499999999999176,7.859052072466424
58.51999999999918,28.559747864544036
58.53999999999918,0.0
58.55999999999918,22.057985536493828
58.579999999999174,32.38019135294111
58.59999999999918,16.52686523145142
58.61999999999918,11.862281741544999
58.639999999999176,24.583619934858223
58.65999999999917,22.557177098138368
58.679999999999175,21.972706265898825
58.69999999999918,15.022739493874008
58.719999999999175,22.882227343032632
58.73999999999917,22.20990188954274
58.759999999999174,13.492198917809887
58.77999999999918,19.04929978560129
58.79999999999917,26.67253870738417
58.81999999999917,19.604985090891375
58.83999999999917,12.789996053089595
58.859999999999175,20.628297218197527
58.87999999999917,24.003805084562348
58.89999999999917,13.126990132917978
58.91999999999917,27.228218929116686
58.93999999999917,24.26956927013423
58.95999999999917,18.71202021275531
58.979999999999166,12.572101457710502
58.99999999999917,19.180123046460714
59.01999999999917,16.74498494233755
59.03999999999917,6.85249012903399
59.059999999999164,21.610796114870517
59.07999999999917,31.392975630389124
59.09999999999917,11.983265332041064
59.119999999999166,29.11663201378368
59.13999999999916,26.228195028986608
59.159999999999165,23.609789657618695
59.17999999999917,15.570937108616768
59.199999999999164,25.72129488201843
59.21999999999916,33.18122442649613
59.23999999999916,6.50794679813357
59.25999999999917,30.192159280684976
59.27999999999916,32.352319823613904
59.29999999999916,13.211853801231197
59.31999999999916,17.349761659704
59.339999999999165,21.351878026718026
59.35999999999916,20.30451329411775
59.37999999999916,11.914653281068306
59.39999999999916,27.758630827763515
59.41999999999916,3.273417539558661
59.43999999999916,16.363937424483545
59.459999999999155,20.00298767704298
59.47999999999916,12.685235334966219
59.49999999999916,9.716333718863014
59.51999999999916,24.29241302311869
59.539999999999154,25.90845903748312
59.55999999999916,18.39476988415142
59.57999999999916,20.490621204420904
59.599999999999156,23.26989894276684
59.61999999999915,25.10468221946262
59.639999999999155,23.466207688154096
59.65999999999916,15.62868932782717
59.679999999999154,25.28637334991814
59.69999999999915,38.865193913981194
59.71999999999915,19.757047346296417
59.739999999999156,22.7008712859263
59.75999999999915,29.768639896593022
59.77999999999915,9.241407760916985
59.79999999999915,25.645891492601354
59.819999999999155,12.28580146748634
59.83999999999915,12.043648526148086
59.85999999999915,18.289527749635397
59.87999999999915,30.40124791161414
59.89999999999915,31.533594419311072
59.91999999999915,4.795687503038106
59.939999999999145,20.438823269884185
59.95999999999915,20.704281419328343
59.97999999999915,20.24054212298614
59.99999999999915,15.53741209995351
60.01999999999914,28.07181995007387
60.03999999999915,20.916789377026955
60.05999999999915,12.697792442318983
60.079999999999146,19.88079584092478
60.09999999999914,21.64484896996805
60.119999999999145,27.07273086971871
60.13999999999915,8.17116319096404
60.159999999999144,10.966640975763429
60.17999999999914,23.097419027964865
60.19999999999914,15.759270534071202
60.219999999999146,27.206599175134656
60.23999999999914,23.13493493272132
60.25999999999914,21.833242684730852
60.27999999999914,30.04808759985878
60.299999999999145,3.1387514634141844
60.31999999999914,3.39610900939406
60.33999999999914,27.11978633705405
60.35999999999914,15.142110585479037
60.37999999999914,21.598467173887002
60.39999999999914,17.1688242642806
60.419999999999135,24.3303879477504
60.43999999999914,31.314661466272767
60.45999999999914,30.18778594624211
60.47999999999914,33.39851613535774
60.49999999999913,32.0580615499822
60.519999999999136,14.983904741547757
60.53999999999914,23.794715618861368
60.559999999999135,32.364102312605105
60.57999999999913,16.03282169971214
60.599999999999135,17.368164904193456
60.61999999999914,25.762536083644754
60.639999999999134,11.229832245911805
60.65999999999913,24.300394231179993
60.67999999999913,21.9142062371287
60.699999999999136,5.773966757246116
60.71999999999913,13.275233316704858
60.73999999999913,29.307410429091412
60.75999999999913,18.29306122237812
60.779999999999134,10.624546943150603
60.79999999999913,25.58377378482993
60.819999999999126,14.897990751394284
60.83999999999913,38.86500485199238
60.85999999999913,22.759825200704103
60.87999999999913,30.84796060696519
60.899999999999125,23.45980907742642
60.91999999999913,27.152201655590776
60.93999999999913,30.573832643667483
60.95999999999913,12.541990596479444
60.97999999999912,22.544232590066784
60.999999999999126,22.099116983341993
61.01999999999913,17.787173410327586
61.039999999999125,16.53899024631699
61.05999999999912,16.36085707389679
61.079999999999124,1.5724983159390895
61.09999999999913,16.456649292153237
61.11999999999912,20.475488056888025
61.13999999999912,10.881598675433365
61.15999999999912,21.6003372123447
61.179999999999126,11.846954168057755
61.19999999999912,24.37558423544746
61.21999999999912,16.47941195799286
61.23999999999912,0.0
61.259999999999124,33.31848685017968
61.27999999999912,16.86735996552796
61.299999999999116,19.45335720296063
61.31999999999912,24.264980081789645
61.33999999999912,24.95567245526162
61.35999999999912,16.798783895799932
61.379999999999114,22.909513571958126
61.39999999999912,4.971460263775597
61.41999999999912,19.89731761337274
61.43999999999912,20.867511482685707
61.45999999999911,17.320088069874835
61.479999999999116,14.501858734611911
61.49999999999912,23.734556549261
61.519999999999115,16.84701353144449
61.53999999999911,21.98167478800469
61.559999999999114,1.0220172819669884
61.57999999999912,28.225617204703962
61.59999999999911,5.2252175977767745
61.61999999999911,30.063989938765154
61.63999999999911,23.609524204354102
61.659999999999116,13.61153751347344
61.67999999999911,19.56967234430497
61.69999999999911,14.949031201963587
61.71999999999911,15.268834595632438
61.739999999999114,13.739725893050753
61.75999999999911,16.98013932757747
61.779999999999106,20.206475603578692
61.79999999999911,24.446317228721057
61.81999999999911,24.21786392672789
61.83999999999911,24.877981550999323
61.859999999999104,11.155803405215098
61.87999999999911,20.79529982677294
61.89999999999911,22.090182933314676
61.919999999999106,6.425484962792741
61.9399999999991,14.119611595463901
61.959999999999106,21.47270900215533
61.97999999999911,18.965268927290282
61.999999999999105,32.862180641184636
62.0199999999991,27.47651892155573
62.039999999999104,13.901909654054066
62.05999999999911,17.266808391977914
62.0799999999991,42.52258571745682
62.0999999999991,26.198028040559095
62.1199999999991,25.17777648927024
62.139999999999105,26.196874478029937
62.1599999999991,9.29536326481655
62.1799999999991,1.3835297080559172
62.1999999999991,26.53367831499
62.219999999999104,17.68523124813834
62.2399999999991,17.754787152146115
62.259999999999096,16.601000793497064
62.2799999999991,18.67210622601188
62.2999999999991,18.995328784772187
62.3199999999991,23.260182698501133
62.339999999999094,23.13675703092572
62.3599999999991,15.038415295753923
62.3799999999991,19.84988999857297
62.399999999999096,22.70726829984448
62.41999999999909,11.214770938630325
62.439999999999095,17.01366419807251
62.4599999999991,14.41904524700412
62.479999999999094,26.20761973499013
62.49999999999909,21.56088056892803
62.519999999999094,13.345018836811791
62.5399999999991,29.45565373636246
62.55999999999909,14.177455003267728
62.57999999999909,18.42042695710335
62.59999999999909,27.383558413830606
62.619999999999095,24.42488334453537
62.63999999999909,16.014534102021425
62.65999999999909,16.196338210916146
62.67999999999909,23.67028158886257
62.69999999999909,23.21190795904269
62.71999999999909,32.082739861450136
62.739999999999085,28.160738711991296
62.75999999999909,23.9868858708182
62.77999999999909,26.70722118217094
62.79999999999909,13.794787550264484
62.819999999999084,22.010739072849216
62.83999999999909,17.622065310356007
62.85999999999909,18.575484130097358
62.879999999999086,8.798808480373614
62.89999999999908,12.1744785214093
62.919999999999085,18.738267172841777
62.93999999999909,25.11080762221413
62.959999999999084,28.356239140528913
62.97999999999908,23.586332702112934
62.99999999999908,23.75375241245792
63.01999999999909,20.179297983271592
63.03999999999908,13.506933583803344
63.05999999999908,9.473040788539405
63.07999999999908,17.485492844674162
63.099999999999085,28.559990942945443
63.11999999999908,0.0
63.13999999999908,5.463929846208304
63.15999999999908,14.361799850629335
63.17999999999908,24.549718882104365
63.19999999999908,19.922121736976855
63.219999999999075,12.360775693400953
63.23999999999908,20.513115840147094
63.25999999999908,19.063956834164873
63.27999999999908,8.177870405448385
63.29999999999907,22.189165573627008
63.31999999999908,23.823011547617988
63.33999999999908,7.254696395457325
63.359999999999076,31.203327327113996
63.37999999999907,6.641252220018798
63.399999999999075,28.130729760179605
63.41999999999908,36.13417407513611
63.439999999999074,15.013197065799442
63.45999999999907,12.341425103605557
63.47999999999907,11.969446498178733
63.499999999999076,27.10600001960355
63.51999999999907,23.29331053812637
63.53999999999907,24.29719682528035
63.55999999999907,27.233553482079873
63.579999999999075,25.145100081167772
63.59999999999907,24.423493786830342
63.61999999999907,27.93951495714009
63.63999999999907,12.429649440629314
63.65999999999907,34.78077543299145
63.67999999999907,21.537577358702645
63.699999999999065,16.055044675059367
63.71999999999907,23.914296126821696
63.73999999999907,28.08972414234541
63.75999999999907,28.027329985153848
63.77999999999906,28.7382576280124
63.799999999999066,28.24377356494652
63.81999999999907,29.265957817196636
63.839999999999065,25.72195287371836
63.85999999999906,35.008838585498296
63.879999999999065,41.54407165077305
63.89999999999907,46.374310247635805
63.919999999999064,49.900826430183194
63.93999999999906,59.93175955487876
63.95999999999906,74.21053721433515
63.979999999999066,95.54817072495067
63.99999999999906,108.97944175869023
64.01999999999906,135.42504865678748
64.03999999999905,166.52394335713373
64.05999999999906,200.2546112570598
64.07999999999906,241.26952208041945
64.09999999999906,260.1477461852309
64.11999999999907,300.73898351459064
64.13999999999906,300.17276358972543
64.15999999999906,305.13980620692206
64.17999999999905,331.0068449764423
64.19999999999905,316.51928240709645
64.21999999999906,323.90358813625494
64.23999999999906,280.733601830587
64.25999999999905,262.936710251878
64.27999999999906,227.20753296355593
64.29999999999906,201.87818845366758
64.31999999999906,186.16476477599642
64.33999999999905,139.79915117267885
64.35999999999905,125.85985878800408
64.37999999999906,98.41304635641518
64.39999999999905,72.51252439887078
64.41999999999905,58.37882663637498
64.43999999999906,47.21314562162191
64.45999999999906,50.59297493052478
64.47999999999905,26.266400660081604
64.49999999999905,16.309595018904147
64.51999999999904,27.098589862944007
64.53999999999905,21.26729338621483
64.55999999999905,16.529317220153274
64.57999999999905,22.965605431533945
64.59999999999906,32.62442288049128
64.61999999999905,11.406572561463877
64.63999999999905,1.069981296109873
64.65999999999904,22.97069762033273
64.67999999999904,29.281681795749883
64.69999999999905,23.407849903871913
64.71999999999905,20.288506447338865
64.73999999999904,19.112150367046254
64.75999999999905,14.397373293698257
64.77999999999905,28.81750173931052
64.79999999999905,21.27991302824093
64.81999999999904,12.716217769003862
64.83999999999904,15.66355665443637
64.85999999999905,9.34056838692271
64.87999999999904,22.890868698272982
64.89999999999904,13.968971894627254
64.91999999999905,19.993080267249812
64.93999999999905,3.46406796787641
64.95999999999904,14.267489650934557
64.97999999999904,24.720331820751447
64.99999999999903,30.08910138728146
65.01999999999904,29.84253421583044
65.03999999999904,22.754981270607608
65.05999999999904,33.98151326235514
65.07999999999905,24.236039898276033
65.09999999999904,18.379045557473315
65.11999999999904,17.009561660051894
65.13999999999903,19.60281965329547
65.15999999999903,21.202163143184208
65.17999999999904,12.581664695521628
65.19999999999904,8.449007821929975
65.21999999999903,20.59811447935274
65.23999999999904,17.68233734958897
65.25999999999904,8.562331042251454
65.27999999999903,18.883308153476168
65.29999999999903,41.10071274355919
65.31999999999903,25.644720948480668
65.33999999999904,25.667141869508388
65.35999999999903,15.305888149013269
65.37999999999903,19.82776395953023
65.39999999999904,32.958416789722264
65.41999999999904,17.446186097336216
65.43999999999903,28.311023393227842
65.45999999999903,5.624957077051084
65.47999999999902,18.634805080617827
65.49999999999903,9.330039764416236
65.51999999999903,21.92192742555941
65.53999999999903,27.160824236968153
65.55999999999904,14.252330063602418
65.57999999999903,8.672018116992401
65.59999999999903,4.295735955574417
65.61999999999902,27.034583909778647
65.63999999999902,27.143070372026717
65.65999999999903,16.08000499157595
65.67999999999903,19.41058996767337
65.69999999999902,5.2044609846003205
65.71999999999903,40.30673145763535
65.73999999999903,24.184516804733136
65.75999999999902,9.590148291338213
65.77999999999902,20.288212628010285
65.79999999999902,9.53506400290242
65.81999999999903,37.695769713727614
65.83999999999902,28.13686088654338
65.85999999999902,24.95489656984827
65.87999999999903,25.448881414222505
65.89999999999903,20.32559426696491
65.91999999999902,25.178101693780597
65.93999999999902,9.77269568225491
65.95999999999901,15.960507428895486
65.97999999999902,20.624403068886533
65.99999999999902,20.490607944351964
66.01999999999902,24.43574020730893
66.03999999999903,19.346815461038723
66.05999999999902,16.14337346156707
66.07999999999902,9.404474422753266
66.09999999999901,16.29504304168866
66.11999999999901,9.7943441361161
66.13999999999902,16.29181374283722
66.15999999999902,20.339295296112727
66.17999999999901,16.063831896562768
66.19999999999902,13.747717775238737
66.21999999999902,5.360013615419598
66.23999999999901,13.69179681717765
66.25999999999901,27.093830215571973
66.279999999999,24.253613526037515
66.29999999999902,25.001915786294088
66.31999999999901,0.0
66.33999999999901,16.34399002165115
66.35999999999902,14.86090156479666
66.37999999999901,29.782172662548465
66.39999999999901,30.98013653426635
66.419999999999,14.079166733276134
66.439999999999,31.53741480336353
66.45999999999901,15.960552206207685
66.47999999999901,32.31744078394721
66.499999999999,16.868917454780366
66.51999999999902,17.7082430550342
66.53999999999901,14.659874109513751
66.55999999999901,19.759872296272125
66.579999999999,29.61728587973063
66.599999999999,32.1951276015959
66.61999999999901,19.165418930230267
66.639999999999,24.87227317434533
66.659999999999,24.958117237306197
66.67999999999901,20.585923534681626
66.69999999999901,33.155198205603554
66.719999999999,15.538373553316738
66.739999999999,30.401222027436162
66.759999999999,27.532773878485138
66.779999999999,20.819146355447586
66.799999999999,6.325753107342464
66.819999999999,4.542737807921716
66.83999999999901,27.78593967174477
66.859999999999,9.96686705290712
66.879999999999,21.715580360876004
66.899999999999,32.882165499848654
66.91999999999899,15.433109824217988
66.939999999999,11.106470018161444
66.959999999999,29.18290421804503
66.979999999999,11.569478931427069
66.999999999999,10.13599914861714
67.019999999999,20.559782842233144
67.039999999999,26.35105003981359
67.059999999999,11.318494839618399
67.07999999999899,12.516658361790434
67.099999999999,8.688429274216405
67.119999999999,14.670618226004084
67.13999999999899,20.571643921101366
67.159999999999,23.690772925511574
67.179999999999,30.581578698178884
67.199999999999,17.30594823821281
67.21999999999899,15.13342646011451
67.23999999999899,11.414711123376245
67.259999999999,21.490117732295634
67.27999999999899,25.809782902467994
67.29999999999899,2.714312821856055
67.319999999999,22.61477706376618
67.339999999999,13.293493290655466
67.35999999999899,13.738068607994034
67.37999999999899,26.324264806948023
67.39999999999898,26.193299875624017
67.41999999999899,15.465432803886364
67.43999999999899,12.890825752814287
67.45999999999898,17.452454545673692
67.479999999999,18.776988866593584
67.49999999999899,21.10456326349862
67.51999999999899,11.38716205130688
67.53999999999898,17.682019595811372
67.55999999999898,15.329497452440565
67.57999999999899,39.9417263277811
67.59999999999899,17.500478442958357
67.61999999999898,23.130151934744127
67.63999999999899,22.353666722832237
67.65999999999899,12.79782988070567
67.67999999999898,25.10565856555918
67.69999999999898,29.141710206613205
67.71999999999898,14.502173625045852
67.73999999999899,25.9398896099665
67.75999999999898,26.9973397605909
67.77999999999898,3.0504492352865284
67.79999999999899,19.056248005310323
67.81999999999898,23.289533028531444
67.83999999999898,15.73775764196926
67.85999999999898,22.01146720624526
67.87999999999897,7.10610719657582
67.89999999999898,15.917651349920824
67.91999999999898,27.054485676079107
67.93999999999897,25.103627071725086
67.95999999999898,18.580624986801347
67.97999999999898,32.57136890384489
67.99999999999898,15.300088893401423
68.01999999999897,14.46318184518459
68.03999999999897,0.0
68.05999999999898,10.901886467452972
68.07999999999898,46.43198654876366
68.09999999999897,22.99989322960101
68.11999999999898,14.92874985858888
68.13999999999898,14.205790213055108
68.15999999999897,21.71316139965077
68.17999999999897,29.2706295889427
68.19999999999897,20.38224121965663
68.21999999999898,16.953221373624263
68.23999999999897,13.296533438858773
68.25999999999897,24.754803772251762
68.27999999999898,0.6864129591098624
68.29999999999897,21.362835475729163
68.31999999999897,23.048766384171092
68.33999999999897,25.285200951645074
68.35999999999896,9.480243552579685
68.37999999999897,17.180263255377238
68.39999999999897,26.70868948239221
68.41999999999896,28.555559403903462
68.43999999999897,11.056350791422219
68.45999999999897,28.982214728645438
68.47999999999897,17.71656257251704
68.49999999999896,15.393360474838794
68.51999999999896,15.28107130274405
68.53999999999897,16.01564471278066
68.55999999999896,25.232733328282308
68.57999999999896,0.0
68.59999999999897,23.072893669552066
68.61999999999897,25.666927811309257
68.63999999999896,18.704378480747767
68.65999999999896,0.0
68.67999999999896,8.31754758338335
68.69999999999897,15.681407145732027
68.71999999999896,27.63716596983238
68.73999999999896,16.1812832237664
68.75999999999897,28.332930186131776
68.77999999999896,21.38852757572427
68.79999999999896,19.0847196500721
68.81999999999896,17.731020401938896
68.83999999999895,10.915270623591576
68.85999999999896,20.600487802778346
68.87999999999896,19.621182036009163
68.89999999999895,26.929981137438965
68.91999999999896,11.268551450062485
68.93999999999896,23.826538119000354
68.95999999999896,25.361036295445253
68.97999999999895,18.902828371741503
68.99999999999895,16.472034052586046
69.01999999999896,26.10256950382847
69.03999999999895,26.61551923187062
69.05999999999895,38.166988338876465
69.07999999999896,8.374141295599651
69.09999999999896,17.188526881436886
69.11999999999895,19.762366173894307
69.13999999999895,14.938724931716054
69.15999999999894,19.981826882815568
69.17999999999896,25.761955982192802
69.19999999999895,17.142354593985974
69.21999999999895,17.86574057789909
69.23999999999896,21.868736414101843
69.25999999999895,28.994231901997257
69.27999999999895,18.126298857479433
69.29999999999895,19.62525877902641
69.31999999999894,24.967203861542657
69.33999999999895,27.207783573026624
69.35999999999895,23.710532546421536
69.37999999999894,29.937572509704246
69.39999999999895,25.776346331246163
69.41999999999895,19.525076922184613
69.43999999999895,21.733681222335125
69.45999999999894,19.82761752284699
69.47999999999894,28.281117423448222
69.49999999999895,9.025310334325821
69.51999999999894,29.558729181959748
69.53999999999894,16.074405118429848
69.55999999999895,2.9926787541799698
69.57999999999895,18.33653507335848
69.59999999999894,2.269534349534638
69.61999999999894,0.6468409598578795
69.63999999999893,20.200744733731998
69.65999999999894,17.090262532196068
69.67999999999894,10.792819402307181
69.69999999999894,23.638636685328258
69.71999999999895,15.469882181074974
69.73999999999894,26.693080431492433
69.75999999999894,23.83442082299185
69.77999999999894,20.706170078305295
69.79999999999893,11.04132794262566
69.81999999999894,33.69115073819538
69.83999999999894,9.721117953402086
69.85999999999893,11.248897241237
69.87999999999894,20.96389002300976
69.89999999999894,30.72653467974871
69.91999999999894,27.385467179211748
69.93999999999893,12.336264914071908
69.95999999999893,25.423349301227635
69.97999999999894,16.255016435043444
69.99999999999893,21.390092913470966
70.01999999999893,15.284736160871766
70.03999999999894,9.071749666170785
70.05999999999894,14.235832411615526
70.07999999999893,22.88027581447838
70.09999999999893,26.98207186265789
70.11999999999892,21.032068980549713
70.13999999999893,11.875634586503098
70.15999999999893,21.116739335431305
70.17999999999893,25.47714713978768
70.19999999999894,23.610424761612272
70.21999999999893,21.39507149191806
70.23999999999893,16.89976724407951
70.25999999999893,15.983945336813111
70.27999999999892,26.39689208940382
70.29999999999893,23.54184820975651
70.31999999999893,19.679766920552222
70.33999999999892,14.136141461136774
70.35999999999893,25.00881198232878
70.37999999999893,21.68049125354397
70.39999999999893,20.14912056685454
70.41999999999892,34.688337140864654
70.43999999999892,20.869344892374865
70.45999999999893,30.692662306321807
70.47999999999892,20.718732602254004
70.49999999999892,11.937216348078751
70.51999999999893,24.20630555022854
70.53999999999893,21.68172568315365
70.55999999999892,17.599626747235874
70.57999999999892,27.42304474370455
70.59999999999891,13.3911384287136
70.61999999999892,19.878353373143035
70.63999999999892,19.1975056802508
70.65999999999892,27.733649248840162
70.67999999999893,24.54309467889391
70.69999999999892,10.940469657287828
70.71999999999892,14.968430424931638
70.73999999999891,24.74671122102923
70.75999999999891,35.23027082320645
70.77999999999892,26.46892910927997
70.79999999999892,25.210984205899443
70.81999999999891,20.37553933131646
70.83999999999892,20.076245063979254
70.85999999999892,20.375272305865032
70.87999999999892,19.283130580573864
70.89999999999891,30.240253166853165
70.91999999999891,4.5983166376527524
70.93999999999892,27.831394582540305
70.95999999999891,23.9146151183949
70.97999999999891,25.673092304571036
70.99999999999892,20.193583450868168
71.01999999999892,35.45993175071374
71.03999999999891,23.16764379059255
71.05999999999891,12.509376858529155
71.0799999999989,17.68328523410735
71.09999999999891,18.422065454614607
71.11999999999891,22.89441187994804
71.1399999999989,13.946002585780755
71.15999999999892,12.204980084740892
71.17999999999891,19.530488484190425
71.19999999999891,14.387861106823582
71.2199999999989,23.143085091397058
71.2399999999989,16.417720452739886
71.25999999999891,11.979248249547197
71.2799999999989,18.440438069571606
71.2999999999989,13.473243850713994
71.31999999999891,23.242092455541844
71.33999999999891,17.820016287377864
71.3599999999989,36.90566276442294
71.3799999999989,27.227534829530686
71.3999999999989,30.486566597795587
71.41999999999891,18.9797472650008
71.4399999999989,27.699752097208773
71.4599999999989,19.770046191226175
71.47999999999891,16.035314721407055
71.4999999999989,23.90836745736609
71.5199999999989,28.577403552817785
71.5399999999989,17.47954717548032
71.5599999999989,26.79008612583154
71.5799999999989,23.075187878913205
71.5999999999989,5.1134646619850095
71.6199999999989,21.009371766331363
71.6399999999989,28.60127104677847
71.6599999999989,22.306964719401755
71.6799999999989,10.158048507144969
71.6999999999989,19.02744925733304
71.71999999999889,17.96135852222093
71.7399999999989,31.368720841200272
71.7599999999989,20.195939963518448
71.77999999999889,14.846098087710082
71.7999999999989,25.768846143486876
71.8199999999989,20.919694487098436
71.8399999999989,15.931471395033466
71.85999999999889,26.026568421960636
71.87999999999889,30.86909514601175
71.8999999999989,11.120869543490036
71.9199999999989,18.788004812077233
71.93999999999889,27.94590084714708
71.9599999999989,19.45831257014786
71.9799999999989,12.90738741160844
71.99999999999889,28.497002872144858
72.01999999999889,19.98564062725647
72.03999999999888,9.51080086310517
72.0599999999989,15.366494951081961
72.07999999999889,30.207602386765835
72.09999999999889,17.53480631985297
72.1199999999989,19.44593443230563
72.13999999999889,23.614799890367642
72.15999999999889,20.37145350656962
72.17999999999888,14.898635938872264
72.19999999999888,15.03311670917295
72.21999999999889,7.839831886348911
72.23999999999889,23.109104074543506
72.25999999999888,21.925826722959464
72.27999999999889,26.249820065596808
72.29999999999889,30.22781490771142
72.31999999999888,27.956283963878285
72.33999999999888,33.60896576166198
72.35999999999888,13.334926332425784
72.37999999999889,12.746224546874062
72.39999999999888,22.58391246323187
72.41999999999888,25.241510719532723
72.43999999999889,11.474353404351264
72.45999999999889,14.555343681778519
72.47999999999888,17.005954766523857
72.49999999999888,18.426309077971478
72.51999999999887,18.374702453805575
72.53999999999888,33.34754536666641
72.55999999999888,29.567940941659373
72.57999999999888,15.156770133758151
72.59999999999889,30.743392086228788
72.61999999999888,19.740000917442156
72.63999999999888,4.639051727774261
72.65999999999887,36.813891192987434
72.67999999999887,27.71295736745988
72.69999999999888,12.00772036457278
72.71999999999888,39.054986837384135
72.73999999999887,12.99390804450007
72.75999999999888,21.94267588879538
72.77999999999888,25.519663406476752
72.79999999999887,16.147258371048345
72.81999999999887,31.174841758538307
72.83999999999887,8.196825427939542
72.85999999999888,15.069987768492478
72.87999999999887,17.8239775869396
72.89999999999887,14.475244827820188
72.91999999999888,26.571097381988633
72.93999999999888,20.520374807777753
72.95999999999887,10.622105377510136
72.97999999999887,12.337805248455949
72.99999999999886,4.090105799545203
73.01999999999887,25.178172933846362
73.03999999999887,22.357422462327698
73.05999999999887,19.82329537276616
73.07999999999888,21.787471196887076
73.09999999999887,23.142386023413167
73.11999999999887,21.071428279094665
73.13999999999886,11.25790658351524
73.15999999999886,13.637406906989751
73.17999999999887,25.30053293234105
73.19999999999887,20.95817516204248
73.21999999999886,9.268023428718156
73.23999999999887,27.6661341972835
73.25999999999887,13.080090591806707
73.27999999999886,9.660339439621154
73.29999999999886,14.985296849623545
73.31999999999886,35.163182482613735
73.33999999999887,8.744672733606262
73.35999999999886,7.422702354740428
73.37999999999886,25.644962883579485
73.39999999999887,21.78626777034704
73.41999999999886,12.210466255079032
73.43999999999886,14.467122647298716
73.45999999999886,21.88378265623338
73.47999999999885,4.674783365343462
73.49999999999886,28.308232392365618
73.51999999999886,29.445132646471176
73.53999999999886,26.738775254748443
73.55999999999887,31.76521707543501
73.57999999999886,28.044825332739137
73.59999999999886,15.68895511965902
73.61999999999885,24.083407558733228
73.63999999999885,16.348826391680696
73.65999999999886,13.67842390845038
73.67999999999886,19.358872640974177
73.69999999999885,20.172210045080483
73.71999999999886,30.81414072906538
73.73999999999886,18.314858814290957
73.75999999999885,13.623974132475116
73.77999999999885,29.718937565032405
73.79999999999885,21.111505761770008
73.81999999999886,38.110161208564804
73.83999999999885,14.590179610445919
73.85999999999885,23.64998423424539
73.87999999999886,17.120965723721376
73.89999999999885,33.400555526592385
73.91999999999885,28.16189213588027
73.93999999999885,18.421849024820787
73.95999999999884,26.72992326789254
73.97999999999885,26.001440699953026
73.99999999999885,27.251892379462724
74.01999999999884,20.023964431295024
74.03999999999886,18.082894764671494
74.05999999999885,20.739013291986275
74.07999999999885,39.92460641833908
74.09999999999884,9.983545606955017
74.11999999999884,29.67768766075716
74.13999999999885,21.724348373307496
74.15999999999885,17.95570613626528
74.17999999999884,27.598166531548834
74.19999999999885,0.0
74.21999999999885,29.727216937949414
74.23999999999884,19.845908246266912
74.25999999999884,32.92486627640753
74.27999999999884,32.16327426127891
74.29999999999885,21.283715670138154
74.31999999999884,32.56116622209575
74.33999999999884,32.448833507972964
74.35999999999885,23.741326344794444
74.37999999999884,30.316738688403284
74.39999999999884,15.36938879421187
74.41999999999884,26.737377955806526
74.43999999999883,10.679468331306387
74.45999999999884,9.873073612094581
74.47999999999884,23.663821835543537
74.49999999999883,32.736613889397226
74.51999999999884,25.846405958365832
74.53999999999884,20.066985070943687
74.55999999999884,24.331611293161128
74.57999999999883,22.031666826604965
74.59999999999883,20.252826746244352
74.61999999999884,20.85373156917123
74.63999999999884,19.529758917028264
74.65999999999883,19.74266767790468
74.67999999999884,12.91606558710193
74.69999999999884,21.269471583998534
74.71999999999883,21.80586714863068
74.73999999999883,22.640063164415594
74.75999999999883,18.442206301876997
74.77999999999884,3.457929148597678
74.79999999999883,8.716411606788085
74.81999999999883,15.39275857153117
74.83999999999884,20.280348737904205
74.85999999999883,23.77841215744839
74.87999999999883,30.272748027143656
74.89999999999883,21.754802249466465
74.91999999999882,21.393623147760973
74.93999999999883,24.844812687077546
74.95999999999883,25.79008012597418
74.97999999999882,18.139397798787392
74.99999999999883,23.12378388150582
75.01999999999883,9.93298510173921
75.03999999999883,6.55508666741483
75.05999999999882,12.846719819054583
75.07999999999882,7.6858450578236095
75.09999999999883,20.10241009252573
75.11999999999883,22.97142636240262
75.13999999999882,13.100857967999342
75.15999999999883,18.661519102325784
75.17999999999883,16.03706310254598
75.19999999999882,22.056104938544152
75.21999999999882,7.726490367661718
75.23999999999882,9.013309289985143
75.25999999999883,22.839094793393137
75.27999999999882,15.253953381338842
75.29999999999882,27.1296048004149
75.31999999999883,13.450842854388727
75.33999999999882,23.18989071279227
75.35999999999882,17.47507850777461
75.37999999999882,21.262269485456923
75.39999999999881,28.539497869760325
75.41999999999882,0.5739175172665227
75.43999999999882,27.861679749586074
75.45999999999881,22.77593238109153
75.47999999999882,15.959035476245779
75.49999999999882,20.419726957482663
75.51999999999882,7.54334196966987
75.53999999999881,14.951752103471229
75.55999999999881,15.380163306122228
75.57999999999882,27.856068181922325
75.59999999999881,14.509183880771372
75.61999999999881,8.435858168902627
75.63999999999882,38.34569847303858
75.65999999999882,28.590108589748095
75.67999999999881,33.88280793203167
75.69999999999881,22.261273648937404
75.7199999999988,9.748431175391815
75.73999999999882,31.561729580641032
75.75999999999881,16.44252649618159
75.77999999999881,28.823531452322136
75.79999999999882,32.1695498710079
75.81999999999881,30.791930102685605
75.83999999999881,15.949547420852593
75.8599999999988,15.522767385681114
75.8799999999988,6.623204637542484
75.89999999999881,26.723958980257528
75.91999999999881,29.383665025096526
75.9399999999988,15.973554957994466
75.95999999999881,25.139521827825284
75.97999999999881,12.306439329814147
75.9999999999988,32.41251331321034
76.0199999999988,13.185033581953288
76.0399999999988,18.50375702074151
76.05999999999881,15.552485611344178
76.0799999999988,21.69111039187101
76.0999999999988,15.67121357915708
76.11999999999881,8.708071712545697
76.1399999999988,12.08606096009858
76.1599999999988,26.514041355282675
76.1799999999988,18.233910425521316
76.1999999999988,19.066465671685375
76.2199999999988,24.56607347317873
76.2399999999988,33.67145592613682
76.2599999999988,32.3259238200875
76.27999999999881,25.451734192001954
76.2999999999988,19.7746585620657
76.3199999999988,20.39076629116252
76.3399999999988,20.780285297585408
76.35999999999879,24.033656665636656
76.3799999999988,33.030599706116774
76.3999999999988,21.136134406017717
76.4199999999988,21.65415009205936
76.4399999999988,9.411141792284242
76.4599999999988,44.60017383950168
76.4799999999988,21.864670044607593
76.49999999999879,26.170542075635698
76.51999999999879,18.190051180693672
76.5399999999988,22.21430055189296
76.5599999999988,10.15090127389484
76.57999999999879,14.611124147284318
76.5999999999988,14.287299464481471
76.6199999999988,15.419743502220538
76.63999999999879,6.421393166731388
76.65999999999879,23.098838552222784
76.67999999999878,20.826319989644055
76.6999999999988,8.266689947025498
76.71999999999879,18.592804049433095
76.73999999999879,29.586826486871786
76.7599999999988,39.52877578230974
76.7799999999988,32.0784267815211
76.79999999999879,51.575906476392326
76.81999999999879,63.352726593207784
76.83999999999878,86.9089114261972
76.85999999999879,101.3851780677533
76.87999999999879,127.98576969180381
76.89999999999878,159.3635621469104
76.9199999999988,183.51315900891584
76.93999999999879,223.77999261254152
76.95999999999879,258.12966523933164
76.97999999999878,272.51583829816343
76.99999999999878,321.5685417139081
77.01999999999879,337.5714390825554
77.03999999999878,362.1749895948692
77.05999999999878,370.72489272586995
77.07999999999879,359.1184279091588
77.09999999999879,358.2049615340719
77.11999999999878,328.63836919482344
77.13999999999878,308.9249388417875
77.15999999999877,266.38634254205436
77.17999999999878,239.5172058475834
77.19999999999878,204.27587413263083
77.21999999999878,184.7830305762823
77.23999999999879,132.371841595936
77.25999999999878,109.69130571404162
77.27999999999878,93.50657392797777
77.29999999999878,73.77497229069992
77.31999999999877,48.93042835929563
77.33999999999878,56.491621252904125
77.35999999999878,31.11769001271017
77.37999999999877,32.959280217986446
77.39999999999878,20.43953510752225
77.41999999999878,23.306982202137775
77.43999999999878,24.273874504366127
77.45999999999877,8.832926990405495
77.47999999999877,11.850240349139735
77.49999999999878,27.379237499625162
77.51999999999877,30.801728704945745
77.53999999999877,27.803849733919684
77.55999999999878,3.4957384337867516
77.57999999999878,18.68726078258587
77.59999999999877,25.69214453658548
77.61999999999877,29.621806234140863
77.63999999999876,27.889892821912056
77.65999999999877,15.477663600374234
77.67999999999877,22.338018609704314
77.69999999999877,16.7527332258064
77.71999999999878,22.167897902833055
77.73999999999877,16.426265808929955
77.75999999999877,23.66516415975307
77.77999999999876,27.997690507103954
77.79999999999876,21.790582074444064
77.81999999999877,11.935253460207832
77.83999999999877,14.64619486927311
77.85999999999876,27.975073430330635
77.87999999999877,12.530834579822958
77.89999999999877,29.780021293261242
77.91999999999877,13.727475068392494
77.93999999999876,16.589864708789005
77.95999999999876,29.26760726298842
77.97999999999877,14.620082721937251
77.99999999999876,27.935223724601812
78.01999999999876,21.360466149143935
78.03999999999877,36.02802447855575
78.05999999999877,5.095859747434204
78.07999999999876,22.162315389908844
78.09999999999876,28.68479415585829
78.11999999999875,24.991568131717816
78.13999999999876,16.51439412525153
78.15999999999876,14.366620048256198
78.17999999999876,22.565372988176932
78.19999999999877,20.028106994381616
78.21999999999876,11.896591160010635
78.23999999999876,18.2683667920534
78.25999999999875,21.608340129529754
78.27999999999875,23.358407156908775
78.29999999999876,24.4745189899932
78.31999999999876,15.875289180465149
78.33999999999875,8.978293255405616
78.35999999999876,5.002406173329989
78.37999999999876,32.00550392551172
78.39999999999876,37.38252245918561
78.41999999999875,18.421028607391673
78.43999999999875,16.607687158482193
78.45999999999876,17.538862585697633
78.47999999999875,27.967442681272843
78.49999999999875,16.627959628050025
78.51999999999876,9.648158898757387
78.53999999999876,19.42021250537393
78.55999999999875,25.335106202484987
78.57999999999875,18.592191910168605
78.59999999999874,20.98699685296644
78.61999999999875,2.63340297280115
78.63999999999875,18.98750226434742
78.65999999999875,23.670077887080186
78.67999999999876,31.244580924364136
78.69999999999875,28.902932561518547
78.71999999999875,25.147890706188626
78.73999999999874,18.384664402758943
78.75999999999874,11.155098438279335
78.77999999999875,16.549036924883474
78.79999999999875,9.862995256469647
78.81999999999874,1.5088117862414663
78.83999999999875,28.076033999538122
78.85999999999875,31.07425944638399
78.87999999999874,32.94985177485453
78.89999999999874,23.93936516727313
78.91999999999874,28.264997314437956
78.93999999999875,25.808452472093613
78.95999999999874,30.445751551239038
78.97999999999874,24.21793224565426
78.99999999999875,28.69548678990633
79.01999999999875,14.113617548053025
79.03999999999874,17.842685193009178
79.05999999999874,18.771092949477925
79.07999999999873,33.150809327152466
79.09999999999874,24.227230559170998
79.11999999999874,9.331307758858092
79.13999999999874,35.81769693260807
79.15999999999875,38.999493432162936
79.17999999999874,6.47920329753655
79.19999999999874,21.431321106240905
79.21999999999873,25.096280350492982
79.23999999999873,40.937553098821795
79.25999999999874,21.26342646252267
79.27999999999874,27.34601395525319
79.29999999999873,18.2026087677402
79.31999999999874,18.284330089691707
79.33999999999874,30.368377936266768
79.35999999999873,26.637794695312067
79.37999999999873,28.338455475495486
79.39999999999873,19.602886647823123
79.41999999999874,23.36831235472642
79.43999999999873,31.543247698717188
79.45999999999873,9.102073132394125
79.47999999999874,24.2719654032481
79.49999999999874,28.438662918315114
79.51999999999873,17.91015090569814
79.53999999999873,29.935671011674497
79.55999999999872,23.823985622354915
79.57999999999873,22.199530168776114
79.59999999999873,16.5961614272145
79.61999999999873,13.537171803770107
79.63999999999874,12.01553568273465
79.65999999999873,17.84716586280891
79.67999999999873,20.164726853027666
79.69999999999872,11.884520974353542
79.71999999999872,31.030601878562994
79.73999999999873,19.39398203705859
79.75999999999873,12.08226205227832
79.77999999999872,23.90987038789731
79.79999999999873,22.258599711332458
79.81999999999873,23.724229141425308
79.83999999999872,25.212871221778858
79.85999999999872,13.30358636599207
79.87999999999872,26.26095421953681
79.89999999999873,0.9010008075108971
79.91999999999872,14.222342561993965
79.93999999999872,20.85465069736362
79.95999999999873,15.23164458100927
79.97999999999873,3.1361533444458907
79.99999999999872,22.074532771234917
80.01999999999872,29.50658971648948
80.03999999999871,24.762509322220325
80.05999999999872,7.002245871505288
80.07999999999872,21.51023925840501
80.09999999999872,25.23675857315653
80.11999999999873,17.363865685843592
80.13999999999872,15.380037623483942
80.15999999999872,28.771832629173993
80.17999999999871,26.734974765645134
80.19999999999871,0.7176602792017057
80.21999999999872,27.44863735123232
80.23999999999872,26.219516367114387
80.25999999999871,23.682986244435593
80.27999999999872,39.116327009003996
80.29999999999872,2.6976793117127187
80.31999999999871,17.531378979781177
80.33999999999871,27.52255534599466
80.3599999999987,6.778398425373187
80.37999999999872,23.750002707028052
80.39999999999871,22.772273068025463
80.41999999999871,11.131320353617213
80.43999999999872,38.48632388869055
80.45999999999871,28.184377638143477
80.47999999999871,24.111526869903262
80.4999999999987,12.039666806211144
80.5199999999987,10.677562552845803
80.53999999999871,27.620420397869268
80.55999999999871,15.94464165654968
80.5799999999987,30.113193054794237
80.59999999999872,19.01290183932633
80.61999999999871,19.998459870450034
80.63999999999871,25.873820562514837
80.6599999999987,6.578575023205239
80.6799999999987,22.210450908728788
80.69999999999871,9.488928458811968
80.7199999999987,17.840797303548918
80.7399999999987,18.92760273878874
80.75999999999871,26.913493470665813
80.77999999999871,16.69038596621371
80.7999999999987,21.82188031032257
80.8199999999987,18.57493975638306
80.8399999999987,28.398114396531824
80.8599999999987,13.3918013334826
80.8799999999987,9.671245049806288
80.8999999999987,18.23125419430196
80.91999999999871,17.759526268410646
80.9399999999987,52.62366697619197
80.9599999999987,38.3222981103381
80.9799999999987,46.914887996208726
80.99999999999869,40.88886141586642
81.0199999999987,55.018097534848856
81.0399999999987,79.78696547222228
81.0599999999987,78.76730521222937
81.0799999999987,99.2865545159979
81.0999999999987,88.14840781800746
81.1199999999987,113.89880601353225
81.1399999999987,117.04114216850193
81.15999999999869,137.979086105704
81.1799999999987,120.83763717187698
81.1999999999987,116.06069001261872
81.21999999999869,129.0240072507675
81.2399999999987,97.92945922597988
81.2599999999987,109.80069814131684
81.2799999999987,87.16135087825865
81.29999999999869,83.6388219330133
81.31999999999869,75.71187248260664
81.3399999999987,65.3878836540777
81.35999999999869,49.4956076160845
81.37999999999869,46.143817765310736
81.3999999999987,41.74312819212097
81.4199999999987,37.72504672192449
81.43999999999869,35.70647996889545
81.45999999999869,22.348431367696783
81.47999999999868,29.834256284557576
81.49999999999869,30.034854067559024
81.51999999999869,27.86757683781557
81.53999999999868,23.600525557188362
81.5599999999987,28.409310040583236
81.57999999999869,15.833934033064278
81.59999999999869,18.310000466329967
81.61999999999868,17.592671444618418
81.63999999999868,25.904769930697157
81.65999999999869,25.629868265658097
81.67999999999869,21.197852755065572
81.69999999999868,18.441621688550388
81.71999999999869,9.095971145332738
81.73999999999869,33.58816790956905
81.75999999999868,11.234584629464754
81.77999999999868,23.740582343692587
81.79999999999868,32.72368291678743
81.81999999999869,19.513763702980327
81.83999999999868,15.769501655170078
81.85999999999868,30.267223232949874
81.87999999999869,6.29224270886106
81.89999999999868,6.7501241712849325
81.91999999999868,22.342224166491647
81.93999999999868,20.22017486980893
81.95999999999867,17.37859760861585
81.97999999999868,14.400703557862496
81.99999999999868,30.28126380715338
82.01999999999867,26.44763539206359
82.03999999999868,30.034443842200453
82.05999999999868,18.82104949604639
82.07999999999868,18.09107357060144
82.09999999999867,14.773816022462967
82.11999999999867,20.834166732397698
82.13999999999868,20.45312684133612
82.15999999999867,18.6015303415857
82.17999999999867,30.001272607400757
82.19999999999868,43.04088637537161
82.21999999999868,21.491371548744084
82.23999999999867,22.405326937761366
82.25999999999867,12.330077302704751
82.27999999999867,33.02411267314065
82.29999999999868,8.699324881309119
82.31999999999867,9.714638414206366
82.33999999999867,21.134202530232315
82.35999999999868,10.690503498935811
82.37999999999867,13.998143246643643
82.39999999999867,20.71515439890787
82.41999999999867,21.419156112171372
82.43999999999866,13.315422068120121
82.45999999999867,12.506304819303661
82.47999999999867,22.42359375755202
82.49999999999866,30.169685111520295
82.51999999999867,20.004634436790372
82.53999999999867,30.91114900312142
82.55999999999867,27.20620331807299
82.57999999999866,36.20547796671927
82.59999999999866,27.13786393992457
82.61999999999867,13.701960240945652
82.63999999999866,23.30142806537587
82.65999999999866,16.37351146143617
82.67999999999867,25.637106886107475
82.69999999999867,18.195301232958425
82.71999999999866,29.393393640135876
82.73999999999866,25.721614130612675
82.75999999999866,24.236532769670415
82.77999999999867,16.030076920981163
82.79999999999866,14.408223876836791
82.81999999999866,12.770899701393866
82.83999999999867,26.6158919705098
82.85999999999866,21.53707881495181
82.87999999999866,21.257558781337426
82.89999999999866,26.253061729349803
82.91999999999865,18.63380944117607
82.93999999999866,19.43593411396414
82.95999999999866,20.65016909375572
82.97999999999865,7.8698959278560405
82.99999999999866,24.619309494992095
83.01999999999866,15.474943093994652
83.03999999999866,21.41421416556724
83.05999999999865,26.452367258207428
83.07999999999865,16.537810680469434
83.09999999999866,21.218144035711664
83.11999999999865,22.71733607774252
83.13999999999865,16.51607437776559
83.15999999999866,26.502859829375637
83.17999999999866,15.812930603614646
83.19999999999865,19.8878242758321
83.21999999999865,23.32133873388774
83.23999999999864,28.58521689809224
83.25999999999866,19.491718493484896
83.27999999999865,26.293069449345037
83.29999999999865,10.189028519125042
83.31999999999866,23.823851307117167
83.33999999999865,16.85902228031161
83.35999999999865,20.041046302192022
83.37999999999865,27.732064745096167
83.39999999999864,17.481237805680177
83.41999999999865,21.202449904683657
83.43999999999865,21.643070352651478
83.45999999999864,32.09886586192777
83.47999999999865,28.41616735675587
83.49999999999865,22.981481593362332
83.51999999999865,14.231855889455481
83.53999999999864,27.312498684849455
83.55999999999864,38.140787369713394
83.57999999999865,26.269791465275205
83.59999999999864,22.34847357289649
83.61999999999864,0.19990605015986773
83.63999999999865,15.593035326358738
83.65999999999865,21.518850847741906
83.67999999999864,25.206919430323676
83.69999999999864,13.668012332509623
83.71999999999863,24.565926267630548
83.73999999999864,31.51448543311296
83.75999999999864,11.84118803857907
83.77999999999864,9.636212587534892
83.79999999999865,29.248047102992267
83.81999999999864,17.722699202619935
83.83999999999864,6.461328188388464
83.85999999999864,22.911784057325217
83.87999999999863,16.591721509144108
83.89999999999864,21.25873732256822
83.91999999999864,24.953316691310818
83.93999999999863,19.355297313438864
83.95999999999864,25.784471615121795
83.97999999999864,33.16237143291934
83.99999999999864,25.395764265762438
84.01999999999863,17.304634644520636
84.03999999999863,20.069197133123147
84.05999999999864,14.271453658316776
84.07999999999863,14.26706621933601
84.09999999999863,9.618175877795375
84.11999999999864,21.081317942851953
84.13999999999864,31.662754508363374
84.15999999999863,25.184266142319686
84.17999999999863,27.50413491025521
84.19999999999862,10.9619056322725
84.21999999999863,10.61425818476943
84.23999999999863,12.421745867141766
84.25999999999863,23.906397445150013
84.27999999999864,15.422971745373792
84.29999999999863,19.39805761584907
84.31999999999863,25.29188186011551
84.33999999999862,29.997016529414342
84.35999999999862,33.82566908654707
84.37999999999863,5.983869349291215
84.39999999999863,10.302274339468743
84.41999999999862,15.311363686133866
84.43999999999863,26.159379387450254
84.45999999999863,16.85106631022637
84.47999999999863,19.855183690096414
84.49999999999862,7.473553352688585
84.51999999999862,13.214386700669005
84.53999999999863,16.420408006971805
84.55999999999862,21.177492063900992
84.57999999999862,21.528912979967124
84.59999999999863,26.249416607810666
84.61999999999863,24.020941859719606
84.63999999999862,24.212741705959537
84.65999999999862,25.622280987169432
84.67999999999861,20.81235414688267
84.69999999999862,8.644330113383868
84.71999999999862,4.8589599876615335
84.73999999999862,25.353749390899218
84.75999999999863,15.575510448419449
84.77999999999862,37.868321605145745
84.79999999999862,26.34283069732858
84.81999999999861,27.294458365117272
84.83999999999861,19.949060953859682
84.85999999999862,23.762048624488422
84.87999999999862,6.697630170604574
84.89999999999861,7.401399180826331
84.91999999999862,7.165697890123548
84.93999999999862,25.67333759212608
84.95999999999862,16.91998490429408
84.97999999999861,22.385693489872608
84.99999999999861,30.707508352954267
85.01999999999862,20.387569272397467
85.03999999999861,21.515401554419512
85.05999999999861,21.025451229102217
85.07999999999862,17.054203460696748
85.09999999999862,7.875003006714161
85.11999999999861,25.803352037462844
85.13999999999861,30.147273694246707
85.1599999999986,15.809208777325315
85.17999999999861,2.590007437043134
85.19999999999861,23.48045271398119
85.2199999999986,22.12660980809888
85.23999999999862,30.484737422432723
85.25999999999861,18.818259709058637
85.27999999999861,15.705716968683188
85.2999999999986,23.668955809843435
85.3199999999986,18.941354554290122
85.33999999999861,36.58861831083594
85.3599999999986,19.668270229305303
85.3799999999986,14.494209187140866
85.39999999999861,24.948195218502608
85.41999999999861,20.55954021555696
85.4399999999986,17.009735503806688
85.4599999999986,24.388404665864584
85.4799999999986,12.916553378361236
85.49999999999861,18.1362630787816
85.5199999999986,17.801155913812615
85.5399999999986,31.09387345589891
85.55999999999861,40.372712324477114
85.5799999999986,25.531075684699786
85.5999999999986,9.397862066499117
85.6199999999986,24.12031522132397
85.6399999999986,24.447610075104244
85.6599999999986,9.049307648984827
85.6799999999986,8.865374552332888
85.6999999999986,7.804579814449847
85.7199999999986,27.97704239620245
85.7399999999986,9.101657741337629
85.7599999999986,26.455785958546823
85.7799999999986,14.65281005569765
85.79999999999859,30.217887594594938
85.8199999999986,26.74754476176488
85.8399999999986,25.91679532227067
85.85999999999859,17.37327940814468
85.8799999999986,10.291147712500598
85.8999999999986,13.353009359657285
85.9199999999986,33.78466429093623
85.93999999999859,20.859376189321388
85.95999999999859,10.04911720396244
85.9799999999986,25.073622178389932
85.9999999999986,21.734685187793183
86.01999999999859,20.28183805801303
86.0399999999986,21.55885807080514
86.0599999999986,5.433698356424131
86.07999999999859,19.457937098950204
86.09999999999859,29.085721558042685
86.11999999999858,16.26082072302906
86.1399999999986,11.319973322071066
86.15999999999859,13.380645073850193
86.17999999999859,34.96229051207051
86.1999999999986,24.06982132599456
86.21999999999859,12.689993667077632
86.23999999999859,8.70110057374391
86.25999999999858,16.492122287531913
86.27999999999858,25.773099665419153
86.29999999999859,23.123837414023416
86.31999999999859,10.94563732875043
86.33999999999858,15.811488903006413
86.35999999999859,10.324155582094338
86.37999999999859,24.720531528965086
86.39999999999858,10.089138546775047
86.41999999999858,10.776324826470336
86.43999999999858,30.03522436840408
86.45999999999859,16.77311574267073
86.47999999999858,14.85867476862405
86.49999999999858,7.389038737933488
86.51999999999859,16.035950388291354
86.53999999999859,9.912447609328312
86.55999999999858,19.446807003578375
86.57999999999858,28.83481758652404
86.59999999999857,23.54585288606745
86.61999999999858,24.749305107878943
86.63999999999858,22.017174020573858
86.65999999999858,11.57987153031817
86.67999999999859,31.83543131202584
86.69999999999858,7.896509757802447
86.71999999999858,9.415961728877388
86.73999999999857,14.867746726532868
86.75999999999857,13.643566623612696
86.77999999999858,27.578086736264343
86.79999999999858,21.96063373536729
86.81999999999857,21.193977614444517
86.83999999999858,22.18025109734096
86.85999999999858,20.20480902253686
86.87999999999857,19.571571532020336
86.89999999999857,19.41468188858245
86.91999999999857,17.979733609584862
86.93999999999858,24.11649817714345
86.95999999999857,30.734263229822133
86.97999999999857,35.72507795278585
86.99999999999858,20.200924669623266
87.01999999999857,25.248712244254186
87.03999999999857,13.670665057263406
87.05999999999857,18.032438874245365
87.07999999999856,11.53417703998924
87.09999999999857,6.639918133044942
87.11999999999857,20.73049763693679
87.13999999999857,30.08602901351075
87.15999999999858,22.147166684392595
87.17999999999857,11.140412142653593
87.19999999999857,20.892004572196456
87.21999999999856,11.473377334559789
87.23999999999856,12.376734715160097
87.25999999999857,30.53748418709785
87.27999999999857,4.056602014447865
87.29999999999856,27.3364769086007
87.31999999999857,6.92229313224291
87.33999999999857,19.12584951457113
87.35999999999856,20.611174595254216
87.37999999999856,21.90397702872339
87.39999999999856,27.197930976004557
87.41999999999857,19.356320551672752
87.43999999999856,18.183100611441184
87.45999999999856,21.615246118114168
87.47999999999857,21.70859397693406
87.49999999999856,24.362704207889482
87.51999999999856,23.322432963736812
87.53999999999856,26.97131714175432
87.55999999999855,12.181133370129114
87.57999999999856,0.7205060220993502
87.59999999999856,23.17137239773232
87.61999999999856,23.59372030207929
87.63999999999857,19.665739866088895
87.65999999999856,12.360057370352816
87.67999999999856,21.061389481783806
87.69999999999855,8.744764624472015
87.71999999999855,4.036896654190235
87.73999999999856,29.391604606118655
87.75999999999856,21.75647293039448
87.77999999999855,5.291663077718292
87.79999999999856,6.824685140201865
87.81999999999856,29.42404219616855
87.83999999999855,19.518735054561127
87.85999999999855,4.733858331236261
87.87999999999855,42.99574106135816
87.89999999999856,20.455833987311024
87.91999999999855,15.856534959505804
87.93999999999855,18.643196051321635
87.95999999999856,16.652971074350766
87.97999999999855,10.420182736178495
87.99999999999855,19.195644650608845
88.01999999999855,14.885292548636052
88.03999999999854,8.771272919342374
88.05999999999855,15.100878204636125
88.07999999999855,13.194094977158723
88.09999999999854,22.088935769270993
88.11999999999856,17.2995187608696
88.13999999999855,16.59730234841208
88.15999999999855,17.149006610249547
88.17999999999854,27.91839470997803
88.19999999999854,15.050204327807709
88.21999999999855,23.766811854982556
88.23999999999855,15.581944578174765
88.25999999999854,1.8381517152914633
88.27999999999855,17.15401414927634
88.29999999999855,25.94343291751538
88.31999999999854,30.011488661746924
88.33999999999854,13.186024891308538
88.35999999999854,20.54700716733607
88.37999999999855,15.787887480235458
88.39999999999854,30.404618974987095
88.41999999999854,21.583473619951143
88.43999999999855,26.986687614893263
88.45999999999854,0.0
88.47999999999854,27.322723502683328
88.49999999999854,27.04356685077357
88.51999999999853,15.060742342332835
88.53999999999854,19.392842246288534
88.55999999999854,27.568852989715246
88.57999999999853,15.2400110603466
88.59999999999854,15.31358617695226
88.61999999999854,28.970767690371723
88.63999999999854,17.428418168729145
88.65999999999853,26.11089059893651
88.67999999999853,6.921585570426528
88.69999999999854,25.90394968119295
88.71999999999854,21.36227429511368
88.73999999999853,9.632550449404693
88.75999999999854,31.70533386714557
88.77999999999854,28.35549925322298
88.79999999999853,34.96046382744389
88.81999999999853,24.402920534517452
88.83999999999853,18.525703540568912
88.85999999999854,20.334134896733087
88.87999999999853,25.605272070023098
88.89999999999853,6.133753365864136
88.91999999999854,10.38584345986807
88.93999999999853,28.603085857597186
88.95999999999853,18.222669876588125
88.97999999999853,14.97249847678496
88.99999999999852,24.219292114991134
89.01999999999853,27.241552210958094
89.03999999999853,23.563213145098107
89.05999999999852,27.366520971381405
89.07999999999853,32.865609634527736
89.09999999999853,27.586712333206265
89.11999999999853,29.238612233072388
89.13999999999852,14.563832234484805
89.15999999999852,17.03307205187965
89.17999999999853,30.543283971374464
89.19999999999852,13.560053520917585
89.21999999999852,25.837001395371495
89.23999999999853,32.88543218815246
89.25999999999853,21.281657452907382
89.27999999999852,20.572561445228175
89.29999999999852,25.908569062468857
89.31999999999852,17.89523961578928
89.33999999999853,13.550501076258112
89.35999999999852,24.156878879072494
89.37999999999852,17.55626722810802
89.39999999999853,28.251479663114935
89.41999999999852,12.824414633069797
89.43999999999852,26.802599777366048
89.45999999999852,15.801309841525573
89.47999999999851,8.632575145545859
89.49999999999852,4.301718339703717
89.51999999999852,28.954055835620245
89.53999999999851,24.77209049297214
89.55999999999852,24.205030790029404
89.57999999999852,20.399074151792927
89.59999999999852,20.07474110162531
89.61999999999851,13.712036712307604
89.63999999999851,35.93157921068722
89.65999999999852,30.88356414174445
89.67999999999851,21.73911527706195
89.69999999999851,16.655271016241333
89.71999999999852,16.845312253685513
89.73999999999852,16.41541831662895
89.75999999999851,17.902668498102187
89.77999999999851,33.209789932903014
89.7999999999985,16.886361370368853
89.81999999999852,23.396464775347756
89.83999999999851,24.18598873567636
89.85999999999851,31.043078554808496
89.87999999999852,11.355179433391916
89.89999999999851,25.649891531857186
89.91999999999851,32.6009345651666
89.9399999999985,10.872033871782248
89.9599999999985,21.157224098624038
89.97999999999851,24.311003161282372
89.99999999999851,9.849109184849263
