two_theta_deg,intensity
20.0,22.655622921530174
20.02,17.707445855875424
20.04,13.58669643878553
20.06,17.454386765980846
20.08,19.07681694632471
20.099999999999998,19.133677332247508
20.119999999999997,22.971963813474865
20.139999999999997,15.696662894491826
20.159999999999997,17.781640122381788
20.179999999999996,13.470939340014276
20.199999999999996,8.56109544113665
20.219999999999995,17.82743072613111
20.239999999999995,0.0
20.259999999999994,12.2079602464262
20.279999999999994,33.32277415107681
20.299999999999994,17.64206220603613
20.319999999999993,16.41851496031442
20.339999999999993,21.443013579077952
20.359999999999992,25.33252873346271
20.379999999999992,22.909323440815445
20.39999999999999,31.893840103952353
20.41999999999999,33.54697512359046
20.43999999999999,33.59085556327723
20.45999999999999,3.082197168716327
20.47999999999999,23.19494257254318
20.49999999999999,15.780001693006284
20.51999999999999,12.365100015020058
20.53999999999999,23.95391927963583
20.559999999999988,28.746919039396772
20.579999999999988,20.70747045923198
20.599999999999987,27.154449486960296
20.619999999999987,37.103860487599064
20.639999999999986,22.54061264366325
20.659999999999986,29.43752719040904
20.679999999999986,25.452575935326955
20.699999999999985,27.686083008256006
20.719999999999985,25.19032540806633
20.739999999999984,30.899971413181305
20.759999999999984,18.771229871109533
20.779999999999983,14.68427184303444
20.799999999999983,20.004529398275817
20.819999999999983,27.82910415849287
20.839999999999982,15.836519522047462
20.85999999999998,17.918843461862735
20.87999999999998,28.792046637522056
20.89999999999998,20.599897836370747
20.91999999999998,27.410479093341685
20.93999999999998,31.273664036053248
20.95999999999998,9.827931635299448
20.97999999999998,16.878243984614144
20.99999999999998,35.06692197536638
21.01999999999998,23.929943059762024
21.039999999999978,37.694970234003804
21.059999999999977,17.863672230904534
21.079999999999977,20.096541657915957
21.099999999999977,2.9810930945102996
21.119999999999976,25.863491063391216
21.139999999999976,42.516498541286765
21.159999999999975,30.307470505441792
21.179999999999975,21.031625642815424
21.199999999999974,20.22322942142823
21.219999999999974,17.407189767322055
21.239999999999974,17.21131550046832
21.259999999999973,15.616059691809642
21.279999999999973,25.04837878339479
21.299999999999972,18.914226381045516
21.319999999999972,17.139486524411943
21.33999999999997,26.137823107379198
21.35999999999997,4.209848850337655
21.37999999999997,34.2967347236031
21.39999999999997,13.96338494268325
21.41999999999997,25.53935241253825
21.43999999999997,6.93714877050879
21.45999999999997,19.697860852816195
21.47999999999997,20.139213792224528
21.499999999999968,12.538381400154694
21.519999999999968,22.541904055080913
21.539999999999967,28.47605012576856
21.559999999999967,22.50300155881936
21.579999999999966,18.120898543223273
21.599999999999966,21.00237922090095
21.619999999999965,16.063584029519937
21.639999999999965,18.424277881031546
21.659999999999965,27.690906132402482
21.679999999999964,16.296611749317428
21.699999999999964,20.818668887673432
21.719999999999963,19.63468299379154
21.739999999999963,13.70983034305252
21.759999999999962,14.203890446109266
21.779999999999962,19.42243084387334
21.79999999999996,31.486147340915394
21.81999999999996,9.821700982949977
21.83999999999996,30.18069935524047
21.85999999999996,13.267368409440815
21.87999999999996,16.315746946975352
21.89999999999996,20.01640126628351
21.91999999999996,24.25179577823923
21.93999999999996,18.21570309013463
21.959999999999958,22.853494183149568
21.979999999999958,9.079465287271844
21.999999999999957,18.29172063284197
22.019999999999957,5.05052466603663
22.039999999999957,27.00822335931698
22.059999999999956,20.240493993949602
22.079999999999956,27.066291642003517
22.099999999999955,17.430557977545796
22.119999999999955,28.582105652806504
22.139999999999954,30.681346321591892
22.159999999999954,14.144859992068042
22.179999999999954,20.109328273928718
22.199999999999953,25.91603933670511
22.219999999999953,13.183151689278084
22.239999999999952,13.40916754410046
22.259999999999952,20.240490809680416
22.27999999999995,12.885254533783243
22.29999999999995,22.901031442851917
22.31999999999995,24.871252861605477
22.33999999999995,9.185038015132696
22.35999999999995,36.630968720192826
22.37999999999995,16.7495779963962
22.39999999999995,13.779662232005695
22.41999999999995,14.76928005211387
22.439999999999948,10.123360463045739
22.459999999999948,11.8208792200642
22.479999999999947,14.315496562228564
22.499999999999947,29.88336056029108
22.519999999999946,12.84495144700541
22.539999999999946,21.72032105929147
22.559999999999945,27.774232930873925
22.579999999999945,20.893267181867685
22.599999999999945,11.143740990937165
22.619999999999944,19.2904639211701
22.639999999999944,29.97555942055717
22.659999999999943,22.999552287460137
22.679999999999943,19.558185532463806
22.699999999999942,26.622963275637808
22.719999999999942,27.219381200348067
22.73999999999994,21.517544312478424
22.75999999999994,15.642994458953472
22.77999999999994,24.651176552532416
22.79999999999994,11.912967372436327
22.81999999999994,17.80118858579001
22.83999999999994,19.08540889311128
22.85999999999994,3.78500069121689
22.87999999999994,12.591782494895838
22.899999999999938,29.897240438364044
22.919999999999938,10.927559405386239
22.939999999999937,9.718683747212609
22.959999999999937,27.709388686057235
22.979999999999936,30.488941459223156
22.999999999999936,28.956319334026304
23.019999999999936,17.437958129432424
23.039999999999935,12.271475747164214
23.059999999999935,23.380469231869327
23.079999999999934,23.544842107919262
23.099999999999934,24.17440988084889
23.119999999999933,9.035357809477812
23.139999999999933,20.030461078339957
23.159999999999933,17.67616147881167
23.179999999999932,12.934917981692873
23.199999999999932,9.921865208948947
23.21999999999993,18.609009064832318
23.23999999999993,24.491850779419643
23.25999999999993,15.700368148057581
23.27999999999993,17.413171127204535
23.29999999999993,38.65176279372106
23.31999999999993,18.608923635289038
23.33999999999993,26.20702330170746
23.35999999999993,28.62664887541829
23.379999999999928,16.387396868756433
23.399999999999928,41.03533287306613
23.419999999999927,26.74617513042176
23.439999999999927,11.404985097741804
23.459999999999926,32.39118919373189
23.479999999999926,17.269820042690423
23.499999999999925,31.710685167867172
23.519999999999925,35.293567239121536
23.539999999999925,34.9524282225471
23.559999999999924,28.05943462798072
23.579999999999924,24.43463086962017
23.599999999999923,23.134979237378296
23.619999999999923,14.88966426848948
23.639999999999922,35.12434842036781
23.659999999999922,17.291941123364722
23.67999999999992,30.90327523797528
23.69999999999992,13.5357104824351
23.71999999999992,10.780608101934
23.73999999999992,6.6975519490599495
23.75999999999992,28.6293157318391
23.77999999999992,19.367805153309885
23.79999999999992,24.550102175263614
23.81999999999992,25.57014401421028
23.839999999999918,18.027282811436677
23.859999999999918,21.437256278615614
23.879999999999917,15.322227936896965
23.899999999999917,18.513450241572492
23.919999999999916,8.39578177168631
23.939999999999916,18.112347789054542
23.959999999999916,19.217732948585077
23.979999999999915,35.822805461757966
23.999999999999915,3.1087212197970224
24.019999999999914,2.7773806210292378
24.039999999999914,9.006766875845162
24.059999999999913,24.858370524661566
24.079999999999913,21.979781950053923
24.099999999999913,22.768739569221403
24.119999999999912,16.946749925062246
24.13999999999991,24.37328922163129
24.15999999999991,30.06452161146865
24.17999999999991,44.26057137114522
24.19999999999991,23.841493773478263
24.21999999999991,15.781437490163205
24.23999999999991,29.474911869321744
24.25999999999991,16.051104298860572
24.27999999999991,15.23890261287135
24.29999999999991,30.929443032612017
24.319999999999908,20.81158878699407
24.339999999999907,15.990113721583793
24.359999999999907,13.895700896586455
24.379999999999907,10.361927403393945
24.399999999999906,29.534435199980813
24.419999999999906,19.826795752683537
24.439999999999905,12.761547862509897
24.459999999999905,34.20846880181567
24.479999999999905,30.440236472840688
24.499999999999904,22.025036572443078
24.519999999999904,10.839771558385067
24.539999999999903,25.854638477562684
24.559999999999903,10.065682296487616
24.579999999999902,23.43165126191969
24.599999999999902,19.641294521458263
24.6199999999999,15.366325751200531
24.6399999999999,31.84553507332529
24.6599999999999,13.949967098063249
24.6799999999999,14.09063635496225
24.6999999999999,16.481124893971497
24.7199999999999,23.50305768210648
24.7399999999999,11.592710569123527
24.7599999999999,16.099954643554096
24.779999999999898,29.847885456498148
24.799999999999898,32.45420218217542
24.819999999999897,33.41541782330087
24.839999999999897,0.0
24.859999999999896,19.115116774980148
24.879999999999896,21.70180064261359
24.899999999999896,26.19633921500725
24.919999999999895,18.21197696635357
24.939999999999895,5.964139955312076
24.959999999999894,9.456755052215684
24.979999999999894,20.276799273319032
24.999999999999893,7.326745894604478
25.019999999999893,14.406501169419474
25.039999999999893,13.414430079481836
25.059999999999892,23.3041466926221
25.07999999999989,29.502833578950245
25.09999999999989,19.401852990199007
25.11999999999989,21.63362102927298
25.13999999999989,24.57894265390803
25.15999999999989,14.483594958453283
25.17999999999989,27.398975004625438
25.19999999999989,24.058876973184905
25.21999999999989,6.48661150054928
25.23999999999989,39.64347795227505
25.259999999999888,20.894743456424486
25.279999999999887,19.84323810958282
25.299999999999887,18.722424177857498
25.319999999999887,0.0
25.339999999999886,23.791223126545407
25.359999999999886,19.507514365190623
25.379999999999885,24.770887805384138
25.399999999999885,12.080194421746171
25.419999999999884,8.416173554001288
25.439999999999884,21.237842368598308
25.459999999999884,3.981524585088035
25.479999999999883,33.83248709465085
25.499999999999883,27.977324370222576
25.519999999999882,18.47628167136652
25.539999999999882,14.949777194048156
25.55999999999988,17.75494015947588
25.57999999999988,17.826555819759495
25.59999999999988,16.969983767504118
25.61999999999988,14.734518317642332
25.63999999999988,0.06404902614045938
25.65999999999988,19.179046980656373
25.67999999999988,18.802785875087785
25.69999999999988,12.102130362893632
25.719999999999878,0.9922579060326377
25.739999999999878,15.987820053455362
25.759999999999877,1.0641245992261226
25.779999999999877,13.938551936344783
25.799999999999876,22.36636500184475
25.819999999999876,18.84591626367073
25.839999999999876,30.87159037814048
25.859999999999875,23.435616184178244
25.879999999999875,27.043225161424385
25.899999999999874,8.379322383974777
25.919999999999874,19.110744104448383
25.939999999999873,30.076525577426338
25.959999999999873,0.6570397024882766
25.979999999999873,15.542735491441299
25.999999999999872,24.3492962766364
26.01999999999987,22.254727775559598
26.03999999999987,19.320600477452945
26.05999999999987,33.0422703624818
26.07999999999987,12.096883156287824
26.09999999999987,29.833846462822443
26.11999999999987,11.334478996077184
26.13999999999987,20.978553533655425
26.15999999999987,11.398959054011096
26.17999999999987,23.45127331343853
26.199999999999868,28.71234369490448
26.219999999999867,25.876371484175092
26.239999999999867,15.750707185095708
26.259999999999867,27.706684686992425
26.279999999999866,22.758045116920922
26.299999999999866,15.737348056770834
26.319999999999865,17.120757024949093
26.339999999999865,0.0
26.359999999999864,23.944637716381823
26.379999999999864,14.253620347928845
26.399999999999864,9.227912902352122
26.419999999999863,8.870838513761905
26.439999999999863,29.465481874041036
26.459999999999862,13.960267908225994
26.479999999999862,23.71435386723183
26.49999999999986,20.32404091201721
26.51999999999986,4.988353499006841
26.53999999999986,10.978938748906746
26.55999999999986,23.58614131688091
26.57999999999986,9.1484789151884
26.59999999999986,12.878761892952795
26.61999999999986,13.615798663160632
26.63999999999986,19.844131832553366
26.659999999999858,18.824781003962833
26.679999999999858,20.109069232106314
26.699999999999857,39.03435709674942
26.719999999999857,32.516412407336006
26.739999999999856,29.825814839503995
26.759999999999856,11.972277586778265
26.779999999999855,14.149138130465468
26.799999999999855,20.5957895851971
26.819999999999855,23.476563240386994
26.839999999999854,22.68707227325145
26.859999999999854,13.78074576604513
26.879999999999853,31.60275186851582
26.899999999999853,27.168011228472892
26.919999999999852,19.42094792225121
26.939999999999852,42.414742583107014
26.95999999999985,15.10541664307086
26.97999999999985,27.990400257102706
26.99999999999985,22.398718168968006
27.01999999999985,17.62530335291469
27.03999999999985,24.190577218270025
27.05999999999985,26.76150770527014
27.07999999999985,25.69242282284483
27.09999999999985,24.753902702947087
27.11999999999985,21.033580378650147
27.139999999999848,13.086123384199677
27.159999999999847,13.659677318635268
27.179999999999847,14.047193082059389
27.199999999999847,7.35982039103474
27.219999999999846,22.38949575396544
27.239999999999846,13.292507227890255
27.259999999999845,11.113047347634451
27.279999999999845,11.2160606376721
27.299999999999844,23.458241596011344
27.319999999999844,28.46905330117081
27.339999999999844,22.038635984672965
27.359999999999843,10.175420493119077
27.379999999999843,20.110980571835793
27.399999999999842,15.99828742617486
27.419999999999842,22.99635603867871
27.43999999999984,23.378845943771424
27.45999999999984,5.658538213198986
27.47999999999984,20.422439196899255
27.49999999999984,35.388117568811694
27.51999999999984,11.911526562056572
27.53999999999984,29.587889212271733
27.55999999999984,32.186158468947355
27.57999999999984,21.447895690398052
27.599999999999838,16.068176281419518
27.619999999999838,20.78840520182563
27.639999999999837,15.999097756044662
27.659999999999837,36.12130979545918
27.679999999999836,16.36359237772603
27.699999999999836,27.455991107744733
27.719999999999835,18.448048428273463
27.739999999999835,24.139344910088212
27.759999999999835,20.441244112756944
27.779999999999834,19.857156352409582
27.799999999999834,20.32919357270015
27.819999999999833,16.78759127125102
27.839999999999833,23.600696561542065
27.859999999999832,24.670292445549244
27.879999999999832,24.977033996747302
27.89999999999983,19.887946592717235
27.91999999999983,22.61895531780781
27.93999999999983,22.56405034610674
27.95999999999983,0.0
27.97999999999983,14.357006118643943
27.99999999999983,14.48997088987308
28.01999999999983,23.293884154757347
28.03999999999983,28.25187261206835
28.059999999999828,36.16524180544678
28.079999999999828,20.763836817453853
28.099999999999827,36.64129440106664
28.119999999999827,7.712732891796156
28.139999999999826,29.810064530568233
28.159999999999826,27.21101314534328
28.179999999999826,14.446702765881646
28.199999999999825,35.51721817424641
28.219999999999825,20.29859497038836
28.239999999999824,24.9136070694139
28.259999999999824,24.75009042727411
28.279999999999824,18.720622695417138
28.299999999999823,8.96077273079286
28.319999999999823,20.58440195992016
28.339999999999822,20.108315441353007
28.359999999999822,20.287899091544805
28.37999999999982,19.031207182598028
28.39999999999982,4.699174490232982
28.41999999999982,15.778256832374186
28.43999999999982,16.537803753298853
28.45999999999982,20.50646115587095
28.47999999999982,24.256416692267607
28.49999999999982,22.013369238540683
28.51999999999982,8.40366266125129
28.539999999999818,13.767075643904422
28.559999999999818,14.732287880920634
28.579999999999817,17.10220990260528
28.599999999999817,24.77049563005332
28.619999999999816,6.586172892155124
28.639999999999816,23.341280490981006
28.659999999999815,5.899653572003913
28.679999999999815,27.11039750145543
28.699999999999815,25.652411772672167
28.719999999999814,34.922956371001135
28.739999999999814,12.203839817953654
28.759999999999813,29.87199663498495
28.779999999999813,26.824383585449546
28.799999999999812,9.961551474704224
28.819999999999812,32.21441698149664
28.83999999999981,7.0251477549183114
28.85999999999981,10.037201593066653
28.87999999999981,14.443455444663881
28.89999999999981,7.357660146669957
28.91999999999981,21.572049343266773
28.93999999999981,16.024316526119918
28.95999999999981,19.164841615277265
28.97999999999981,1.6002582070673625
28.999999999999808,31.33467800851533
29.019999999999808,29.96259393875812
29.039999999999807,24.132091867341746
29.059999999999807,6.332163469690306
29.079999999999806,22.76167312473586
29.099999999999806,21.552734001608272
29.119999999999806,29.842908122246776
29.139999999999805,6.021354870627212
29.159999999999805,25.719197389210652
29.179999999999804,22.110660259651226
29.199999999999804,26.15903637496512
29.219999999999803,21.734204153779892
29.239999999999803,20.872879801860858
29.259999999999803,14.930048213766359
29.279999999999802,29.5616242626754
29.2999999999998,8.96824435064443
29.3199999999998,23.486197189352776
29.3399999999998,38.15377009829285
29.3599999999998,21.58789951508547
29.3799999999998,16.51770610737352
29.3999999999998,29.143942634989962
29.4199999999998,14.780886027878532
29.4399999999998,8.398658922044081
29.4599999999998,27.29216163696381
29.479999999999798,14.655775917700403
29.499999999999797,9.026266412055952
29.519999999999797,22.53713630924751
29.539999999999797,16.433720210903633
29.559999999999796,22.31293557005815
29.579999999999796,29.195814563713718
29.599999999999795,20.011568390451906
29.619999999999795,24.312579764973115
29.639999999999795,24.69827195909605
29.659999999999794,28.22243251083847
29.679999999999794,18.327469957008425
29.699999999999793,16.05497263199056
29.719999999999793,25.930623507938066
29.739999999999792,18.359515102270237
29.759999999999792,34.60338201608684
29.77999999999979,26.609082192294412
29.79999999999979,20.079281630484537
29.81999999999979,12.419922384074903
29.83999999999979,16.680863716114654
29.85999999999979,17.06656520348748
29.87999999999979,29.157018469270103
29.89999999999979,9.623173102374272
29.91999999999979,23.932894262532265
29.939999999999788,31.067218169577547
29.959999999999788,29.351404118196847
29.979999999999787,19.907777131789
29.999999999999787,24.070376679062825
30.019999999999786,30.616260366493165
30.039999999999786,17.552057410819334
30.059999999999786,24.128596270313004
30.079999999999785,25.883371286901472
30.099999999999785,27.843665969081158
30.119999999999784,17.92952983918351
30.139999999999784,28.9713496647324
30.159999999999783,23.98503305044789
30.179999999999783,17.58048430500853
30.199999999999783,28.205857871464666
30.219999999999782,14.471659016425386
30.23999999999978,15.92613535766769
30.25999999999978,2.177047783200642
30.27999999999978,0.5736502225714055
30.29999999999978,31.087285765140244
30.31999999999978,20.35152765352072
30.33999999999978,14.338182626235874
30.35999999999978,31.669753875643018
30.37999999999978,19.881983067867605
30.39999999999978,15.044205774014962
30.419999999999778,17.79810020951666
30.439999999999777,20.54844427378648
30.459999999999777,3.394353444172026
30.479999999999777,23.392832735162006
30.499999999999776,19.624321962391573
30.519999999999776,16.467271671239413
30.539999999999775,24.27999492789917
30.559999999999775,16.62856070239524
30.579999999999774,24.583529653104474
30.599999999999774,21.975480541962156
30.619999999999774,23.75077641528944
30.639999999999773,27.907589846600672
30.659999999999773,20.19497313590877
30.679999999999772,32.80255585142978
30.699999999999772,38.850846300933256
30.71999999999977,29.44186709506959
30.73999999999977,27.620773613325984
30.75999999999977,20.805052926069024
30.77999999999977,22.293354148273234
30.79999999999977,23.403014818178686
30.81999999999977,29.595873069833374
30.83999999999977,10.108235868341254
30.85999999999977,30.27930002178295
30.879999999999768,13.95326768759336
30.899999999999768,15.07073594737415
30.919999999999767,24.35317819791066
30.939999999999767,1.1189623016591064
30.959999999999766,29.420372200506172
30.979999999999766,6.151285820833484
30.999999999999766,9.259320883496368
31.019999999999765,17.560270265193036
31.039999999999765,33.96600783020301
31.059999999999764,10.188422654386432
31.079999999999764,20.260655757383113
31.099999999999763,4.96332087536859
31.119999999999763,21.079068273516253
31.139999999999763,20.37883724729318
31.159999999999762,9.55280855178609
31.17999999999976,22.260687530390506
31.19999999999976,24.710874845182037
31.21999999999976,10.778877970241105
31.23999999999976,21.247912293457908
31.25999999999976,18.926714578736213
31.27999999999976,32.52210512053084
31.29999999999976,22.668963450762053
31.31999999999976,30.73453649683391
31.33999999999976,28.547802482509752
31.359999999999758,20.20748805372149
31.379999999999757,13.116385690069041
31.399999999999757,27.77423746958277
31.419999999999757,34.24670746503261
31.439999999999756,31.867267556087484
31.459999999999756,11.114813606754327
31.479999999999755,12.792565436405877
31.499999999999755,6.792257131643941
31.519999999999754,18.398669935850254
31.539999999999754,22.79658772885121
31.559999999999754,13.935948465797168
31.579999999999753,7.074144814199883
31.599999999999753,23.39271219205567
31.619999999999752,19.834350835934643
31.639999999999752,24.274160106182652
31.65999999999975,24.4820120081275
31.67999999999975,31.05792657545031
31.69999999999975,10.426428831449469
31.71999999999975,12.851780376392856
31.73999999999975,26.25510818990004
31.75999999999975,25.97562110247042
31.77999999999975,27.11889434373677
31.79999999999975,19.802701479048476
31.819999999999748,24.763867952996325
31.839999999999748,33.179841460838986
31.859999999999747,17.56323283042083
31.879999999999747,31.49689336384681
31.899999999999746,13.227334205517618
31.919999999999746,20.113271002752214
31.939999999999745,29.691967775056003
31.959999999999745,27.11946784971186
31.979999999999745,20.567679611910183
31.999999999999744,28.690621446338003
32.01999999999974,22.59970537068018
32.03999999999974,30.974681289458516
32.05999999999975,25.990723390290427
32.07999999999974,31.584071977274093
32.09999999999974,7.166230645580454
32.11999999999974,8.19590724919749
32.139999999999745,21.891579627079448
32.15999999999974,19.50584539793922
32.17999999999974,10.660113615607761
32.19999999999974,16.095183926805404
32.21999999999974,15.343415756216107
32.23999999999974,22.108116356324192
32.259999999999735,36.736453422565205
32.27999999999974,11.708418685109967
32.29999999999974,24.380450363530894
32.31999999999974,11.018252655476784
32.33999999999973,8.648566470014247
32.35999999999974,13.7042735583408
32.37999999999974,11.704391974627143
32.399999999999736,19.482702538866075
32.41999999999973,21.719356686517845
32.439999999999735,23.859265523549613
32.45999999999974,29.10312975666772
32.479999999999734,20.24307671921692
32.49999999999973,22.32146982712763
32.51999999999973,19.03571649311616
32.539999999999736,27.40195205713075
32.55999999999973,28.47935971498772
32.57999999999973,23.59602770588367
32.59999999999973,25.1667702041553
32.619999999999735,24.39075051203475
32.63999999999973,22.06008057260631
32.65999999999973,28.250354220573474
32.67999999999973,23.77617891182512
32.69999999999973,17.42998940384478
32.71999999999973,19.53424859105191
32.739999999999725,14.340748465561218
32.75999999999973,17.593017146142127
32.77999999999973,33.07490285524543
32.79999999999973,15.564738353833526
32.81999999999972,19.929592105552278
32.839999999999726,34.52292419631308
32.85999999999973,8.882113224187577
32.879999999999725,15.483728947656337
32.89999999999972,17.019063015544482
32.919999999999725,22.040837906109
32.93999999999973,30.14208783568295
32.959999999999724,21.007136651173123
32.97999999999972,29.380593047223947
32.99999999999972,26.518880183839826
33.019999999999726,24.76128091135917
33.03999999999972,22.79499267421011
33.05999999999972,1.745264257410902
33.07999999999972,16.77994264744651
33.099999999999724,26.824577718032288
33.11999999999972,29.762861791725577
33.139999999999716,28.269610495323825
33.15999999999972,35.066680313570885
33.17999999999972,10.754796310154077
33.19999999999972,15.961384399403482
33.219999999999715,19.261124704498886
33.23999999999972,32.98625204703187
33.25999999999972,19.319410187649385
33.27999999999972,16.502563837077766
33.29999999999971,24.58376509098744
33.319999999999716,17.661866594867774
33.33999999999972,21.8936168013188
33.359999999999715,16.718937102252397
33.37999999999971,19.547903443580445
33.399999999999714,25.168266514907458
33.41999999999972,26.72307731476219
33.43999999999971,10.935524850185203
33.45999999999971,22.53936956428058
33.47999999999971,15.826769094592468
33.499999999999716,26.172393310231477
33.51999999999971,14.806357975293189
33.53999999999971,19.39238404404113
33.55999999999971,6.2869858104031096
33.579999999999714,27.750682505529863
33.59999999999971,11.699323433171177
33.619999999999706,13.939205850470964
33.63999999999971,10.833910722160129
33.65999999999971,23.541405232150435
33.67999999999971,22.326869751285912
33.699999999999704,13.846435058492983
33.71999999999971,8.318704083728218
33.73999999999971,15.045283703078178
33.75999999999971,24.732148688851304
33.7799999999997,17.279754090139775
33.799999999999706,14.651442809157537
33.81999999999971,26.23760186587911
33.839999999999705,22.742196593864424
33.8599999999997,16.9001519916322
33.879999999999704,9.93944090191671
33.89999999999971,15.685070740796887
33.9199999999997,36.6550040481762
33.9399999999997,30.972253844562633
33.9599999999997,15.583970789192641
33.979999999999706,8.44378850630624
33.9999999999997,21.032509660241825
34.0199999999997,18.27846873876636
34.0399999999997,15.568252067950702
34.059999999999704,9.781278103686248
34.0799999999997,25.42969769211924
34.099999999999696,25.285481524637355
34.1199999999997,34.431667836534814
34.1399999999997,21.63737422038134
34.1599999999997,22.0339729907136
34.179999999999694,12.879196435378274
34.1999999999997,30.570285973927547
34.2199999999997,32.191002694431674
34.2399999999997,22.135760859996434
34.25999999999969,12.68758667311798
34.279999999999696,23.45413384773298
34.2999999999997,13.653465922097865
34.319999999999695,20.80410803974147
34.33999999999969,28.75393846606236
34.359999999999694,31.7646402859692
34.3799999999997,17.431496778902403
34.39999999999969,12.544698190348871
34.41999999999969,32.289698582339796
34.43999999999969,27.110196342117675
34.459999999999695,32.53501201686338
34.47999999999969,22.734072661298327
34.49999999999969,27.60761069341263
34.51999999999969,26.589158920123257
34.539999999999694,24.70679587124971
34.55999999999969,22.91723333073074
34.579999999999686,18.617572093609734
34.59999999999969,14.349621541498571
34.61999999999969,20.830295849363022
34.63999999999969,18.76007915138266
34.659999999999684,20.476016533247336
34.67999999999969,28.62457160816177
34.69999999999969,2.9840963975892585
34.719999999999686,17.200763814047615
34.73999999999968,21.73168861223055
34.759999999999685,18.662498390155033
34.77999999999969,14.981507954814743
34.799999999999685,23.03307074100697
34.81999999999968,17.831558847453593
34.839999999999684,13.867355672342374
34.85999999999969,36.759559243864885
34.87999999999968,20.57024400007273
34.89999999999968,19.062296291428204
34.91999999999968,10.238677771703346
34.939999999999685,17.90055249473409
34.95999999999968,7.775440952036741
34.97999999999968,11.28930106986198
34.99999999999968,16.90283193048463
35.01999999999968,24.548801299812958
35.03999999999968,30.31874989395358
35.059999999999675,3.270583632454656
35.07999999999968,28.128275059848427
35.09999999999968,21.332743134927465
35.11999999999968,30.54386348677057
35.139999999999674,17.783195769431824
35.15999999999968,23.49386580320156
35.17999999999968,14.186395135084329
35.199999999999676,25.29577120870917
35.21999999999967,11.93318711833143
35.239999999999675,12.45181855182777
35.25999999999968,23.130491799885217
35.279999999999674,3.767272341955149
35.29999999999967,24.736211306557266
35.31999999999967,34.612361016847174
35.33999999999968,24.04773967774397
35.35999999999967,22.48557025907941
35.37999999999967,15.014736831846264
35.39999999999967,19.52198061734078
35.419999999999675,19.41323609432036
35.43999999999967,31.167849864802957
35.45999999999967,34.665402849000365
35.47999999999967,6.7954201024876095
35.49999999999967,22.48985927376143
35.51999999999967,30.68186335874128
35.539999999999665,26.638001489365074
35.55999999999967,12.982562976264518
35.57999999999967,20.74483631374094
35.59999999999967,18.047336111895127
35.61999999999966,16.03205833996137
35.63999999999967,19.626097823814053
35.65999999999967,15.700200372472551
35.679999999999666,45.70165472621554
35.69999999999966,21.37998034475614
35.719999999999665,16.207873330821027
35.73999999999967,11.73953445547143
35.759999999999664,17.823773596865237
35.77999999999966,29.57690759785106
35.79999999999966,28.57304303837448
35.819999999999666,16.69498411637005
35.83999999999966,23.71659006665036
35.85999999999966,18.06228161019914
35.87999999999966,14.741856126563906
35.899999999999665,24.03933344837666
35.91999999999966,29.671276370342795
35.93999999999966,30.384853904998586
35.95999999999966,17.937034945344227
35.97999999999966,30.676961887136287
35.99999999999966,16.222120092553915
36.019999999999655,21.986691467193726
36.03999999999966,28.635271615421814
36.05999999999966,36.00248604985561
36.07999999999966,20.25309352737516
36.09999999999965,27.895581141515414
36.119999999999656,22.20950745112644
36.13999999999966,15.75525347970611
36.159999999999656,2.392690108963343
36.17999999999965,16.59439388483341
36.199999999999655,6.477789793021717
36.21999999999966,27.49891181807814
36.239999999999654,22.790147434218763
36.25999999999965,24.47853084997266
36.27999999999965,11.390902513083851
36.299999999999656,15.723195127236519
36.31999999999965,11.285354858091281
36.33999999999965,4.7132011921085795
36.35999999999965,21.54798407471224
36.379999999999654,26.772995425934276
36.39999999999965,19.228661978549493
36.419999999999646,32.81079340206541
36.43999999999965,20.076010745375036
36.45999999999965,22.07784623759308
36.47999999999965,26.060807718810576
36.499999999999645,31.516906945838706
36.51999999999965,18.482101451564073
36.53999999999965,24.01398162253826
36.55999999999965,17.101359482682962
36.57999999999964,13.936867947732171
36.599999999999646,22.300754832948073
36.61999999999965,9.343761764154083
36.639999999999645,12.840099959121751
36.65999999999964,23.133780539752852
36.679999999999644,14.852889036715494
36.69999999999965,7.886274769890067
36.719999999999644,23.486189895691307
36.73999999999964,30.37885328402256
36.75999999999964,12.237016022444053
36.779999999999646,32.35334821080116
36.79999999999964,24.491716858889255
36.81999999999964,22.978832627202625
36.83999999999964,6.388187767254273
36.859999999999644,23.307109208770253
36.87999999999964,26.193514220343047
36.899999999999636,8.262647579186298
36.91999999999964,15.21756823234077
36.93999999999964,23.502392669565854
36.95999999999964,33.442567616003245
36.979999999999634,20.675029913524188
36.99999999999964,50.34749971863217
37.01999999999964,40.94009192882502
37.03999999999964,81.34058311281807
37.05999999999963,90.3404538496847
37.079999999999636,113.59433257325408
37.09999999999964,158.66207615740888
37.119999999999635,213.8686565018333
37.13999999999963,270.9450587311815
37.159999999999634,351.8654239549879
37.17999999999964,436.32013871999277
37.19999999999963,548.6444327067358
37.21999999999963,643.4281193145208
37.23999999999963,738.3890883827204
37.259999999999636,810.6579392510099
37.27999999999963,904.2450068232292
37.29999999999963,970.0022340460758
37.31999999999963,1001.262626958862
37.339999999999634,1025.1998476553163
37.35999999999963,1003.1239890510153
37.379999999999626,971.6472341285736
37.39999999999963,894.5068260935203
37.41999999999963,823.2840325319
37.43999999999963,734.8268871688166
37.459999999999624,631.3117896992254
37.47999999999963,507.21073681409183
37.49999999999963,418.24795077772694
37.51999999999963,332.77601540604195
37.53999999999962,255.98270393065576
37.559999999999626,198.22274474306684
37.57999999999963,162.621752529911
37.599999999999625,112.51945121838233
37.61999999999962,80.8266506492453
37.639999999999624,59.91155461509241
37.65999999999963,61.39379446720843
37.67999999999962,28.478531129451802
37.69999999999962,29.985519070443086
37.71999999999962,27.30770119140355
37.739999999999625,23.178667275502892
37.75999999999962,39.746892949466414
37.77999999999962,11.742564095875512
37.79999999999962,23.670935406641693
37.819999999999624,31.70393609021893
37.83999999999962,11.648384102256308
37.859999999999616,22.00941737754076
37.87999999999962,2.581020204839419
37.89999999999962,23.639848778451167
37.91999999999962,19.526373658037972
37.939999999999614,20.83819603503772
37.95999999999962,19.663448065633144
37.97999999999962,18.600683243287005
37.999999999999616,21.55615514150821
38.01999999999961,24.728151342725976
38.039999999999615,30.099423033110185
38.05999999999962,22.781121582835272
38.079999999999615,0.8029227481979255
38.09999999999961,13.034699918651945
38.119999999999614,20.024554593801287
38.13999999999962,22.819845312555177
38.15999999999961,17.565357654716852
38.17999999999961,12.137730983299072
38.19999999999961,23.329145178079376
38.219999999999615,25.98093623778766
38.23999999999961,0.0
38.25999999999961,28.305709302701175
38.27999999999961,10.46364372201022
38.29999999999961,32.6749665686921
38.31999999999961,23.123399548693406
38.339999999999606,0.0
38.35999999999961,23.868630840569992
38.37999999999961,12.703219927231075
38.39999999999961,41.03004651107469
38.419999999999604,18.428564182825323
38.43999999999961,16.30578044523166
38.45999999999961,24.83540182166308
38.479999999999606,11.06371389424715
38.4999999999996,16.62899403251669
38.519999999999605,17.474390312603607
38.53999999999961,27.196568193467407
38.559999999999604,3.4167425055540512
38.5799999999996,32.34510539151199
38.5999999999996,33.30863897765983
38.61999999999961,25.34223368813967
38.6399999999996,16.214804880604177
38.6599999999996,19.687391541945527
38.6799999999996,27.207320563183263
38.699999999999605,9.608463932408403
38.7199999999996,6.399469827386827
38.7399999999996,29.551736894711276
38.7599999999996,14.85426856623191
38.7799999999996,39.3771236356988
38.7999999999996,25.507662599577632
38.819999999999595,18.89436783997271
38.8399999999996,29.194175206907673
38.8599999999996,26.371094384326728
38.8799999999996,20.28390900270795
38.899999999999594,6.7727344091617425
38.9199999999996,21.09233969002434
38.9399999999996,21.318981662635316
38.959999999999596,22.39566006738886
38.97999999999959,11.486943747415294
38.999999999999595,32.277410036291016
39.0199999999996,15.526844199660411
39.039999999999594,18.558199503597827
39.05999999999959,24.21091742248407
39.07999999999959,18.323930606843582
39.099999999999596,17.99016433616098
39.11999999999959,23.058131646176136
39.13999999999959,29.771100081331202
39.15999999999959,22.48519900524887
39.179999999999595,22.303806715805322
39.19999999999959,21.722318271062328
39.21999999999959,19.47486081813641
39.23999999999959,22.87505702944403
39.25999999999959,22.41909324642142
39.27999999999959,27.214964755781704
39.299999999999585,16.3764955523067
39.31999999999959,21.796071733892404
39.33999999999959,19.72987003961066
39.35999999999959,22.663721078711767
39.37999999999958,19.48338337400482
39.39999999999959,18.234032829789832
39.41999999999959,18.96665665999445
39.439999999999586,21.58670974660903
39.45999999999958,29.250434666238426
39.479999999999585,7.122981283940504
39.49999999999959,18.188650793728943
39.519999999999584,16.894913326642406
39.53999999999958,21.957837772209082
39.55999999999958,29.573124649550394
39.579999999999586,22.40296692467271
39.59999999999958,8.917664132442
39.61999999999958,14.998050859582337
39.63999999999958,28.41955752288549
39.659999999999584,14.061814192789676
39.67999999999958,14.678908065506501
39.69999999999958,26.253324770865614
39.71999999999958,13.812490869126297
39.73999999999958,25.614180177635248
39.75999999999958,13.002341907740757
39.779999999999575,10.651595167174257
39.79999999999958,19.308564830802098
39.81999999999958,30.00160578344683
39.83999999999958,16.815273825409
39.85999999999957,9.717501312220085
39.879999999999576,32.42766747701687
39.89999999999958,9.23413348489246
39.919999999999575,25.685372309998197
39.93999999999957,12.570971039027604
39.959999999999575,18.05972530947211
39.97999999999958,8.534415060989268
39.999999999999574,14.901912043120138
40.01999999999957,9.378616392521083
40.03999999999957,21.26559953823302
40.059999999999576,28.056899113032106
40.07999999999957,20.952796094090175
40.09999999999957,22.792011266280696
40.11999999999957,31.837770094693177
40.139999999999574,25.79125935258
40.15999999999957,15.98109389737521
40.179999999999566,22.38716144626368
40.19999999999957,18.586992126535783
40.21999999999957,10.042149610846886
40.23999999999957,30.59208475922197
40.259999999999565,31.487565419346275
40.27999999999957,0.0
40.29999999999957,23.78440957345693
40.31999999999957,14.916814657041364
40.33999999999956,2.680489480395156
40.359999999999566,16.488080181239603
40.37999999999957,6.794379047834903
40.399999999999565,15.35175633760722
40.41999999999956,18.722142789510027
40.439999999999564,28.76036407717905
40.45999999999957,26.772213294452698
40.47999999999956,31.75752838720561
40.49999999999956,9.229405196688829
40.51999999999956,16.370665422843608
40.539999999999566,19.19326786358461
40.55999999999956,9.105599195776167
40.57999999999956,12.61363916974884
40.59999999999956,13.245647018041458
40.619999999999564,13.074007809829878
40.63999999999956,15.536610516412638
40.659999999999556,21.566303295668554
40.67999999999956,12.579237598130348
40.69999999999956,6.849382886073949
40.71999999999956,30.39245264820002
40.739999999999554,21.62023587443112
40.75999999999956,10.543612190808432
40.77999999999956,33.70740431983082
40.79999999999956,7.177449157793982
40.81999999999955,4.392085302904853
40.839999999999556,11.580252523449808
40.85999999999956,24.985781603853027
40.879999999999555,29.747324535696055
40.89999999999955,33.00854808503897
40.919999999999554,19.286844502537104
40.93999999999956,34.04655230430502
40.95999999999955,16.504809842073158
40.97999999999955,25.07917744622963
40.99999999999955,15.434785032086824
41.019999999999555,25.610896194519803
41.03999999999955,35.09970184248536
41.05999999999955,15.578020814451731
41.07999999999955,25.907490242538223
41.099999999999554,12.928794950481805
41.11999999999955,19.17403876440699
41.139999999999546,8.026297638267245
41.15999999999955,12.742007335013742
41.17999999999955,34.016305424766806
41.19999999999955,27.401284875963057
41.219999999999544,7.656305690302
41.23999999999955,17.87827461949661
41.25999999999955,17.689231485122143
41.279999999999546,20.434716803582834
41.29999999999954,30.82997639530359
41.319999999999546,11.344044689359384
41.33999999999955,20.392581225981143
41.359999999999545,7.688331644464327
41.37999999999954,30.006090143402346
41.399999999999544,21.062683447250116
41.41999999999955,22.70755830195687
41.43999999999954,17.116018102115316
41.45999999999954,25.73212898298408
41.47999999999954,32.425206028913145
41.499999999999545,26.071578047727417
41.51999999999954,37.963657749674184
41.53999999999954,12.861782207663921
41.55999999999954,13.307114623013458
41.57999999999954,26.740043050602527
41.59999999999954,17.944480522175468
41.619999999999536,11.154474899810179
41.63999999999954,28.71456575882769
41.65999999999954,19.630103378264554
41.67999999999954,9.824930240828762
41.699999999999534,6.030995354767805
41.71999999999954,19.894871874187345
41.73999999999954,19.854360483043344
41.759999999999536,14.644981724582191
41.77999999999953,20.383257311862867
41.799999999999535,17.81828907781
41.81999999999954,5.4995665007103085
41.839999999999534,30.652468423808926
41.85999999999953,20.957016415424285
41.879999999999534,35.691986063877124
41.89999999999954,24.22003131888015
41.91999999999953,21.6748773593905
41.93999999999953,19.409692781783548
41.95999999999953,13.457580738121127
41.979999999999535,19.216491738540775
41.99999999999953,24.516178716238016
42.01999999999953,17.607479388964297
42.03999999999953,20.753365321529394
42.05999999999953,32.90460524541734
42.07999999999953,22.659222084721367
42.099999999999525,28.533226481612445
42.11999999999953,16.044565230629445
42.13999999999953,17.280299005539057
42.15999999999953,13.760161959368897
42.179999999999524,21.846849740231608
42.19999999999953,11.710101590025104
42.21999999999953,21.561950493765206
42.239999999999526,18.32387233395532
42.25999999999952,25.674355313487347
42.279999999999525,34.00832695149604
42.29999999999953,30.816318586092237
42.319999999999524,24.030170913521886
42.33999999999952,22.77154558052022
42.35999999999952,15.259880871696325
42.37999999999953,18.688585970005505
42.39999999999952,20.194836763584938
42.41999999999952,19.811431659229797
42.43999999999952,17.93710480100874
42.459999999999525,23.77282569403126
42.47999999999952,15.754055423438874
42.49999999999952,20.70563871144097
42.51999999999952,30.429164113334195
42.53999999999952,21.093651866181187
42.55999999999952,10.417495037412904
42.579999999999515,5.78080282194732
42.59999999999952,14.423737997211418
42.61999999999952,15.951920531865156
42.63999999999952,32.18768147136695
42.65999999999951,16.900948133368303
42.67999999999952,22.56012143265012
42.69999999999952,9.379884962164152
42.719999999999516,15.930352635852183
42.73999999999951,17.979101920837888
42.759999999999515,18.53518622096795
42.77999999999952,22.704076013876744
42.799999999999514,17.52444064954336
42.81999999999951,29.59312781302834
42.83999999999951,12.506891107058976
42.859999999999516,17.42319721630322
42.87999999999951,23.69506184099552
42.89999999999951,26.669075617378198
42.91999999999951,19.57363459492288
42.939999999999515,27.49212983518554
42.95999999999951,3.748379057591471
42.97999999999951,23.686848956461322
42.99999999999951,25.366277605171387
43.01999999999951,26.797051846065795
43.03999999999951,22.458712482653958
43.059999999999505,35.57390717464883
43.07999999999951,34.42808335926715
43.09999999999951,46.994876138240656
43.11999999999951,61.95286610942906
43.1399999999995,74.12204868983719
43.159999999999506,98.49421357317473
43.17999999999951,147.6939004088861
43.199999999999505,170.57384511818373
43.2199999999995,209.52906483017708
43.239999999999505,262.6791138932198
43.25999999999951,299.1809425162943
43.279999999999504,343.66973009702093
43.2999999999995,412.35795691673945
43.3199999999995,439.162145939941
43.339999999999506,479.9596606707407
43.3599999999995,510.8406250384405
43.3799999999995,515.2062248487937
43.3999999999995,506.5466125437342
43.419999999999504,485.52605195086136
43.4399999999995,458.80944134871146
43.459999999999496,418.8429040479691
43.4799999999995,384.6857002317659
43.4999999999995,349.3594341409902
43.5199999999995,280.5830399782045
43.539999999999495,235.43065470036797
43.5599999999995,199.9061854826458
43.5799999999995,140.54266300991807
43.5999999999995,130.54120099000525
43.61999999999949,87.42354733977655
43.639999999999496,57.657232403645246
43.6599999999995,63.6078488194228
43.679999999999495,46.03937578758736
43.69999999999949,33.3721496655447
43.719999999999494,38.57628937762142
43.7399999999995,8.11229196660135
43.75999999999949,21.067743576603
43.77999999999949,28.953190757931395
43.79999999999949,29.256057594984778
43.819999999999496,14.669361994169876
43.83999999999949,30.08894878013338
43.85999999999949,10.261714090954904
43.87999999999949,7.914058499559063
43.899999999999494,7.746920928377536
43.91999999999949,21.490979392726814
43.939999999999486,35.90984790637208
43.95999999999949,19.781207160383783
43.97999999999949,17.562755940088934
43.99999999999949,23.735221653903004
44.019999999999484,20.779316777255065
44.03999999999949,15.828810928797136
44.05999999999949,10.099741582095168
44.07999999999949,18.525820762501258
44.09999999999948,17.688051459114163
44.119999999999486,10.76152637979487
44.13999999999949,17.26836502835672
44.159999999999485,25.368177711522975
44.17999999999948,28.73784572441174
44.199999999999484,20.374124301148722
44.21999999999949,24.19955883347145
44.23999999999948,12.311097140645801
44.25999999999948,21.0067032969491
44.27999999999948,24.653172323539188
44.299999999999486,23.306549223994963
44.31999999999948,30.304614356849683
44.33999999999948,16.91405595946232
44.35999999999948,21.133567914601606
44.379999999999484,19.6225246792059
44.39999999999948,21.412175775817094
44.419999999999476,33.991236590408505
44.43999999999948,0.14168337233746442
44.45999999999948,20.957039177933165
44.47999999999948,24.35791777618568
44.499999999999474,19.331716029747255
44.51999999999948,20.651162161060427
44.53999999999948,13.966458177911193
44.55999999999948,44.62939887815865
44.57999999999947,26.388489885997593
44.599999999999476,16.856694349440822
44.61999999999948,15.778092039057878
44.639999999999475,11.380883288739708
44.65999999999947,26.59013429648913
44.679999999999474,17.279811009649276
44.69999999999948,36.88374724817605
44.71999999999947,10.40818738026775
44.73999999999947,11.427254739936007
44.75999999999947,12.808069204327818
44.779999999999475,8.733876855232236
44.79999999999947,23.52376206957518
44.81999999999947,14.794914700150823
44.83999999999947,27.630924488360908
44.859999999999474,20.782281711268027
44.87999999999947,24.662424334168023
44.899999999999466,27.298544049361375
44.91999999999947,25.35957763260931
44.93999999999947,11.544819703021535
44.95999999999947,27.23701798711443
44.979999999999464,33.63254894502886
44.99999999999947,20.002977268366894
45.01999999999947,25.564967385086437
45.039999999999466,29.54353291445129
45.05999999999946,23.184671158405855
45.079999999999465,11.021331780953053
45.09999999999947,24.57336487975939
45.119999999999465,24.43656770666892
45.13999999999946,17.791030577262987
45.159999999999464,11.825033227199805
45.17999999999947,2.4481824998539388
45.19999999999946,31.323320248484713
45.21999999999946,21.042291043795345
45.23999999999946,32.5344177260174
45.259999999999465,18.291725847618554
45.27999999999946,36.006880981036616
45.29999999999946,23.778750143818144
45.31999999999946,17.691273920160043
45.33999999999946,11.303871845019906
45.35999999999946,30.47554133695092
45.379999999999455,20.286350913696047
45.39999999999946,23.14372828664547
45.41999999999946,0.07354413308141261
45.43999999999946,31.503305479473816
45.459999999999454,23.300910636874438
45.47999999999946,29.72894383916071
45.49999999999946,31.59436875241588
45.519999999999456,13.780163904173822
45.53999999999945,8.018465163214257
45.559999999999455,26.122700635044993
45.57999999999946,24.007270614579618
45.599999999999454,33.255866957447374
45.61999999999945,11.96806958071319
45.63999999999945,20.56923565469013
45.65999999999946,12.628686694701777
45.67999999999945,12.71537100501871
45.69999999999945,25.12596869386925
45.71999999999945,22.567258584104174
45.739999999999455,23.601561784773093
45.75999999999945,14.288798925171278
45.77999999999945,23.69006501286553
45.79999999999945,10.23268408484708
45.81999999999945,24.85077711290702
45.83999999999945,23.138287344219382
45.859999999999445,22.776532464358933
45.87999999999945,14.89170432458274
45.89999999999945,28.164862475105437
45.91999999999945,35.18053996089006
45.93999999999944,19.865275019361682
45.95999999999945,26.341159988149045
45.97999999999945,14.496907817016705
45.999999999999446,17.2587716599847
46.01999999999944,21.950663392587806
46.039999999999445,10.473663620045016
46.05999999999945,14.995813538326559
46.079999999999444,13.185822392377997
46.09999999999944,0.0
46.11999999999944,21.71915018096962
46.139999999999446,23.84752657563236
46.15999999999944,19.20227826069763
46.17999999999944,6.482877576600602
46.19999999999944,19.98451881889637
46.219999999999445,33.84601923855198
46.23999999999944,23.088032682342526
46.25999999999944,11.75306490516857
46.27999999999944,15.819635957489222
46.29999999999944,11.061461963841905
46.31999999999944,12.437435733775363
46.339999999999435,16.201356946159287
46.35999999999944,18.386396110003897
46.37999999999944,29.534889905552433
46.39999999999944,19.5116834235413
46.41999999999943,30.13747318071224
46.439999999999436,26.149289672615264
46.45999999999944,20.648459365878622
46.479999999999436,17.701256422106482
46.49999999999943,6.610680485087414
46.519999999999435,26.184391561990203
46.53999999999944,31.140551463050105
46.559999999999434,9.482973308083471
46.57999999999943,23.826823509932275
46.59999999999943,10.995458297677235
46.619999999999436,16.050591868629553
46.63999999999943,7.987873499217958
46.65999999999943,25.23834383211264
46.67999999999943,18.809156631222525
46.699999999999434,26.971527484088096
46.71999999999943,24.19873711643796
46.73999999999943,28.826477921876844
46.75999999999943,32.575854541608436
46.77999999999943,37.644497647446585
46.79999999999943,26.575573450252126
46.819999999999425,27.92876048461908
46.83999999999943,16.669808592725605
46.85999999999943,22.160447230263355
46.87999999999943,33.04617072359723
46.89999999999942,17.378362408494507
46.919999999999426,17.276207310777966
46.93999999999943,29.572195325586883
46.959999999999425,11.294715001068717
46.97999999999942,19.30255637727568
46.999999999999424,32.25082766482512
47.01999999999943,11.949733175299393
47.039999999999424,21.522048331624347
47.05999999999942,8.221874179711099
47.07999999999942,24.390160515433717
47.099999999999426,14.874439385864235
47.11999999999942,23.366339969306125
47.13999999999942,22.001736016746857
47.15999999999942,10.284672280547689
47.179999999999424,18.379408370080984
47.19999999999942,30.778237435297264
47.219999999999416,35.56454588022521
47.23999999999942,17.89910153404869
47.25999999999942,29.167750670588745
47.27999999999942,13.796364553510184
47.299999999999415,0.692563837331182
47.31999999999942,13.914436963321084
47.33999999999942,25.70441914213867
47.35999999999942,29.270878609420468
47.37999999999941,15.227644052699933
47.399999999999416,19.026825032980515
47.41999999999942,38.21093295354911
47.439999999999415,12.878973361940147
47.45999999999941,20.224258239837162
47.479999999999414,17.361098820291883
47.49999999999942,25.48941104644608
47.51999999999941,21.10514873142618
47.53999999999941,26.44264659134056
47.55999999999941,23.02945521804871
47.579999999999416,14.487416253303623
47.59999999999941,13.485561235500164
47.61999999999941,17.363680550564148
47.63999999999941,32.80572976333253
47.659999999999414,27.044238706131978
47.67999999999941,19.872240826504893
47.699999999999406,20.034876650058944
47.71999999999941,25.622416753384293
47.73999999999941,34.09013405032823
47.75999999999941,15.661912472584882
47.779999999999404,29.694519308321766
47.79999999999941,23.725771003764653
47.81999999999941,30.234041309976504
47.83999999999941,17.027128510902877
47.8599999999994,15.98532159522781
47.879999999999406,20.55886525247059
47.89999999999941,14.017110899007575
47.919999999999405,17.845308931743574
47.9399999999994,8.964818868303137
47.959999999999404,29.078474302478828
47.97999999999941,16.64864851442338
47.9999999999994,17.253559401143242
48.0199999999994,16.229933794104408
48.0399999999994,26.271150939353888
48.059999999999405,18.52590607331415
48.0799999999994,32.87523162801136
48.0999999999994,25.590783379922804
48.1199999999994,14.600082084332355
48.139999999999404,11.55395265593963
48.1599999999994,22.031787019283232
48.179999999999396,24.150364739979977
48.1999999999994,7.038377042449561
48.2199999999994,26.35340014972286
48.2399999999994,19.779541067157197
48.259999999999394,18.907244155723994
48.2799999999994,0.17589358055009185
48.2999999999994,20.03996505394834
48.319999999999396,35.93428983149666
48.33999999999939,26.186217344769194
48.359999999999395,10.86049787300392
48.3799999999994,19.23848744555422
48.399999999999395,5.91813937220928
48.41999999999939,16.904073083703928
48.439999999999394,25.918072808933807
48.4599999999994,2.998828771608167
48.47999999999939,15.709590860349085
48.49999999999939,30.90285415091234
48.51999999999939,36.99823576772401
48.539999999999395,29.037341204949357
48.55999999999939,33.309162830155074
48.57999999999939,17.597478721588207
48.59999999999939,16.483173421649624
48.61999999999939,24.642125157588023
48.63999999999939,16.809272702223062
48.659999999999386,16.229789024406465
48.67999999999939,10.413373152305063
48.69999999999939,8.684473727397187
48.71999999999939,34.412131477415585
48.739999999999384,40.627304040009875
48.75999999999939,28.998193600170232
48.77999999999939,7.093861546791562
48.799999999999386,32.5322705253673
48.81999999999938,10.084696097385818
48.839999999999385,19.502009034385114
48.85999999999939,20.433103015309666
48.879999999999384,19.12617552782749
48.89999999999938,18.826728893030978
48.91999999999938,24.919879698660196
48.93999999999939,26.409056045692775
48.95999999999938,21.05994053582086
48.97999999999938,15.866955472769426
48.99999999999938,31.515523750453397
49.019999999999385,18.856558842000815
49.03999999999938,23.472153710942184
49.05999999999938,28.239137562956035
49.07999999999938,23.244388825317756
49.09999999999938,28.894931514818595
49.11999999999938,21.76703235867893
49.139999999999375,16.024932510963932
49.15999999999938,19.13531191870481
49.17999999999938,17.233278997467934
49.19999999999938,31.808464708341187
49.219999999999374,21.94796252227917
49.23999999999938,34.125632567633076
49.25999999999938,14.734849076230548
49.279999999999376,17.770263550457454
49.29999999999937,4.875667391819237
49.319999999999375,4.888598588483804
49.33999999999938,24.295696151219733
49.359999999999374,20.665957591265286
49.37999999999937,24.80715295539948
49.39999999999937,23.151910071240167
49.419999999999376,19.50713403827768
49.43999999999937,16.60270394981114
49.45999999999937,13.935055933355825
49.47999999999937,13.81130895523098
49.499999999999375,15.45292067888449
49.51999999999937,22.155612303147326
49.53999999999937,14.386889454472648
49.55999999999937,23.85292408856206
49.57999999999937,30.266323648727308
49.59999999999937,26.21866179147067
49.619999999999365,19.336051244407948
49.63999999999937,13.358724858052398
49.65999999999937,33.91978645452188
49.67999999999937,27.052310881088083
49.69999999999936,15.992900438702659
49.71999999999937,22.125467860879496
49.73999999999937,19.032025681975675
49.759999999999366,10.68713549207117
49.77999999999936,18.98538681251925
49.799999999999365,22.54721094315629
49.81999999999937,19.423976239857716
49.839999999999364,43.49169092474783
49.85999999999936,11.919296087445822
49.87999999999936,16.837444703032183
49.899999999999366,28.343120633055165
49.91999999999936,26.39183498158954
49.93999999999936,11.847877469854174
49.95999999999936,29.584009679779793
49.979999999999364,18.966798867803348
49.99999999999936,16.89589022550993
50.01999999999936,25.294579289291903
50.03999999999936,21.9406453673447
50.05999999999936,22.436079707437045
50.07999999999936,22.47514944641845
50.099999999999355,29.09626378836092
50.11999999999936,16.25176740824797
50.13999999999936,19.628042110645286
50.15999999999936,12.858152598026294
50.17999999999935,32.13130578219241
50.199999999999356,27.42123354693706
50.21999999999936,11.389111432909472
50.239999999999355,11.305493208660442
50.25999999999935,20.041904493669122
50.279999999999355,26.877868169275274
50.29999999999936,27.826330281419054
50.319999999999354,14.821571294529456
50.33999999999935,22.172787929870495
50.35999999999935,32.17402586303753
50.379999999999356,27.22388933426916
50.39999999999935,35.269223781173224
50.41999999999935,35.208223118346424
50.43999999999935,29.81877538020121
50.459999999999354,12.458945156221962
50.47999999999935,27.039261550589174
50.499999999999346,9.346247119406247
50.51999999999935,17.64236573229622
50.53999999999935,17.767524019247944
50.55999999999935,7.054375587068995
50.579999999999345,7.769319436452427
50.59999999999935,24.148158437568195
50.61999999999935,25.579974484175874
50.63999999999935,25.19001338485484
50.65999999999934,30.58042749503024
50.679999999999346,17.32888582805871
50.69999999999935,31.723836324395364
50.719999999999345,26.020027193447135
50.73999999999934,22.80155915161654
50.759999999999344,13.970291264313776
50.77999999999935,24.25647691315165
50.79999999999934,12.637885718067231
50.81999999999934,28.021442874086315
50.83999999999934,30.73033739073243
50.859999999999346,10.09328665611531
50.87999999999934,33.62058597554454
50.89999999999934,11.429990166691255
50.91999999999934,16.876165320141588
50.939999999999344,30.512168021316498
50.95999999999934,21.964838396007416
50.979999999999336,21.959296983116683
50.99999999999934,7.976016695033515
51.01999999999934,18.88856259623167
51.03999999999934,19.081767100148827
51.059999999999334,26.75024713356867
51.07999999999934,28.88798766294662
51.09999999999934,16.55727050619898
51.11999999999934,28.68010738689208
51.13999999999933,33.02779916459164
51.159999999999336,29.498380448884816
51.17999999999934,18.605310050402235
51.199999999999335,33.34577893664867
51.21999999999933,18.070186962811494
51.239999999999334,20.097653351089647
51.25999999999934,2.7260877369326835
51.27999999999933,4.879057708606137
51.29999999999933,36.199449883621725
51.31999999999933,13.580372231489847
51.339999999999336,30.05761648938028
51.35999999999933,18.498736827350243
51.37999999999933,28.154564675176537
51.39999999999933,18.525231740876688
51.419999999999334,21.43884030938193
51.43999999999933,31.179928008345684
51.459999999999326,14.27255994812483
51.47999999999933,22.076956752723042
51.49999999999933,25.270456285477657
51.51999999999933,5.516052831831745
51.539999999999324,9.361181568779978
51.55999999999933,27.280483994290208
51.57999999999933,11.565768907778667
51.599999999999326,42.8710358492356
51.61999999999932,25.65324436310727
51.639999999999326,8.488311206186294
51.65999999999933,6.620824933519044
51.679999999999325,24.0932112123111
51.69999999999932,21.568897415911096
51.719999999999324,24.874073689074116
51.73999999999933,22.489051878157277
51.75999999999932,9.626475924935038
51.77999999999932,22.18006823939251
51.79999999999932,16.522598412273595
51.819999999999325,19.14035221631861
51.83999999999932,13.285459563733504
51.85999999999932,20.919872012751988
51.87999999999932,17.279011655780828
51.899999999999324,16.576131565870718
51.91999999999932,9.097520455427892
51.939999999999316,13.717408810912573
51.95999999999932,26.257793055983026
51.97999999999932,27.822660775017816
51.99999999999932,45.21841556429038
52.019999999999314,34.879150039403854
52.03999999999932,27.092634487884297
52.05999999999932,26.73139232577479
52.079999999999316,21.97051127841072
52.09999999999931,22.999881192853554
52.119999999999315,10.17634580966892
52.13999999999932,21.71084701280631
52.159999999999314,20.381056253864237
52.17999999999931,15.735970604338963
52.199999999999314,7.868033920473405
52.21999999999932,19.687283180085736
52.23999999999931,14.84322144004936
52.25999999999931,1.994717193054555
52.27999999999931,21.966946852186293
52.299999999999315,21.851320959254103
52.31999999999931,31.43786434116027
52.33999999999931,24.587983839101273
52.35999999999931,20.684006303565464
52.37999999999931,13.111563740221253
52.39999999999931,17.612684070742837
52.419999999999305,8.39291826988447
52.43999999999931,16.79494443163781
52.45999999999931,9.123545710712131
52.47999999999931,6.8875784553741966
52.499999999999304,26.515341008473065
52.51999999999931,18.08076401763416
52.53999999999931,5.023101241383808
52.559999999999306,8.011591863558772
52.5799999999993,14.990025652202924
52.599999999999305,15.755390424878762
52.61999999999931,20.67511562269631
52.639999999999304,22.58270156552623
52.6599999999993,19.832516346973506
52.6799999999993,11.189491268856841
52.69999999999931,23.52159043759368
52.7199999999993,12.88635386476113
52.7399999999993,28.629170250947826
52.7599999999993,15.383028440538645
52.779999999999305,7.4796606900115385
52.7999999999993,13.730604099595066
52.8199999999993,20.72046652080325
52.8399999999993,17.803035362447694
52.8599999999993,28.934095950013152
52.8799999999993,6.251299464121411
52.899999999999295,12.251208181396906
52.9199999999993,20.643834946821443
52.9399999999993,12.121489694903083
52.9599999999993,20.71669288109581
52.97999999999929,24.843744639237137
52.9999999999993,13.646973002868972
53.0199999999993,23.030350832642924
53.039999999999296,25.373019029892003
53.05999999999929,29.24227927241259
53.079999999999295,19.485314740633132
53.0999999999993,25.82753438136011
53.119999999999294,12.606290896192816
53.13999999999929,24.571029597150144
53.15999999999929,28.814696580227526
53.179999999999296,12.934222730619288
53.19999999999929,23.40022880620558
53.21999999999929,1.6535217393037698
53.23999999999929,13.4976334531802
53.259999999999295,18.801412737980545
53.27999999999929,14.152922762526881
53.29999999999929,9.5226210492236
53.31999999999929,2.5661965068555865
53.33999999999929,24.808571516147655
53.35999999999929,16.84177623657871
53.379999999999285,17.29287587024712
53.39999999999929,18.422283417670137
53.41999999999929,14.678072398629928
53.43999999999929,25.320845492721197
53.45999999999928,12.894319623945531
53.479999999999286,30.260873674573503
53.49999999999929,23.176401952233064
53.519999999999285,11.574212749284328
53.53999999999928,16.303773940602092
53.559999999999285,16.036863974369172
53.57999999999929,25.850102362215445
53.599999999999284,14.925700938294261
53.61999999999928,22.169243771741833
53.63999999999928,31.831844537450966
53.659999999999286,24.509503194309843
53.67999999999928,23.96793682463241
53.69999999999928,7.881488129695004
53.71999999999928,17.67476341923207
53.739999999999284,12.236756014076445
53.75999999999928,7.515442152819187
53.779999999999276,0.8717102425270546
53.79999999999928,29.055149871663474
53.81999999999928,21.537801529102758
53.83999999999928,11.479682847833278
53.859999999999275,18.910032607667652
53.87999999999928,31.831700436790797
53.89999999999928,36.956432887676996
53.91999999999928,29.876425842105476
53.93999999999927,14.03617068478038
53.959999999999276,7.608279807153661
53.97999999999928,14.663087356695966
53.999999999999275,24.195464111648413
54.01999999999927,20.863650293646185
54.039999999999274,10.997508377851712
54.05999999999928,13.3373735957436
54.07999999999927,20.044303222882316
54.09999999999927,17.252857673448702
54.11999999999927,18.431088115923608
54.139999999999276,25.65374226113172
54.15999999999927,28.20090715234319
54.17999999999927,20.858971224628153
54.19999999999927,15.565785454356135
54.219999999999274,17.348801432338917
54.23999999999927,17.0664418267178
54.259999999999266,9.747809655835793
54.27999999999927,11.392231406063472
54.29999999999927,26.938247724411248
54.31999999999927,0.9977840008057512
54.339999999999264,15.845051144295812
54.35999999999927,19.454754326607162
54.37999999999927,20.256107512566928
54.39999999999927,14.886308853662712
54.41999999999926,11.93918374869842
54.439999999999266,34.553556580278965
54.45999999999927,23.15851701118322
54.479999999999265,22.086081068758904
54.49999999999926,11.5207319871334
54.519999999999264,24.946018868738015
54.53999999999927,24.875247352162127
54.55999999999926,17.44668349933337
54.57999999999926,15.54832156025539
54.59999999999926,22.129347929967505
54.619999999999266,35.69250681079314
54.63999999999926,18.068928469861905
54.65999999999926,24.063074502540154
54.67999999999926,22.220229704933793
54.699999999999264,28.62748877918945
54.71999999999926,14.781553519291466
54.739999999999256,22.86560619949333
54.75999999999926,23.205968061948298
54.77999999999926,30.371663856550665
54.79999999999926,26.879619241295213
54.819999999999254,13.102379001544723
54.83999999999926,25.769210435832846
54.85999999999926,0.0
54.87999999999926,13.962334724235056
54.89999999999925,21.689770215456956
54.919999999999256,15.869456881366599
54.93999999999926,29.60654412080556
54.959999999999255,1.1159719804333257
54.97999999999925,21.086553857946257
54.999999999999254,12.252175457162224
55.01999999999926,15.591763691308849
55.03999999999925,21.952785964975106
55.05999999999925,14.078962696185918
55.07999999999925,31.127892340731165
55.099999999999255,16.90239503241326
55.11999999999925,12.636724411709594
55.13999999999925,17.03071334322088
55.15999999999925,15.381388172051482
55.179999999999254,32.67028401791883
55.19999999999925,22.10063887618734
55.219999999999246,15.676661432687986
55.23999999999925,19.180411052066468
55.25999999999925,21.172250077953034
55.27999999999925,13.269064430697362
55.299999999999244,25.22537118380049
55.31999999999925,19.133493303874776
55.33999999999925,17.683129896194636
55.359999999999246,20.08773975538258
55.37999999999924,21.25985987186994
55.399999999999245,24.796630238159114
55.41999999999925,26.48984658728046
55.439999999999245,28.616809096591375
55.45999999999924,28.573217764300225
55.479999999999244,13.417598881427189
55.49999999999925,12.826759974667686
55.51999999999924,12.043342914664109
55.53999999999924,19.74464772066034
55.55999999999924,16.2323493272849
55.579999999999245,14.557624914852239
55.59999999999924,26.34835174540663
55.61999999999924,14.54218363825871
55.63999999999924,20.157237879491095
55.65999999999924,33.83385686764467
55.67999999999924,13.737725694846606
55.699999999999235,17.38840353449967
55.71999999999924,5.610080666397755
55.73999999999924,32.46825406847216
55.75999999999924,13.577132483692683
55.779999999999234,11.090728153273002
55.79999999999924,33.7618546817798
55.81999999999924,24.795219457878357
55.839999999999236,16.684983849612642
55.85999999999923,20.293290825062254
55.879999999999235,15.570372253926458
55.89999999999924,25.6035379177282
55.919999999999234,7.297038529220812
55.93999999999923,11.744160869330832
55.95999999999923,28.3901711533978
55.97999999999924,20.97998859759229
55.99999999999923,11.259109227718413
56.01999999999923,17.34722984594587
56.03999999999923,14.920974720047498
56.059999999999235,8.149770341318893
56.07999999999923,9.425889293146573
56.09999999999923,21.70409012493536
56.11999999999923,14.31546837864205
56.13999999999923,20.997785267399834
56.15999999999923,26.997651570777247
56.179999999999225,14.271321884208184
56.19999999999923,12.1537157407483
56.21999999999923,5.753587655011424
56.23999999999923,17.679706469748886
56.25999999999922,20.128552556944847
56.27999999999923,30.118167305560277
56.29999999999923,9.00716427051817
56.319999999999226,19.895825314739074
56.33999999999922,19.880092048914594
56.359999999999225,9.711953759328185
56.37999999999923,7.5816409061776735
56.399999999999224,26.432519469904772
56.41999999999922,12.09410270312672
56.43999999999922,25.722674535231313
56.459999999999226,22.390676339358425
56.47999999999922,19.94682910097954
56.49999999999922,36.64741735163168
56.51999999999922,33.22199766621027
56.539999999999225,27.3898221954897
56.55999999999922,14.133844258562135
56.57999999999922,24.51382764903876
56.59999999999922,10.963978698693728
56.61999999999922,36.70241833490751
56.63999999999922,11.02703389445985
56.659999999999215,26.917959927598268
56.67999999999922,21.41535107070782
56.69999999999922,25.468816690634846
56.71999999999922,13.428001182812096
56.73999999999921,16.61028303277222
56.759999999999216,25.01846203445124
56.77999999999922,29.576631178971887
56.799999999999216,33.64701904392827
56.81999999999921,29.612117477255058
56.839999999999215,25.94787460118224
56.85999999999922,26.041282560889933
56.879999999999214,15.418125682869858
56.89999999999921,26.170459357523015
56.91999999999921,20.871442391733872
56.939999999999216,9.467717438428458
56.95999999999921,12.909475073548798
56.97999999999921,41.88945694088774
56.99999999999921,27.560963182463396
57.019999999999214,13.901356603610822
57.03999999999921,20.174467009130456
57.05999999999921,5.819670075469883
57.07999999999921,20.93078076607427
57.09999999999921,14.635261274749823
57.11999999999921,25.62238115448709
57.139999999999205,9.251598504499569
57.15999999999921,17.218402090611228
57.17999999999921,22.964929478857425
57.19999999999921,24.372315151900235
57.2199999999992,11.707487711966234
57.239999999999206,24.746776001254016
57.25999999999921,21.651299262999117
57.279999999999205,5.813784182015986
57.2999999999992,20.915199473319692
57.319999999999204,27.12582253560732
57.33999999999921,35.95125167049935
57.359999999999204,30.163181229050263
57.3799999999992,20.33791951798383
57.3999999999992,20.45488406048628
57.419999999999206,9.816717639454456
57.4399999999992,22.15512738104433
57.4599999999992,18.464832556498365
57.4799999999992,16.319610868229418
57.499999999999204,29.005890457964554
57.5199999999992,21.934949882221577
57.539999999999196,9.780779057427035
57.5599999999992,16.52894751121936
57.5799999999992,32.31317597404897
57.5999999999992,15.348318692959833
57.619999999999195,21.722342047600513
57.6399999999992,35.74307923909858
57.6599999999992,26.681170315824584
57.6799999999992,24.74222467640942
57.69999999999919,7.351118727148428
57.719999999999196,20.772534001232128
57.7399999999992,10.948097068159203
57.759999999999195,12.570770588834382
57.77999999999919,15.063547651214995
57.799999999999194,10.176611024847466
57.8199999999992,13.317846160087464
57.83999999999919,36.18462585612764
57.85999999999919,6.486405516800868
57.87999999999919,16.52533524418487
57.899999999999196,24.335454714541676
57.91999999999919,25.193296069839157
57.93999999999919,8.09011576237644
57.95999999999919,23.865558254901366
57.979999999999194,17.743624702570145
57.99999999999919,27.35430042956721
58.019999999999186,26.352769959988834
58.03999999999919,20.181040122034126
58.05999999999919,20.236627666874234
58.07999999999919,2.220354843374267
58.099999999999184,29.387583346138285
58.11999999999919,19.580670725193986
58.13999999999919,7.985528285372036
58.15999999999919,10.207508893687528
58.17999999999918,18.99584730653985
58.199999999999186,22.305081713642537
58.21999999999919,11.749962909247945
58.239999999999185,8.82211165207649
58.25999999999918,12.746118936114488
58.279999999999184,18.78956288355296
58.29999999999919,20.6745294817219
58.31999999999918,22.72785999645832
58.33999999999918,3.8626018598341645
58.35999999999918,18.293800194525257
58.379999999999185,26.027967577266907
58.39999999999918,22.84801891487018
58.41999999999918,12.101747129549572
58.43999999999918,10.437569079172906
58.459999999999184,19.530364988916546
58.47999999999918,9.684477689622751
58.499999999999176,30.86915401879171
58.51999999999918,17.422103611469662
58.53999999999918,22.61489844115084
58.55999999999918,0.0
58.579999999999174,13.729493373122057
58.59999999999918,33.516276718069896
58.61999999999918,16.726447293239595
58.639999999999176,7.675444358112372
58.65999999999917,17.510987447285302
58.679999999999175,7.031573080065435
58.69999999999918,36.68228456702369
58.719999999999175,32.21766187671541
58.73999999999917,18.407025971864055
58.759999999999174,33.95289186627502
58.77999999999918,12.210361495885229
58.79999999999917,28.49574794680695
58.81999999999917,16.118673175921856
58.83999999999917,25.011101033699376
58.859999999999175,19.26338880997956
58.87999999999917,22.287719236308952
58.89999999999917,6.821280178476464
58.91999999999917,9.819742429565427
58.93999999999917,35.95535462657443
58.95999999999917,16.062046488536467
58.979999999999166,17.36002089965454
58.99999999999917,16.208938346758313
59.01999999999917,0.0
59.03999999999917,11.085330583884815
59.059999999999164,9.039485000996445
59.07999999999917,23.4103556578927
59.09999999999917,28.94097298701969
59.119999999999166,24.1205727226668
59.13999999999916,20.86195534007136
59.159999999999165,15.58523855664662
59.17999999999917,30.603641429638543
59.199999999999164,25.69794375892205
59.21999999999916,21.00553417551105
59.23999999999916,15.824511135494484
59.25999999999917,21.76105862481422
59.27999999999916,32.648232705490486
59.29999999999916,30.895452739379945
59.31999999999916,15.326962947008814
59.339999999999165,26.66480939085773
59.35999999999916,26.68414075472846
59.37999999999916,7.864988183693896
59.39999999999916,30.06772644708102
59.41999999999916,33.10510813885574
59.43999999999916,12.472357726315604
59.459999999999155,14.92859778045436
59.47999999999916,17.174616417364287
59.49999999999916,27.552337358634627
59.51999999999916,2.696663240352084
59.539999999999154,34.09639003897949
59.55999999999916,14.527044258108475
59.57999999999916,6.958771154208488
59.599999999999156,15.38515319399429
59.61999999999915,5.854186911868236
59.639999999999155,22.78315483889808
59.65999999999916,8.381944108386278
59.679999999999154,17.359528209716274
59.69999999999915,32.159859634876085
59.71999999999915,9.039385839741263
59.739999999999156,13.23307159521039
59.75999999999915,16.83339991532934
59.77999999999915,10.202140150109535
59.79999999999915,16.698041256079936
59.819999999999155,29.709931709685424
59.83999999999915,20.30271807909641
59.85999999999915,31.114187606092806
59.87999999999915,5.50497008259115
59.89999999999915,13.247246875946907
59.91999999999915,24.03339880470286
59.939999999999145,25.198065356405216
59.95999999999915,23.856046446824003
59.97999999999915,32.98215058775983
59.99999999999915,23.304169631170904
60.01999999999914,27.315313973528976
60.03999999999915,24.00832172728114
60.05999999999915,29.57200047612568
60.079999999999146,23.92678246072434
60.09999999999914,5.198226106707155
60.119999999999145,16.93362223273212
60.13999999999915,25.00058078755265
60.159999999999144,16.58248201439241
60.17999999999914,5.848472999282613
60.19999999999914,15.928102970724307
60.219999999999146,20.784028337914428
60.23999999999914,23.666389699214257
60.25999999999914,27.882384378142536
60.27999999999914,19.325480902921235
60.299999999999145,30.449346572657845
60.31999999999914,12.824993584470434
60.33999999999914,16.711456631555137
60.35999999999914,21.071765718787834
60.37999999999914,12.418556050512432
60.39999999999914,7.782985639665483
60.419999999999135,34.26228375225435
60.43999999999914,20.298060987136402
60.45999999999914,32.083332825120394
60.47999999999914,20.535563764714013
60.49999999999913,19.880518883550625
60.519999999999136,18.529939217333663
60.53999999999914,14.277404983237775
60.559999999999135,14.83753955916179
60.57999999999913,34.05838003750548
60.599999999999135,16.588746153323612
60.61999999999914,14.195049432285462
60.639999999999134,13.497575373427257
60.65999999999913,10.92662128724537
60.67999999999913,19.082540221711973
60.699999999999136,30.15737101518936
60.71999999999913,16.285715805160372
60.73999999999913,38.454423623286104
60.75999999999913,23.647524870118357
60.779999999999134,13.154727265929544
60.79999999999913,11.30261150567417
60.819999999999126,9.901670644955962
60.83999999999913,19.802918120908334
60.85999999999913,14.860354503559753
60.87999999999913,14.723704669706054
60.899999999999125,19.590894488369187
60.91999999999913,16.089520555284903
60.93999999999913,38.587632837331654
60.95999999999913,18.496910214021757
60.97999999999912,21.752855247853347
60.999999999999126,33.010186146786594
61.01999999999913,18.204453183974053
61.039999999999125,15.997110727278333
61.05999999999912,7.969154980014903
61.079999999999124,21.552433017963203
61.09999999999913,17.628356037421483
61.11999999999912,33.24335113968654
61.13999999999912,10.11325290484039
61.15999999999912,17.970610918435728
61.179999999999126,23.013714016434818
61.19999999999912,16.065230946258147
61.21999999999912,15.07582790631606
61.23999999999912,6.715006144273989
61.259999999999124,12.695731518997984
61.27999999999912,30.052822782223018
61.299999999999116,24.55336170626165
61.31999999999912,16.410452873184113
61.33999999999912,7.806947899127019
61.35999999999912,20.026103090948517
61.379999999999114,21.76007805376118
61.39999999999912,10.039499912826649
61.41999999999912,33.2843426040338
61.43999999999912,14.787007246270853
61.45999999999911,16.41970072012109
61.479999999999116,33.34326727599373
61.49999999999912,3.3671941402416223
61.519999999999115,21.787804834557004
61.53999999999911,24.2427729679973
61.559999999999114,16.572224273012434
61.57999999999912,28.87067864601065
61.59999999999911,28.124894143441804
61.61999999999911,14.836942974651098
61.63999999999911,15.46732244085899
61.659999999999116,26.9873296267495
61.67999999999911,17.772443549334316
61.69999999999911,8.193188894720496
61.71999999999911,19.41573395529116
61.739999999999114,33.114591695287004
61.75999999999911,0.0
61.779999999999106,28.3981567715512
61.79999999999911,22.781208489835095
61.81999999999911,24.96049608400302
61.83999999999911,23.61625419623503
61.859999999999104,28.131790567341042
61.87999999999911,12.965313147245515
61.89999999999911,27.61510763180014
61.919999999999106,22.636126383375657
61.9399999999991,8.378700130268411
61.959999999999106,18.01026660708645
61.97999999999911,21.894947661966288
61.999999999999105,15.266333729303913
62.0199999999991,10.16044403755912
62.039999999999104,24.79139106894369
62.05999999999911,2.0583538142877664
62.0799999999991,28.301959577121224
62.0999999999991,20.02763238786647
62.1199999999991,35.136258542733394
62.139999999999105,26.175886206944167
62.1599999999991,31.83757354234186
62.1799999999991,24.058573572829324
62.1999999999991,23.07245388586567
62.219999999999104,13.165668754724987
62.2399999999991,21.914939142643608
62.259999999999096,33.42326002912489
62.2799999999991,10.04758205556372
62.2999999999991,22.886042960884215
62.3199999999991,29.876285910917346
62.339999999999094,14.82759219234908
62.3599999999991,12.354624906400682
62.3799999999991,17.311910362809417
62.399999999999096,19.781240554498968
62.41999999999909,23.339822526844696
62.439999999999095,23.094341218069978
62.4599999999991,17.922718928041633
62.479999999999094,20.84511672898551
62.49999999999909,20.412915688193067
62.519999999999094,21.875573855593814
62.5399999999991,13.897002616972816
62.55999999999909,19.55731035171618
62.57999999999909,8.80927962288651
62.59999999999909,29.146993771829386
62.619999999999095,36.25234375973013
62.63999999999909,4.128052194078798
62.65999999999909,13.489878618565028
62.67999999999909,29.916148369534167
62.69999999999909,29.1426792188284
62.71999999999909,40.76440854849124
62.739999999999085,38.1209062206995
62.75999999999909,43.469532476374326
62.77999999999909,58.76662595422165
62.79999999999909,70.32939264789601
62.819999999999084,69.8252777540169
62.83999999999909,100.03288332574633
62.85999999999909,135.69693612988974
62.879999999999086,162.22709136567732
62.89999999999908,208.51442989882537
62.919999999999085,218.75105748803813
62.93999999999909,262.8840435283241
62.959999999999084,306.12138878600325
62.97999999999908,320.1285561678803
62.99999999999908,343.17142933979835
63.01999999999909,350.5629224357841
63.03999999999908,346.7439668786651
63.05999999999908,336.94243332419245
63.07999999999908,326.7324826135976
63.099999999999085,308.2577517492192
63.11999999999908,281.6664396158558
63.13999999999908,239.29092384423254
63.15999999999908,201.2648455564651
63.17999999999908,182.76910355231018
63.19999999999908,153.75231121813516
63.219999999999075,127.97293301820498
63.23999999999908,104.30257002773259
63.25999999999908,68.74118612326366
63.27999999999908,58.307391272555975
63.29999999999907,51.52027748347163
63.31999999999908,45.515527779468485
63.33999999999908,45.7579458320193
63.359999999999076,31.188335141349608
63.37999999999907,30.719617781664994
63.399999999999075,23.94200369157893
63.41999999999908,25.389360506964227
63.439999999999074,10.748002370019977
63.45999999999907,25.837041707058958
63.47999999999907,16.75549253299759
63.499999999999076,26.994959004039103
63.51999999999907,12.954758839053067
63.53999999999907,16.969170106791736
63.55999999999907,25.73749441636524
63.579999999999075,19.733364509277358
63.59999999999907,28.833947948715227
63.61999999999907,18.90140062938051
63.63999999999907,15.688842387911212
63.65999999999907,14.891770406573434
63.67999999999907,23.758936835453323
63.699999999999065,14.819139039482817
63.71999999999907,30.366737058538465
63.73999999999907,19.244544311156208
63.75999999999907,28.400970695276143
63.77999999999906,20.91317413198097
63.799999999999066,23.79753755462388
63.81999999999907,10.335245796556162
63.839999999999065,26.106992364340645
63.85999999999906,37.59591533625498
63.879999999999065,8.1842645839788
63.89999999999907,7.379689988761269
63.919999999999064,6.606828224066936
63.93999999999906,25.44986068286761
63.95999999999906,13.756882074789374
63.979999999999066,12.296995737275783
63.99999999999906,26.605630843083535
64.01999999999906,16.59778807939683
64.03999999999905,31.444814194309238
64.05999999999906,16.534045674318037
64.07999999999906,11.703683956482708
64.09999999999906,19.59004071075786
64.11999999999907,8.593785295874103
64.13999999999906,5.7042996662795655
64.15999999999906,19.27814930639863
64.17999999999905,41.96554087829328
64.19999999999905,21.618913681213446
64.21999999999906,8.810278215282114
64.23999999999906,18.806331709860793
64.25999999999905,31.297447729267727
64.27999999999906,26.075327279820453
64.29999999999906,27.193775551500437
64.31999999999906,25.92464033569138
64.33999999999905,18.98889630969824
64.35999999999905,27.992832621143243
64.37999999999906,17.835651874622044
64.39999999999905,22.68838561404733
64.41999999999905,11.841428643648483
64.43999999999906,25.79173054144308
64.45999999999906,26.57503591317365
64.47999999999905,31.67750312712817
64.49999999999905,23.780976559834663
64.51999999999904,26.286367353561552
64.53999999999905,18.040638605908132
64.55999999999905,18.057030487837473
64.57999999999905,19.628244571565936
64.59999999999906,23.98594268219775
64.61999999999905,5.021925458509173
64.63999999999905,12.038513107243858
64.65999999999904,14.892738780017538
64.67999999999904,13.769793030385816
64.69999999999905,13.284885860478589
64.71999999999905,22.841485282371597
64.73999999999904,11.092026488443286
64.75999999999905,21.97318121874776
64.77999999999905,33.56416914679885
64.79999999999905,17.396710506671212
64.81999999999904,25.59479505470639
64.83999999999904,36.015309866591494
64.85999999999905,24.974364801016527
64.87999999999904,22.75178654990605
64.89999999999904,24.981462608678417
64.91999999999905,15.468933787888584
64.93999999999905,15.124572477744394
64.95999999999904,13.796229886122557
64.97999999999904,20.313273195235364
64.99999999999903,18.007162550473318
65.01999999999904,39.649164701394966
65.03999999999904,15.30061364988426
65.05999999999904,19.575344710608768
65.07999999999905,15.120056412734373
65.09999999999904,17.58893744720985
65.11999999999904,33.35299132703308
65.13999999999903,38.21270190494357
65.15999999999903,11.230704093266976
65.17999999999904,17.93172692962957
65.19999999999904,17.259920464092286
65.21999999999903,28.948312076938073
65.23999999999904,32.93133961288795
65.25999999999904,26.49152766168786
65.27999999999903,39.62295068512536
65.29999999999903,17.614793210594136
65.31999999999903,25.286534338025962
65.33999999999904,31.16173695169116
65.35999999999903,13.652337405107922
65.37999999999903,17.950932886040516
65.39999999999904,22.59449591748364
65.41999999999904,25.50989945155486
65.43999999999903,30.24947232098066
65.45999999999903,12.116913609895494
65.47999999999902,29.868030563069148
65.49999999999903,30.56883409021507
65.51999999999903,21.296497256069017
65.53999999999903,18.624065175669326
65.55999999999904,21.068168298925656
65.57999999999903,22.024565195551265
65.59999999999903,30.70425138982384
65.61999999999902,22.152641163189223
65.63999999999902,15.588653430113048
65.65999999999903,27.19131207051042
65.67999999999903,15.425248052161503
65.69999999999902,9.591838505768798
65.71999999999903,33.60725537521344
65.73999999999903,14.409985430096684
65.75999999999902,19.9394854870696
65.77999999999902,19.776724796032582
65.79999999999902,17.981974377067978
65.81999999999903,23.320567160949096
65.83999999999902,25.270802851381358
65.85999999999902,20.551094861616942
65.87999999999903,33.07931005067259
65.89999999999903,27.64837572589301
65.91999999999902,27.35416866218516
65.93999999999902,25.595601611554454
65.95999999999901,7.34511076277407
65.97999999999902,14.640794279444211
65.99999999999902,27.463653812030042
66.01999999999902,20.355566074943546
66.03999999999903,19.252084894233725
66.05999999999902,25.0722353519591
66.07999999999902,12.422416725715287
66.09999999999901,23.46655437460752
66.11999999999901,1.5755064619954595
66.13999999999902,12.209807238347006
66.15999999999902,20.676204234190056
66.17999999999901,18.286990418638638
66.19999999999902,9.256241133633093
66.21999999999902,18.473415884960914
66.23999999999901,5.148101479766904
66.25999999999901,14.707933507217021
66.279999999999,33.18546161930634
66.29999999999902,19.278042447770023
66.31999999999901,34.53472076156951
66.33999999999901,19.408626112989417
66.35999999999902,14.033961861100671
66.37999999999901,16.584748600993596
66.39999999999901,21.01240167231928
66.419999999999,17.6603414430062
66.439999999999,28.11475271053579
66.45999999999901,24.46294997754624
66.47999999999901,20.415267418642888
66.499999999999,14.983331750844055
66.51999999999902,24.024548979517533
66.53999999999901,17.93764677899916
66.55999999999901,39.32002037592974
66.579999999999,13.847413197862906
66.599999999999,0.32453563066155766
66.61999999999901,34.659901559614575
66.639999999999,19.838425789232385
66.659999999999,24.627684723870942
66.67999999999901,34.69147611071888
66.69999999999901,17.72411635652856
66.719999999999,25.446955573403795
66.739999999999,31.983127649914437
66.759999999999,23.84034485998958
66.779999999999,14.141797325167643
66.799999999999,25.553277028973483
66.819999999999,12.879258409218433
66.83999999999901,18.567224252107096
66.859999999999,12.773537888900885
66.879999999999,18.983123041317416
66.899999999999,8.92264783902608
66.91999999999899,23.691268882171887
66.939999999999,16.888381949872215
66.959999999999,28.616927247835257
66.979999999999,20.63912121648701
66.999999999999,17.852096737536392
67.019999999999,35.48864927547428
67.039999999999,2.3787789979281335
67.059999999999,5.273174474408092
67.07999999999899,12.004280034086104
67.099999999999,21.964237584052334
67.119999999999,29.309320019735654
67.13999999999899,28.426881188475402
67.159999999999,15.507676454818263
67.179999999999,21.908068454853584
67.199999999999,15.960822573199625
67.21999999999899,19.32275659803669
67.23999999999899,34.33130799741988
67.259999999999,14.95076592464508
67.27999999999899,11.929453594748377
67.29999999999899,25.600393226546394
67.319999999999,19.692059785162126
67.339999999999,27.199603483178414
67.35999999999899,31.05536603214391
67.37999999999899,20.257569108485885
67.39999999999898,2.6436049012955927
67.41999999999899,21.051911796824214
67.43999999999899,28.414575821139884
67.45999999999898,22.085099004951676
67.479999999999,5.495701967004578
67.49999999999899,21.09633876739944
67.51999999999899,34.96992825186324
67.53999999999898,20.04785840838373
67.55999999999898,27.42386083366329
67.57999999999899,22.954125034863374
67.59999999999899,18.91639121540519
67.61999999999898,6.88493549034837
67.63999999999899,19.980095647985404
67.65999999999899,5.516198552001374
67.67999999999898,14.69750015406424
67.69999999999898,20.92695659133646
67.71999999999898,37.31463040106177
67.73999999999899,36.883094576967004
67.75999999999898,14.060912592047199
67.77999999999898,10.479665141110285
67.79999999999899,14.831398678352654
67.81999999999898,21.746592275104078
67.83999999999898,27.17024824223504
67.85999999999898,19.528766366331244
67.87999999999897,5.317661190374091
67.89999999999898,8.409918697360713
67.91999999999898,20.46662656360886
67.93999999999897,13.942991967953866
67.95999999999898,17.263754154668852
67.97999999999898,29.35148432920437
67.99999999999898,22.339483074928562
68.01999999999897,20.63839262707198
68.03999999999897,10.020506963663944
68.05999999999898,29.551097251412287
68.07999999999898,14.01039680623855
68.09999999999897,7.6239765178066605
68.11999999999898,7.631970926219822
68.13999999999898,18.408721949354753
68.15999999999897,24.08557497964138
68.17999999999897,17.893800148155243
68.19999999999897,24.684779966847763
68.21999999999898,25.385150014515535
68.23999999999897,29.425132831777546
68.25999999999897,21.166012199182195
68.27999999999898,14.302530235389304
68.29999999999897,18.885005368030146
68.31999999999897,11.956128073728602
68.33999999999897,18.164330445831734
68.35999999999896,24.45268819389011
68.37999999999897,9.995413643343307
68.39999999999897,22.969352054089956
68.41999999999896,18.30807495653068
68.43999999999897,29.398641333858045
68.45999999999897,16.126881803685126
68.47999999999897,24.07882170847431
68.49999999999896,22.0024673960196
68.51999999999896,11.280678674226765
68.53999999999897,15.566198437209515
68.55999999999896,27.10877364422488
68.57999999999896,36.002972829505985
68.59999999999897,18.200937130592887
68.61999999999897,16.751130148028658
68.63999999999896,20.427030417045067
68.65999999999896,25.11904084833823
68.67999999999896,11.824754672038853
68.69999999999897,14.942520482323332
68.71999999999896,27.18796242392549
68.73999999999896,19.79570344038167
68.75999999999897,16.945743028908282
68.77999999999896,28.153265200750855
68.79999999999896,4.665232973964546
68.81999999999896,31.767594291542824
68.83999999999895,35.80902059026483
68.85999999999896,32.24718365517448
68.87999999999896,35.86226733741158
68.89999999999895,21.12995392940631
68.91999999999896,30.98455473657763
68.93999999999896,31.592201198282574
68.95999999999896,29.287998946465
68.97999999999895,19.807848038461227
68.99999999999895,13.153706696112529
69.01999999999896,19.222557680445913
69.03999999999895,4.668546920148815
69.05999999999895,11.3350776520962
69.07999999999896,19.741071215178255
69.09999999999896,21.900797569867073
69.11999999999895,25.716883727313338
69.13999999999895,21.88719438752914
69.15999999999894,19.63920613280675
69.17999999999896,18.22828901158152
69.19999999999895,17.66310918249534
69.21999999999895,22.746781826883762
69.23999999999896,13.414373251874432
69.25999999999895,31.61667991034254
69.27999999999895,17.45189044544782
69.29999999999895,14.964865574386796
69.31999999999894,14.706750671794943
69.33999999999895,18.040889001127137
69.35999999999895,20.91625475927806
69.37999999999894,11.749094066798817
69.39999999999895,15.005349358168274
69.41999999999895,14.572716601670699
69.43999999999895,11.481387850431496
69.45999999999894,9.817256676993596
69.47999999999894,15.443931246857392
69.49999999999895,24.315413521960174
69.51999999999894,40.95758568988565
69.53999999999894,35.9457660959351
69.55999999999895,8.233802692251825
69.57999999999895,23.142245830287425
69.59999999999894,27.950804065626293
69.61999999999894,16.977904823675818
69.63999999999893,10.610418957401047
69.65999999999894,32.43860345021224
69.67999999999894,26.23354312948598
69.69999999999894,16.293736060474366
69.71999999999895,19.630812074818863
69.73999999999894,3.9028281005113215
69.75999999999894,32.92744362700393
69.77999999999894,25.11501291500006
69.79999999999893,18.211983443718765
69.81999999999894,21.499870386349194
69.83999999999894,10.7939277394968
69.85999999999893,15.22645143578924
69.87999999999894,20.909210563528074
69.89999999999894,32.79798533977042
69.91999999999894,20.84680170866368
69.93999999999893,15.421572703132796
69.95999999999893,12.295272435271924
69.97999999999894,17.02603556302281
69.99999999999893,0.0
70.01999999999893,21.104476267270176
70.03999999999894,31.208024112278654
70.05999999999894,14.330148767358587
70.07999999999893,22.69058197360024
70.09999999999893,23.407008301393574
70.11999999999892,26.31653761078531
70.13999999999893,18.746875910075563
70.15999999999893,27.24490888768806
70.17999999999893,7.872561501451777
70.19999999999894,16.283787207178783
70.21999999999893,24.142842854886265
70.23999999999893,26.60745386243856
70.25999999999893,21.869344238212907
70.27999999999892,22.600949927768795
70.29999999999893,22.968941583682867
70.31999999999893,24.60552045577389
70.33999999999892,41.24792839222944
70.35999999999893,20.46927576545132
70.37999999999893,14.454982906098454
70.39999999999893,15.091285561393013
70.41999999999892,21.236857237900313
70.43999999999892,14.916979995257389
70.45999999999893,29.185007040574696
70.47999999999892,15.003928337527267
70.49999999999892,22.342199603123674
70.51999999999893,21.57743521705285
70.53999999999893,42.52129003535797
70.55999999999892,32.19204526017513
70.57999999999892,17.60897322893675
70.59999999999891,41.6511124354863
70.61999999999892,9.968174916510794
70.63999999999892,22.955627904345555
70.65999999999892,17.956071990580593
70.67999999999893,23.165895219175717
70.69999999999892,30.291478929952397
70.71999999999892,24.21210975238445
70.73999999999891,12.627939770628796
70.75999999999891,21.762322043578127
70.77999999999892,18.406447356278687
70.79999999999892,26.014098469331067
70.81999999999891,37.789345653998424
70.83999999999892,29.044427480605474
70.85999999999892,29.796702887257688
70.87999999999892,21.129977526327245
70.89999999999891,9.924031882232777
70.91999999999891,26.805654593544535
70.93999999999892,30.739332629293088
70.95999999999891,26.831313094540235
70.97999999999891,32.643057274506766
70.99999999999892,24.933880099085044
71.01999999999892,25.79836929652811
71.03999999999891,22.012508552168132
71.05999999999891,18.040112478539598
71.0799999999989,15.638116853973727
71.09999999999891,16.890264805168908
71.11999999999891,13.030033835771402
71.1399999999989,0.0
71.15999999999892,22.31919833211276
71.17999999999891,20.519085779778198
71.19999999999891,26.714457696955808
71.2199999999989,16.502996203227344
71.2399999999989,18.845097185933454
71.25999999999891,29.60006421892008
71.2799999999989,20.76507100109109
71.2999999999989,34.49464010656328
71.31999999999891,7.431363907417289
71.33999999999891,20.278641610454972
71.3599999999989,0.0
71.3799999999989,31.68864974368659
71.3999999999989,7.625838911841221
71.41999999999891,7.949110782638268
71.4399999999989,21.139953973983072
71.4599999999989,22.254939769414595
71.47999999999891,31.869773334408887
71.4999999999989,18.637193047973916
71.5199999999989,28.817343394374582
71.5399999999989,25.915800329378953
71.5599999999989,19.992545146770794
71.5799999999989,27.342374095417192
71.5999999999989,30.529346419943796
71.6199999999989,25.029944437903954
71.6399999999989,24.329971291632035
71.6599999999989,22.455217946329594
71.6799999999989,7.646850560685111
71.6999999999989,20.974679632724765
71.71999999999889,10.088150178802854
71.7399999999989,19.62558970422384
71.7599999999989,19.460534767343624
71.77999999999889,28.687168228638107
71.7999999999989,22.515595466229218
71.8199999999989,26.05096010874858
71.8399999999989,23.682921012263037
71.85999999999889,19.179285331328625
71.87999999999889,13.24449681951598
71.8999999999989,9.218897147946873
71.9199999999989,3.264136601403017
71.93999999999889,12.214188257455785
71.9599999999989,18.75055499766429
71.9799999999989,22.64961875107064
71.99999999999889,23.480490669069027
72.01999999999889,20.81384204074468
72.03999999999888,24.88689753473557
72.0599999999989,30.87977057989282
72.07999999999889,26.258166824518852
72.09999999999889,18.201247070860063
72.1199999999989,17.039488987099787
72.13999999999889,24.958223869013082
72.15999999999889,19.081404937792403
72.17999999999888,22.83239141794175
72.19999999999888,12.420062101882746
72.21999999999889,14.972919017425387
72.23999999999889,14.252282183791806
72.25999999999888,33.2526307518686
72.27999999999889,22.553998408166112
72.29999999999889,8.313139133222284
72.31999999999888,23.89459070404425
72.33999999999888,15.997482915473967
72.35999999999888,24.115139978946587
72.37999999999889,22.112134348294845
72.39999999999888,21.427287819160075
72.41999999999888,9.407127225583674
72.43999999999889,21.18382042639072
72.45999999999889,20.78887335849466
72.47999999999888,26.469492791782194
72.49999999999888,14.09234501423912
72.51999999999887,29.737191104027843
72.53999999999888,22.79066212888501
72.55999999999888,28.689900284329894
72.57999999999888,16.33038168690636
72.59999999999889,29.497159674951263
72.61999999999888,29.465660086395964
72.63999999999888,15.659393662418513
72.65999999999887,18.898752134276236
72.67999999999887,19.476200430876187
72.69999999999888,8.656972246582118
72.71999999999888,25.54570259528715
72.73999999999887,10.762298354902162
72.75999999999888,23.33884971053163
72.77999999999888,11.97725674641148
72.79999999999887,21.932353104581125
72.81999999999887,17.658384064108066
72.83999999999887,7.625457006598241
72.85999999999888,19.269345929006185
72.87999999999887,27.471409694738504
72.89999999999887,7.992818494412575
72.91999999999888,23.117217803582886
72.93999999999888,39.451550664150304
72.95999999999887,24.469742810850644
72.97999999999887,11.670382679678955
72.99999999999886,26.088462115264775
73.01999999999887,17.441575549957605
73.03999999999887,20.49343057477624
73.05999999999887,12.809897621770833
73.07999999999888,13.061602066369371
73.09999999999887,1.0805785484966322
73.11999999999887,8.222585775922669
73.13999999999886,28.45685219409752
73.15999999999886,24.04687320536938
73.17999999999887,20.666417060403322
73.19999999999887,23.106754670540166
73.21999999999886,17.761304346121513
73.23999999999887,14.813461787456502
73.25999999999887,24.74351443610227
73.27999999999886,20.97929066246387
73.29999999999886,9.777250476710517
73.31999999999886,18.933442100613156
73.33999999999887,17.741811273418953
73.35999999999886,18.727161055021295
73.37999999999886,18.3784381933291
73.39999999999887,30.084783290997425
73.41999999999886,3.687072960517863
73.43999999999886,20.633136790956424
73.45999999999886,30.92218145502161
73.47999999999885,13.402560254558512
73.49999999999886,9.65441164191911
73.51999999999886,20.223555459585057
73.53999999999886,12.766686396458987
73.55999999999887,13.387698824257104
73.57999999999886,10.964584596732944
73.59999999999886,24.11075657473439
73.61999999999885,17.233828560526288
73.63999999999885,12.67003830965374
73.65999999999886,16.517650991559474
73.67999999999886,10.683814520396972
73.69999999999885,31.75931243525951
73.71999999999886,23.62904032250276
73.73999999999886,24.884617872657977
73.75999999999885,7.01525504633387
73.77999999999885,15.407558446976953
73.79999999999885,21.703337334882445
73.81999999999886,21.31887479116809
73.83999999999885,29.334548522573535
73.85999999999885,11.440105736914578
73.87999999999886,18.117790788677212
73.89999999999885,5.786087264007209
73.91999999999885,27.752211344701017
73.93999999999885,8.361634696169686
73.95999999999884,17.487806414924865
73.97999999999885,33.97114796717725
73.99999999999885,20.8267329601441
74.01999999999884,26.315959194152565
74.03999999999886,13.445739033497194
74.05999999999885,6.704959898293559
74.07999999999885,29.029792784630708
74.09999999999884,19.09834894399587
74.11999999999884,9.633231363889127
74.13999999999885,21.26275537070675
74.15999999999885,11.239570587861035
74.17999999999884,19.200817517183367
74.19999999999885,22.913734668537366
74.21999999999885,30.78188778637638
74.23999999999884,14.756304109543336
74.25999999999884,8.758463209364981
74.27999999999884,31.113539129352436
74.29999999999885,20.95589864793838
74.31999999999884,9.159571287852788
74.33999999999884,20.97994415568125
74.35999999999885,31.65900201619466
74.37999999999884,12.320358386569275
74.39999999999884,32.30582192408841
74.41999999999884,28.476002065356525
74.43999999999883,22.523019851364786
74.45999999999884,36.77766218839282
74.47999999999884,23.582277811007387
74.49999999999883,28.877862036822826
74.51999999999884,25.193173040032242
74.53999999999884,20.86433091519109
74.55999999999884,23.113659784108584
74.57999999999883,25.07276723728104
74.59999999999883,11.636365828936983
74.61999999999884,19.301220786384548
74.63999999999884,31.624656223397224
74.65999999999883,11.043499131723117
74.67999999999884,27.267841162503892
74.69999999999884,28.372381600278345
74.71999999999883,22.061375328364022
74.73999999999883,19.903062572379167
74.75999999999883,19.76301182037656
74.77999999999884,31.100847427929946
74.79999999999883,19.952825155554493
74.81999999999883,13.18376057232998
74.83999999999884,23.842357935867014
74.85999999999883,3.9959615285638996
74.87999999999883,15.845689616982122
74.89999999999883,16.319245196674075
74.91999999999882,28.367161417315742
74.93999999999883,21.413829730651077
74.95999999999883,12.883381540408308
74.97999999999882,10.455550514020649
74.99999999999883,27.335378040400578
75.01999999999883,13.243440275242016
75.03999999999883,17.8843256570288
75.05999999999882,27.507360928265832
75.07999999999882,15.312703167559949
75.09999999999883,29.411278179442355
75.11999999999883,9.121999343738105
75.13999999999882,24.557949790733016
75.15999999999883,12.583508277306308
75.17999999999883,28.388180903720617
75.19999999999882,26.725900605500804
75.21999999999882,24.769664845955415
75.23999999999882,17.531941340663597
75.25999999999883,24.25984480598354
75.27999999999882,21.71160329751387
75.29999999999882,26.12514184192962
75.31999999999883,42.5038667236235
75.33999999999882,56.839074852803556
75.35999999999882,50.27452557467126
75.37999999999882,88.7578737971179
75.39999999999881,118.42242571201751
75.41999999999882,138.5672354296936
75.43999999999882,172.2755853720125
75.45999999999881,211.8039262022301
75.47999999999882,255.62267380374854
75.49999999999882,292.5653876688154
75.51999999999882,327.2377934259321
75.53999999999881,357.1679236484136
75.55999999999881,390.0565788745518
75.57999999999882,412.6582255260562
75.59999999999881,422.51531610326356
75.61999999999881,431.4818154634898
75.63999999999882,399.1939875785643
75.65999999999882,387.315355839021
75.67999999999881,334.949537688577
75.69999999999881,314.2573436190698
75.7199999999988,269.4423635500973
75.73999999999882,248.03096030324502
75.75999999999881,194.81925668364406
75.77999999999881,155.38298487172386
75.79999999999882,124.77354923873696
75.81999999999881,117.60935947060923
75.83999999999881,78.42630555128046
75.8599999999988,70.2848919036049
75.8799999999988,40.751567166161735
75.89999999999881,49.128887747184784
75.91999999999881,30.07549801127197
75.9399999999988,33.67846473325061
75.95999999999881,33.21263876295015
75.97999999999881,32.36677673212047
75.9999999999988,30.690780204236244
76.0199999999988,22.015100197451265
76.0399999999988,9.73597483563459
76.05999999999881,15.28735827490079
76.0799999999988,17.943863655466707
76.0999999999988,15.421780642205553
76.11999999999881,17.90713429366601
76.1399999999988,31.575344570695748
76.1599999999988,19.20988802911131
76.1799999999988,16.816408228650868
76.1999999999988,20.639183943226424
76.2199999999988,8.213342162379977
76.2399999999988,19.57761758627822
76.2599999999988,19.012007489607743
76.27999999999881,21.42360476585425
76.2999999999988,6.661689649906345
76.3199999999988,16.496994621978516
76.3399999999988,22.977632055549407
76.35999999999879,28.4623231417441
76.3799999999988,18.887975870461375
76.3999999999988,21.25776793694569
76.4199999999988,12.580224175780964
76.4399999999988,25.52042161230456
76.4599999999988,39.05147410933503
76.4799999999988,24.33910395480038
76.49999999999879,24.479471543070716
76.51999999999879,19.76459805270735
76.5399999999988,23.44447759381583
76.5599999999988,17.944305276545144
76.57999999999879,24.438989880593603
76.5999999999988,18.85177510268211
76.6199999999988,13.1441069031209
76.63999999999879,22.487176352419176
76.65999999999879,10.308127425752646
76.67999999999878,29.880520007977886
76.6999999999988,10.692613267326147
76.71999999999879,25.040245460857882
76.73999999999879,9.391987944316222
76.7599999999988,13.439835373645519
76.7799999999988,24.66761218668124
76.79999999999879,20.72934365326254
76.81999999999879,20.318894772348116
76.83999999999878,15.307933229482181
76.85999999999879,30.50399691169251
76.87999999999879,14.9830787202859
76.89999999999878,5.872180574465295
76.9199999999988,23.26328704322843
76.93999999999879,14.129205927001227
76.95999999999879,29.738345570705725
76.97999999999878,17.054919745436777
76.99999999999878,11.016538386981619
77.01999999999879,23.229844251986645
77.03999999999878,24.607699667277366
77.05999999999878,24.295962577378468
77.07999999999879,23.658847019969283
77.09999999999879,17.917751438907654
77.11999999999878,29.858214303638555
77.13999999999878,20.030386960223503
77.15999999999877,20.009895263781114
77.17999999999878,23.154162352907026
77.19999999999878,27.78012109655385
77.21999999999878,20.016998010971168
77.23999999999879,20.912423669289154
77.25999999999878,15.622550235012858
77.27999999999878,20.91134336908762
77.29999999999878,27.863634239173663
77.31999999999877,9.71471992977368
77.33999999999878,38.30286634057143
77.35999999999878,19.253506361188506
77.37999999999877,13.964261477208932
77.39999999999878,12.997203430405094
77.41999999999878,13.758074852183249
77.43999999999878,22.515875828975744
77.45999999999877,17.382678452370378
77.47999999999877,16.717496903253682
77.49999999999878,33.76108193966791
77.51999999999877,21.73029567684244
77.53999999999877,23.783328975334204
77.55999999999878,17.69964126040863
77.57999999999878,14.081404130495926
77.59999999999877,31.05431919194629
77.61999999999877,29.598819350287187
77.63999999999876,35.5867995485083
77.65999999999877,9.847312252129624
77.67999999999877,15.568612685541359
77.69999999999877,15.238634565075298
77.71999999999878,3.013492428496118
77.73999999999877,14.671651020265248
77.75999999999877,32.32887666089155
77.77999999999876,18.12797810533583
77.79999999999876,25.505205594872173
77.81999999999877,20.779825252544022
77.83999999999877,17.839470702680075
77.85999999999876,29.94931454136092
77.87999999999877,29.51906473755185
77.89999999999877,23.46451424162803
77.91999999999877,4.865142366623505
77.93999999999876,22.004507907884804
77.95999999999876,9.277246674407008
77.97999999999877,10.640038067446993
77.99999999999876,10.596203947090995
78.01999999999876,16.476482379470955
78.03999999999877,21.26718074569201
78.05999999999877,10.841119418865748
78.07999999999876,19.55663029745966
78.09999999999876,20.808861389887294
78.11999999999875,13.997108388810918
78.13999999999876,31.77205684474866
78.15999999999876,20.97372585603891
78.17999999999876,22.074928817040835
78.19999999999877,36.59045669395278
78.21999999999876,17.518721464213044
78.23999999999876,20.044795541551856
78.25999999999875,26.996976901337053
78.27999999999875,12.014798243359065
78.29999999999876,13.869584960060497
78.31999999999876,16.230511587633945
78.33999999999875,17.731490144815417
78.35999999999876,18.227806859416123
78.37999999999876,20.525035488459196
78.39999999999876,18.24936077611285
78.41999999999875,30.803743388902696
78.43999999999875,22.426707664817396
78.45999999999876,11.130379526764616
78.47999999999875,14.093652805877175
78.49999999999875,9.20706560517558
78.51999999999876,26.631244799279187
78.53999999999876,18.464560468705127
78.55999999999875,20.983493610561162
78.57999999999875,16.97122814816329
78.59999999999874,12.978855800136156
78.61999999999875,28.25780622542545
78.63999999999875,23.314236292128992
78.65999999999875,18.362795679016326
78.67999999999876,17.206268482383607
78.69999999999875,33.22145690659484
78.71999999999875,31.19816206931074
78.73999999999874,13.602924505448517
78.75999999999874,19.56030165505553
78.77999999999875,39.85468372775473
78.79999999999875,23.79807492013413
78.81999999999874,21.203283141356053
78.83999999999875,18.553298236061078
78.85999999999875,20.031004421706275
78.87999999999874,25.673791026533117
78.89999999999874,19.280346539498414
78.91999999999874,18.390944025294907
78.93999999999875,8.4120775254932
78.95999999999874,20.506456643900442
78.97999999999874,25.68079744848972
78.99999999999875,24.11220041184957
79.01999999999875,4.15560988114939
79.03999999999874,15.505579026669498
79.05999999999874,16.687488992280873
79.07999999999873,28.438832393800507
79.09999999999874,14.070370202865497
79.11999999999874,24.764245774698427
79.13999999999874,19.715908785093767
79.15999999999875,13.222874475021777
79.17999999999874,24.007034466476387
79.19999999999874,13.65771426588363
79.21999999999873,27.842279824212934
79.23999999999873,12.207887893927017
79.25999999999874,27.606140066375627
79.27999999999874,12.074752273974488
79.29999999999873,29.145661675002795
79.31999999999874,15.380507159018055
79.33999999999874,36.53480345322991
79.35999999999873,30.58234425572317
79.37999999999873,40.090520386568386
79.39999999999873,38.730323506537985
79.41999999999874,47.94738467268173
79.43999999999873,50.6788121973875
79.45999999999873,63.005265504792455
79.47999999999874,74.82175162089626
79.49999999999874,102.13799559409553
79.51999999999873,112.9521710737431
79.53999999999873,131.2384092402257
79.55999999999872,123.94275591816593
79.57999999999873,142.8155670978659
79.59999999999873,143.79565571985964
79.61999999999873,136.47576332039674
79.63999999999874,136.35380380964568
79.65999999999873,123.66349834723621
79.67999999999873,126.67073559462669
79.69999999999872,118.90449232119822
79.71999999999872,105.16776513665924
79.73999999999873,88.4010957599607
79.75999999999873,81.30447579120623
79.77999999999872,69.68879305631148
79.79999999999873,53.01469495335062
79.81999999999873,53.408661336371374
79.83999999999872,43.69868759591004
79.85999999999872,32.168221215573325
79.87999999999872,31.78608655216055
79.89999999999873,31.39590599986584
79.91999999999872,23.597200843206792
79.93999999999872,30.713864351840932
79.95999999999873,29.140563249000657
79.97999999999873,15.621733053257946
79.99999999999872,19.770176540101637
80.01999999999872,21.2708809382275
80.03999999999871,23.38572004585244
80.05999999999872,18.409492953457637
80.07999999999872,18.202185507685765
80.09999999999872,29.03852886687106
80.11999999999873,12.561744179567075
80.13999999999872,21.842115092512536
80.15999999999872,20.116525818310436
80.17999999999871,22.099614850105997
80.19999999999871,15.035557100584011
80.21999999999872,15.371947675974635
80.23999999999872,17.641710297841996
80.25999999999871,29.514376215184253
80.27999999999872,12.216856407368551
80.29999999999872,14.364420572387436
80.31999999999871,26.50198942853755
80.33999999999871,14.860779868796195
80.3599999999987,2.282763470008799
80.37999999999872,22.495041413098587
80.39999999999871,17.522212822373337
80.41999999999871,23.650815307779
80.43999999999872,15.06623627711671
80.45999999999871,7.640129959783575
80.47999999999871,20.816578368783723
80.4999999999987,31.526962574283537
80.5199999999987,22.353385158087775
80.53999999999871,13.22316850126809
80.55999999999871,14.477451928837723
80.5799999999987,28.789714086374303
80.59999999999872,22.977604104808144
80.61999999999871,15.566286689363162
80.63999999999871,17.08119099133011
80.6599999999987,22.785303017006477
80.6799999999987,18.011454105614714
80.69999999999871,20.59640707420888
80.7199999999987,29.258665860598185
80.7399999999987,18.683780151016926
80.75999999999871,19.42354509975314
80.77999999999871,30.044670760056583
80.7999999999987,3.576646649036878
80.8199999999987,22.198104067900793
80.8399999999987,31.03584354664155
80.8599999999987,14.059587343795474
80.8799999999987,25.797772817730902
80.8999999999987,26.313984089761096
80.91999999999871,11.132423371604967
80.9399999999987,20.60049470706271
80.9599999999987,34.858131584493805
80.9799999999987,29.136046379627036
80.99999999999869,13.199832934385494
81.0199999999987,16.34039479913221
81.0399999999987,20.179148440571478
81.0599999999987,13.35115425729693
81.0799999999987,18.821343539334762
81.0999999999987,22.244114272938255
81.1199999999987,31.198015652765108
81.1399999999987,25.018643506829655
81.15999999999869,29.717647465645715
81.1799999999987,9.0440291717771
81.1999999999987,19.36459326556995
81.21999999999869,20.296735610140086
81.2399999999987,30.670145900737737
81.2599999999987,19.518537234873204
81.2799999999987,26.2587728089265
81.29999999999869,28.177490426909625
81.31999999999869,16.849437334551478
81.3399999999987,20.297118221092855
81.35999999999869,39.15683759805101
81.37999999999869,24.11809808792748
81.3999999999987,17.586232554731918
81.4199999999987,5.96641804036363
81.43999999999869,10.265644620308626
81.45999999999869,20.829236133992545
81.47999999999868,18.802047333766545
81.49999999999869,25.634435460204397
81.51999999999869,26.209858092497416
81.53999999999868,10.862432922204913
81.5599999999987,9.874099639896993
81.57999999999869,28.705499425869196
81.59999999999869,19.39095715579897
81.61999999999868,16.130362670843855
81.63999999999868,7.658060274903621
81.65999999999869,20.47781068291981
81.67999999999869,26.437383378878913
81.69999999999868,24.143003922274875
81.71999999999869,22.84020537095248
81.73999999999869,15.487642631636383
81.75999999999868,27.785922014090662
81.77999999999868,24.224748846661807
81.79999999999868,17.015411290921364
81.81999999999869,11.97081422080829
81.83999999999868,26.426485712024956
81.85999999999868,14.812189553479142
81.87999999999869,20.29744949449625
81.89999999999868,21.95224974767063
81.91999999999868,21.907238688414278
81.93999999999868,22.7637006953881
81.95999999999867,19.338105256555963
81.97999999999868,33.65714405241221
81.99999999999868,21.55415570085406
82.01999999999867,26.80169898692094
82.03999999999868,23.381277413435043
82.05999999999868,30.220819284586582
82.07999999999868,23.352777729418325
82.09999999999867,24.31130938704092
82.11999999999867,25.85226650896029
82.13999999999868,14.13216790190248
82.15999999999867,23.561330675228113
82.17999999999867,20.321029383688384
82.19999999999868,5.205284529932232
82.21999999999868,23.436767352275652
82.23999999999867,23.96713755261481
82.25999999999867,7.182250543382338
82.27999999999867,31.180994741469192
82.29999999999868,27.29213503890105
82.31999999999867,27.92030435259283
82.33999999999867,6.887481014203203
82.35999999999868,27.997756369209288
82.37999999999867,4.267662266827834
82.39999999999867,27.09707160493314
82.41999999999867,34.66376633017873
82.43999999999866,11.804692270183223
82.45999999999867,17.792875891412084
82.47999999999867,7.282803671477838
82.49999999999866,22.113328324672413
82.51999999999867,11.319747727663326
82.53999999999867,21.202934493400573
82.55999999999867,14.82626828654642
82.57999999999866,20.505472184271223
82.59999999999866,19.78899219162948
82.61999999999867,8.89057281240402
82.63999999999866,26.41256477545134
82.65999999999866,29.874309668512744
82.67999999999867,19.100037889786783
82.69999999999867,27.485414904443143
82.71999999999866,21.146093749223322
82.73999999999866,20.413431290956837
82.75999999999866,14.405008253886967
82.77999999999867,10.055584210998163
82.79999999999866,20.403347392185196
82.81999999999866,8.72269257436579
82.83999999999867,18.466393011548384
82.85999999999866,35.0661411674556
82.87999999999866,22.72932982723286
82.89999999999866,19.611792870535364
82.91999999999865,27.285542536766393
82.93999999999866,19.169046015373397
82.95999999999866,5.957723418603484
82.97999999999865,10.583160597483612
82.99999999999866,14.453808285578708
83.01999999999866,3.281782785397265
83.03999999999866,19.700046041483354
83.05999999999865,38.42683791909747
83.07999999999865,29.27018833354497
83.09999999999866,19.879437667331324
83.11999999999865,12.094719326330535
83.13999999999865,24.96353058065583
83.15999999999866,29.733390576197554
83.17999999999866,18.336706037863472
83.19999999999865,21.38947253283073
83.21999999999865,12.188784721013938
83.23999999999864,21.79818504837313
83.25999999999866,17.305407774545504
83.27999999999865,24.311545378201963
83.29999999999865,30.244233827945422
83.31999999999866,21.236770002154817
83.33999999999865,27.611824829864
83.35999999999865,28.06958496498975
83.37999999999865,18.46937612187237
83.39999999999864,8.737657983962547
83.41999999999865,27.873118517156485
83.43999999999865,0.2506092853472879
83.45999999999864,19.199853593365905
83.47999999999865,17.29165732549875
83.49999999999865,20.43794444443336
83.51999999999865,20.032379606555367
83.53999999999864,24.32594264141349
83.55999999999864,20.13473960463644
83.57999999999865,13.910519312761963
83.59999999999864,14.731133507118468
83.61999999999864,26.27071535572657
83.63999999999865,21.729907378739966
83.65999999999865,19.85171211552988
83.67999999999864,13.871968555582086
83.69999999999864,11.68898245172454
83.71999999999863,9.90527310490886
83.73999999999864,36.621663960191555
83.75999999999864,25.175523876908333
83.77999999999864,10.96394635042857
83.79999999999865,20.91306883872725
83.81999999999864,19.361875701731982
83.83999999999864,22.07268443864791
83.85999999999864,18.496239514635423
83.87999999999863,30.047819140085863
83.89999999999864,6.450057616331099
83.91999999999864,27.49780319162407
83.93999999999863,17.112304788073377
83.95999999999864,30.278104823572015
83.97999999999864,23.566018299295543
83.99999999999864,17.166444953306957
84.01999999999863,4.7194963630983064
84.03999999999863,27.952683349612954
84.05999999999864,27.852143914566398
84.07999999999863,19.3012693736398
84.09999999999863,28.728250999369287
84.11999999999864,19.120616540504873
84.13999999999864,12.76725108454216
84.15999999999863,22.02361190955109
84.17999999999863,5.559134858843185
84.19999999999862,19.363386376866647
84.21999999999863,37.281762671238965
84.23999999999863,23.675262502403548
84.25999999999863,25.673677626448487
84.27999999999864,27.054318862655318
84.29999999999863,13.805726708141831
84.31999999999863,2.4596228792996087
84.33999999999862,14.799580996671622
84.35999999999862,19.049105371303817
84.37999999999863,36.22726600964104
84.39999999999863,23.60137092425053
84.41999999999862,13.935685091439073
84.43999999999863,10.72709947906906
84.45999999999863,25.21990590560457
84.47999999999863,18.026259872787087
84.49999999999862,4.677162347897649
84.51999999999862,21.70853732978749
84.53999999999863,18.145067890529198
84.55999999999862,21.730958828561082
84.57999999999862,20.875761442048862
84.59999999999863,27.49898548864597
84.61999999999863,32.71387573643769
84.63999999999862,11.583791231018477
84.65999999999862,8.99106664299802
84.67999999999861,30.111123221047755
84.69999999999862,17.300827955990215
84.71999999999862,25.651085982093683
84.73999999999862,20.6393644300485
84.75999999999863,25.437736834502335
84.77999999999862,25.396041453812085
84.79999999999862,18.971270149328475
84.81999999999861,35.86581523406133
84.83999999999861,14.980177215355937
84.85999999999862,19.271841169047814
84.87999999999862,14.378806831256881
84.89999999999861,24.758437524009295
84.91999999999862,23.040559079351496
84.93999999999862,18.866368036508355
84.95999999999862,28.698743693524072
84.97999999999861,20.249653773151675
84.99999999999861,22.573875704992936
85.01999999999862,28.985117141604213
85.03999999999861,18.50621321847575
85.05999999999861,15.013324716866695
85.07999999999862,21.951328914299996
85.09999999999862,20.897710017951944
85.11999999999861,15.759247637409231
85.13999999999861,30.570777402965497
85.1599999999986,14.641078050050387
85.17999999999861,15.058291675515868
85.19999999999861,24.04389401727143
85.2199999999986,35.51407716518813
85.23999999999862,19.698716457528924
85.25999999999861,27.950101904760917
85.27999999999861,28.92243239019355
85.2999999999986,17.930380008551154
85.3199999999986,16.613033530241395
85.33999999999861,23.348073534078924
85.3599999999986,29.686350678261896
85.3799999999986,26.127271503667323
85.39999999999861,10.326982585757541
85.41999999999861,21.141031115345235
85.4399999999986,11.901593116977672
85.4599999999986,17.3474800506466
85.4799999999986,16.774198129104494
85.49999999999861,20.101789247656875
85.5199999999986,20.687798123737394
85.5399999999986,29.47893460530567
85.55999999999861,23.323332269607846
85.5799999999986,17.034384491168026
85.5999999999986,24.150130933045816
85.6199999999986,24.66765290455152
85.6399999999986,0.0
85.6599999999986,31.60658233436441
85.6799999999986,17.844109575194828
85.6999999999986,7.71223661634364
85.7199999999986,8.701436658200203
85.7399999999986,12.61418951119757
85.7599999999986,19.229122753018594
85.7799999999986,16.286822800254768
85.79999999999859,22.71756177703996
85.8199999999986,17.901163837612195
85.8399999999986,24.848244097868225
85.85999999999859,21.88526422175428
85.8799999999986,17.297275956774197
85.8999999999986,25.102152751232836
85.9199999999986,7.552283844485768
85.93999999999859,18.157311527740553
85.95999999999859,22.929168573130205
85.9799999999986,14.467504845094744
85.9999999999986,9.009010864331362
86.01999999999859,25.565437703346493
86.0399999999986,19.945641140690295
86.0599999999986,25.262087033133792
86.07999999999859,17.41008690662669
86.09999999999859,13.580861733818049
86.11999999999858,21.92078905963572
86.1399999999986,12.600620907317996
86.15999999999859,30.252032751336323
86.17999999999859,25.310615796159567
86.1999999999986,18.08822201701023
86.21999999999859,11.923878983467185
86.23999999999859,21.177836395676827
86.25999999999858,24.329942178137962
86.27999999999858,27.043035519566352
86.29999999999859,22.456640582097712
86.31999999999859,23.994456182743537
86.33999999999858,33.26110319275584
86.35999999999859,14.201804285118232
86.37999999999859,3.9316959370984996
86.39999999999858,13.063876893511237
86.41999999999858,26.2761814880456
86.43999999999858,13.54312737859404
86.45999999999859,17.051461574648158
86.47999999999858,23.883500152384308
86.49999999999858,17.813475036396746
86.51999999999859,19.36817869301464
86.53999999999859,11.844278153067549
86.55999999999858,13.140220678983486
86.57999999999858,23.478024735606542
86.59999999999857,28.09473078155971
86.61999999999858,31.567385739040716
86.63999999999858,28.617368972130734
86.65999999999858,24.554775270659867
86.67999999999859,12.56468555521709
86.69999999999858,20.833171320149745
86.71999999999858,31.5185566204166
86.73999999999857,10.342038933230194
86.75999999999857,20.25875054534902
86.77999999999858,22.242295670447042
86.79999999999858,28.23853416179952
86.81999999999857,19.369347449369766
86.83999999999858,18.243649050421883
86.85999999999858,26.55743542974885
86.87999999999857,6.950350676784765
86.89999999999857,4.791326731680348
86.91999999999857,34.462629507008046
86.93999999999858,31.605347012374864
86.95999999999857,22.716417596699678
86.97999999999857,24.025483623035086
86.99999999999858,17.227081626796924
87.01999999999857,19.053609027404544
87.03999999999857,33.029163530279774
87.05999999999857,26.219261118903354
87.07999999999856,20.949690368375254
87.09999999999857,9.550621006750003
87.11999999999857,6.628484658022476
87.13999999999857,33.670168061683825
87.15999999999858,26.02633059030527
87.17999999999857,15.610524869915153
87.19999999999857,18.226213643434374
87.21999999999856,38.371021417177005
87.23999999999856,35.11044387348214
87.25999999999857,32.903292029912315
87.27999999999857,17.891574402261508
87.29999999999856,20.183688456991113
87.31999999999857,3.9747761731471734
87.33999999999857,4.683461520692585
87.35999999999856,25.903035037019297
87.37999999999856,20.451374294858027
87.39999999999856,18.50368718606305
87.41999999999857,16.16532972983803
87.43999999999856,21.34060142945486
87.45999999999856,19.677555246966694
87.47999999999857,24.680401153323864
87.49999999999856,21.355597320767068
87.51999999999856,18.698082796444346
87.53999999999856,23.385741562965116
87.55999999999855,11.531005087009218
87.57999999999856,11.518064215014949
87.59999999999856,5.100240851198587
87.61999999999856,18.67218616074004
87.63999999999857,16.246362505727664
87.65999999999856,10.328777758903247
87.67999999999856,25.60738291425833
87.69999999999855,6.212026117914634
87.71999999999855,15.345865725883854
87.73999999999856,15.293390162399838
87.75999999999856,17.237257537967714
87.77999999999855,8.13084042718401
87.79999999999856,30.494915253270833
87.81999999999856,26.48037444863586
87.83999999999855,6.44217620432706
87.85999999999855,19.073593515203637
87.87999999999855,17.78383315199446
87.89999999999856,23.76089357194074
87.91999999999855,15.81495376161443
87.93999999999855,22.59222229002021
87.95999999999856,26.89994300016336
87.97999999999855,30.980326976331302
87.99999999999855,15.671621796727308
88.01999999999855,17.125124954375526
88.03999999999854,14.599169298457426
88.05999999999855,20.824291976837895
88.07999999999855,2.172680054924541
88.09999999999854,19.92804645445409
88.11999999999856,27.16257378146622
88.13999999999855,25.72633613769522
88.15999999999855,12.545971751128562
88.17999999999854,21.945687491366463
88.19999999999854,17.01042036901479
88.21999999999855,24.33112843647469
88.23999999999855,21.05493139041549
88.25999999999854,6.707884178333435
88.27999999999855,36.84500178954758
88.29999999999855,38.324251442255765
88.31999999999854,16.096922110333576
88.33999999999854,13.742697687543393
88.35999999999854,22.086877571729577
88.37999999999855,21.268137918683717
88.39999999999854,26.962385530309014
88.41999999999854,34.14078071191551
88.43999999999855,11.286901668343415
88.45999999999854,13.735667950719499
88.47999999999854,18.744308592547497
88.49999999999854,30.3642010909928
88.51999999999853,22.751565598956624
88.53999999999854,12.169553564972269
88.55999999999854,23.786181738167443
88.57999999999853,13.345854461412884
88.59999999999854,17.40478212157839
88.61999999999854,14.476689672399928
88.63999999999854,33.178663250474855
88.65999999999853,5.370506788057911
88.67999999999853,30.76724539011247
88.69999999999854,8.737657765617465
88.71999999999854,21.913712143829247
88.73999999999853,27.627989823697774
88.75999999999854,30.25355371102988
88.77999999999854,7.528122409590262
88.79999999999853,12.587945537413685
88.81999999999853,11.156408590962972
88.83999999999853,35.680187425303075
88.85999999999854,10.628133595580675
88.87999999999853,11.27230087264755
88.89999999999853,8.663220317004017
88.91999999999854,23.60601135231763
88.93999999999853,18.070218013126965
88.95999999999853,28.011594371641163
88.97999999999853,16.027540296176394
88.99999999999852,22.28269713943499
89.01999999999853,41.835780909965976
89.03999999999853,22.94019876075778
89.05999999999852,25.811672250378454
89.07999999999853,4.452197679864007
89.09999999999853,24.73378309143917
89.11999999999853,28.53398181353676
89.13999999999852,27.238883486684795
89.15999999999852,28.918593681917862
89.17999999999853,14.79016388115671
89.19999999999852,26.189014307129632
89.21999999999852,31.10338769932063
89.23999999999853,34.27008494553538
89.25999999999853,10.090188194418465
89.27999999999852,4.474694528888371
89.29999999999852,20.29609928043974
89.31999999999852,0.0
89.33999999999853,22.620131613707997
89.35999999999852,15.931347515159693
89.37999999999852,26.906823177240845
89.39999999999853,13.09219629612851
89.41999999999852,15.939077751722373
89.43999999999852,17.64878271098616
89.45999999999852,19.54731705252462
89.47999999999851,15.143437220995581
89.49999999999852,34.49926809271692
89.51999999999852,18.938971417084357
89.53999999999851,17.900744968863297
89.55999999999852,18.90439151709412
89.57999999999852,12.924970248675379
89.59999999999852,13.333205531925302
89.61999999999851,6.083069188400598
89.63999999999851,19.971048828731092
89.65999999999852,14.57666899080999
89.67999999999851,27.413491125235797
89.69999999999851,12.915089314943128
89.71999999999852,23.450170153129076
89.73999999999852,17.915052393449646
89.75999999999851,21.055494624937527
89.77999999999851,17.24666141403818
89.7999999999985,17.571052829237406
89.81999999999852,33.13331514355837
89.83999999999851,16.078303448550457
89.85999999999851,18.294339202004743
89.87999999999852,34.06801477347594
89.89999999999851,25.294765350327168
89.91999999999851,15.660608476345606
89.9399999999985,38.928576348217305
89.9599999999985,13.42937622477028
89.97999999999851,35.258555494230485
89.99999999999851,19.800226997173006
