two_theta_deg,intensity
20.0,32.45758686419918
20.02,12.400155215720472
20.04,24.924147679243347
20.06,9.511612712983514
20.08,21.328614663558227
20.099999999999998,11.413492028457666
20.119999999999997,8.353556574939027
20.139999999999997,11.023682425047753
20.159999999999997,19.479606863791975
20.179999999999996,0.0
20.199999999999996,15.941629889104437
20.219999999999995,15.06714527657038
20.239999999999995,11.142473109224953
20.259999999999994,22.177269903749288
20.279999999999994,21.56382953624875
20.299999999999994,43.04634285967627
20.319999999999993,13.56043700807653
20.339999999999993,32.309233980324194
20.359999999999992,16.377180396854417
20.379999999999992,18.04161536377853
20.39999999999999,7.384752835844779
20.41999999999999,29.49838770704796
20.43999999999999,17.087216878304815
20.45999999999999,11.590357394213045
20.47999999999999,17.789050272213068
20.49999999999999,31.1199855081705
20.51999999999999,14.34649713734673
20.53999999999999,28.301122940289453
20.559999999999988,27.544215692606866
20.579999999999988,27.927609764120128
20.599999999999987,14.26188067689984
20.619999999999987,26.655387392973537
20.639999999999986,25.510705962475463
20.659999999999986,26.518182221881478
20.679999999999986,25.82601811927788
20.699999999999985,24.50435009037472
20.719999999999985,34.60428343001624
20.739999999999984,14.781174683749157
20.759999999999984,21.79096897470393
20.779999999999983,8.79470081159689
20.799999999999983,16.96582261691088
20.819999999999983,18.216157987613567
20.839999999999982,18.108783316110024
20.85999999999998,15.221860939951366
20.87999999999998,26.512603152597464
20.89999999999998,8.29072859548615
20.91999999999998,21.158387652072488
20.93999999999998,25.768293811256864
20.95999999999998,31.605276407712253
20.97999999999998,13.02208903896561
20.99999999999998,35.97224732918245
21.01999999999998,27.734338656289463
21.039999999999978,26.451686810380092
21.059999999999977,20.000971924756808
21.079999999999977,21.445408885314095
21.099999999999977,28.334707689468893
21.119999999999976,25.837634859606236
21.139999999999976,19.602386792214894
21.159999999999975,45.96019105802971
21.179999999999975,24.06821536993738
21.199999999999974,13.32843747635475
21.219999999999974,19.306426127671582
21.239999999999974,17.918565900680377
21.259999999999973,23.84765340773827
21.279999999999973,21.009375775181166
21.299999999999972,11.359764397153121
21.319999999999972,21.826929507503987
21.33999999999997,28.23548537255857
21.35999999999997,20.48421041723467
21.37999999999997,10.622404147147078
21.39999999999997,23.663472146439375
21.41999999999997,27.47819228117863
21.43999999999997,34.74707050239132
21.45999999999997,17.047213386530462
21.47999999999997,19.316798981056532
21.499999999999968,16.07152048740644
21.519999999999968,30.186641798429488
21.539999999999967,23.64795397943046
21.559999999999967,19.899831838230895
21.579999999999966,22.271422321313295
21.599999999999966,22.661422357015326
21.619999999999965,7.557858671417456
21.639999999999965,20.207460799044355
21.659999999999965,29.653148838614612
21.679999999999964,21.33575723924914
21.699999999999964,20.76224784548879
21.719999999999963,20.224045331351153
21.739999999999963,24.78389110446805
21.759999999999962,18.001123411784516
21.779999999999962,11.989393821836254
21.79999999999996,9.212380925380907
21.81999999999996,20.18323468409079
21.83999999999996,28.490434421398014
21.85999999999996,20.004439326025246
21.87999999999996,19.842499711147518
21.89999999999996,12.406751182192435
21.91999999999996,32.05975157967494
21.93999999999996,6.657298407950909
21.959999999999958,8.816384077466509
21.979999999999958,24.048400972163286
21.999999999999957,23.137288610744072
22.019999999999957,19.010784578074066
22.039999999999957,26.995038084138855
22.059999999999956,26.661532636861338
22.079999999999956,15.041807876182762
22.099999999999955,14.641597085974594
22.119999999999955,15.073224099139402
22.139999999999954,17.13700590275902
22.159999999999954,13.364434639303568
22.179999999999954,8.800926079272156
22.199999999999953,38.060027197834096
22.219999999999953,0.0
22.239999999999952,23.97920335341711
22.259999999999952,17.963067500593596
22.27999999999995,19.249396506677627
22.29999999999995,34.0790645062129
22.31999999999995,8.943539945462762
22.33999999999995,22.874689916697285
22.35999999999995,2.2990938280554687
22.37999999999995,3.959524580670255
22.39999999999995,6.63351142547562
22.41999999999995,23.544293443162687
22.439999999999948,33.035171834502314
22.459999999999948,13.3084686832781
22.479999999999947,22.661613713614134
22.499999999999947,8.56226717143656
22.519999999999946,14.569675141808009
22.539999999999946,25.783957797576946
22.559999999999945,9.676959879152566
22.579999999999945,12.508760472686419
22.599999999999945,24.995981707267877
22.619999999999944,6.86961847805031
22.639999999999944,14.207579369127123
22.659999999999943,30.9382642032844
22.679999999999943,15.192235936262136
22.699999999999942,16.2551506683125
22.719999999999942,29.783682289386483
22.73999999999994,0.0
22.75999999999994,29.68793710796001
22.77999999999994,24.08015358936485
22.79999999999994,4.592818251726399
22.81999999999994,19.2386962666079
22.83999999999994,19.771414604857902
22.85999999999994,24.954902364630083
22.87999999999994,23.02820996548658
22.899999999999938,15.259966667393776
22.919999999999938,37.66155346978178
22.939999999999937,29.310986603231086
22.959999999999937,20.721668813724992
22.979999999999936,17.29247871411824
22.999999999999936,20.720603795401296
23.019999999999936,20.872088722848485
23.039999999999935,19.241547489080933
23.059999999999935,19.470707871175644
23.079999999999934,33.792668252303386
23.099999999999934,18.85914012595394
23.119999999999933,28.440320228332695
23.139999999999933,15.412111907569422
23.159999999999933,22.68626615936618
23.179999999999932,23.192376057324527
23.199999999999932,20.871741157951618
23.21999999999993,22.638357337650476
23.23999999999993,5.642539642038635
23.25999999999993,21.243545144860803
23.27999999999993,18.1870791945582
23.29999999999993,0.0
23.31999999999993,17.441728711157683
23.33999999999993,13.598214796678231
23.35999999999993,24.15319964492121
23.379999999999928,18.829374400777084
23.399999999999928,33.39175469131484
23.419999999999927,21.104461626009016
23.439999999999927,20.766537847561658
23.459999999999926,16.752948238598762
23.479999999999926,25.808907314075718
23.499999999999925,26.137988294465547
23.519999999999925,22.185076634132127
23.539999999999925,13.031405035094469
23.559999999999924,17.49971506303428
23.579999999999924,18.69198730848526
23.599999999999923,20.707206356178013
23.619999999999923,8.784631136571194
23.639999999999922,24.063793925994734
23.659999999999922,18.8256293145832
23.67999999999992,27.813820046735657
23.69999999999992,10.61335306482158
23.71999999999992,14.789825717498555
23.73999999999992,19.182134002738515
23.75999999999992,20.64626279792102
23.77999999999992,20.45993016976153
23.79999999999992,18.90803227319282
23.81999999999992,15.744770364254599
23.839999999999918,19.394602221274923
23.859999999999918,15.877365906401458
23.879999999999917,11.653554840603638
23.899999999999917,18.46649198000294
23.919999999999916,21.006540062533148
23.939999999999916,22.74459872221109
23.959999999999916,29.34351361039684
23.979999999999915,31.44785305848241
23.999999999999915,15.274619527241011
24.019999999999914,32.61449208564981
24.039999999999914,22.583797082480796
24.059999999999913,28.44820700589706
24.079999999999913,31.727699315760173
24.099999999999913,9.44316264888364
24.119999999999912,24.340673863382776
24.13999999999991,22.43956438150434
24.15999999999991,28.7305624022174
24.17999999999991,14.863263684459914
24.19999999999991,33.573994890938856
24.21999999999991,12.646848143164972
24.23999999999991,20.529838377078885
24.25999999999991,18.65439092356556
24.27999999999991,20.65715826821905
24.29999999999991,15.152752544111209
24.319999999999908,14.982963912430481
24.339999999999907,12.584509172878384
24.359999999999907,6.678950063155881
24.379999999999907,21.507390618948925
24.399999999999906,14.954707079487662
24.419999999999906,19.147398912525716
24.439999999999905,23.812225938394274
24.459999999999905,12.878971026411001
24.479999999999905,27.08122017379028
24.499999999999904,22.58671762516202
24.519999999999904,23.73592905897494
24.539999999999903,15.608982837134956
24.559999999999903,5.703959079575615
24.579999999999902,26.098943396203786
24.599999999999902,22.500648172264526
24.6199999999999,24.283882635697655
24.6399999999999,28.853481032835848
24.6599999999999,22.20277533797069
24.6799999999999,28.226930257537198
24.6999999999999,24.755763509319536
24.7199999999999,31.062366696919852
24.7399999999999,24.70097026988057
24.7599999999999,31.043730990163805
24.779999999999898,16.330214127961817
24.799999999999898,29.257490418161435
24.819999999999897,22.0943293013934
24.839999999999897,21.875498607333814
24.859999999999896,33.843290419648156
24.879999999999896,22.864704640963218
24.899999999999896,14.551906611935118
24.919999999999895,28.00446447461045
24.939999999999895,18.281952116196624
24.959999999999894,8.18616687462531
24.979999999999894,21.884191644567256
24.999999999999893,20.78768023537546
25.019999999999893,35.05425438342903
25.039999999999893,13.416676933489427
25.059999999999892,17.169400157834488
25.07999999999989,7.206841089240374
25.09999999999989,16.366652450758856
25.11999999999989,15.675327581684929
25.13999999999989,11.842139313014847
25.15999999999989,13.420042498439875
25.17999999999989,22.504219309785782
25.19999999999989,14.269028777161068
25.21999999999989,19.377336523184436
25.23999999999989,5.843566832208248
25.259999999999888,22.483625463116088
25.279999999999887,31.334653116508854
25.299999999999887,17.802348168338618
25.319999999999887,28.533545119986634
25.339999999999886,18.08538015618587
25.359999999999886,27.81815057722501
25.379999999999885,25.12670302187633
25.399999999999885,14.607929036058822
25.419999999999884,10.729677296136838
25.439999999999884,16.773381112546172
25.459999999999884,19.328188521714235
25.479999999999883,16.780901797384665
25.499999999999883,23.37690881616299
25.519999999999882,18.135615622107327
25.539999999999882,26.204009785751598
25.55999999999988,20.147572008371306
25.57999999999988,19.05174294374533
25.59999999999988,22.482293459994274
25.61999999999988,25.590514308525954
25.63999999999988,19.887435233756626
25.65999999999988,14.812654353798454
25.67999999999988,33.17048832177889
25.69999999999988,9.749966558356919
25.719999999999878,20.850502907037576
25.739999999999878,16.17920148088835
25.759999999999877,15.98295039156681
25.779999999999877,25.375733875542256
25.799999999999876,24.45852957005772
25.819999999999876,30.16708155726323
25.839999999999876,3.5185585603235516
25.859999999999875,25.253237099345927
25.879999999999875,39.36257857913066
25.899999999999874,32.52975835699355
25.919999999999874,41.562380544823235
25.939999999999873,12.181632481831173
25.959999999999873,36.210004038648094
25.979999999999873,6.045434674533325
25.999999999999872,32.884837082150305
26.01999999999987,13.940812110557285
26.03999999999987,30.112841652869214
26.05999999999987,29.954527435189434
26.07999999999987,21.5178019089073
26.09999999999987,34.34628894409082
26.11999999999987,21.898562608104797
26.13999999999987,23.266695136653198
26.15999999999987,17.470851213526156
26.17999999999987,33.92251454775979
26.199999999999868,7.245785073355002
26.219999999999867,28.995160945848355
26.239999999999867,10.165127388800785
26.259999999999867,26.510367949405953
26.279999999999866,26.100306735861317
26.299999999999866,24.6437533434447
26.319999999999865,15.912542783681392
26.339999999999865,19.8265708696236
26.359999999999864,40.15079446286995
26.379999999999864,27.29353243725518
26.399999999999864,25.07194189357818
26.419999999999863,24.676345008554126
26.439999999999863,13.46321811262316
26.459999999999862,10.218283302154335
26.479999999999862,13.171281376854445
26.49999999999986,16.65136152547058
26.51999999999986,19.325993472778535
26.53999999999986,13.942077576815755
26.55999999999986,25.65253650556771
26.57999999999986,31.921432637638468
26.59999999999986,11.856587517318424
26.61999999999986,24.269130780404584
26.63999999999986,26.219299517412193
26.659999999999858,20.132848470052856
26.679999999999858,30.40594365975088
26.699999999999857,15.985488248120221
26.719999999999857,19.591802164533398
26.739999999999856,16.650607356385976
26.759999999999856,26.673187543361202
26.779999999999855,20.580015574076796
26.799999999999855,7.453534548860667
26.819999999999855,15.223129125351619
26.839999999999854,15.192111364594314
26.859999999999854,23.421021817059298
26.879999999999853,17.807834808229778
26.899999999999853,19.684370474808848
26.919999999999852,12.005553696718863
26.939999999999852,16.313166596821137
26.95999999999985,18.214148153643382
26.97999999999985,19.201438401839447
26.99999999999985,27.259325312419495
27.01999999999985,38.3987388305455
27.03999999999985,20.66859208076992
27.05999999999985,28.438195744841174
27.07999999999985,21.979107626974717
27.09999999999985,14.427261552807629
27.11999999999985,30.223233912825513
27.139999999999848,6.971905914403239
27.159999999999847,11.660194212379862
27.179999999999847,15.041851202637037
27.199999999999847,15.88152641863949
27.219999999999846,10.748925082758097
27.239999999999846,3.944107420249118
27.259999999999845,25.312643742704935
27.279999999999845,18.64929436765342
27.299999999999844,21.552383878748522
27.319999999999844,8.941258141078999
27.339999999999844,28.12913731649693
27.359999999999843,21.13334781856439
27.379999999999843,22.718420326235705
27.399999999999842,22.05854502847386
27.419999999999842,8.982872577978915
27.43999999999984,10.35889974517052
27.45999999999984,27.29779384975133
27.47999999999984,30.31405812893849
27.49999999999984,14.477271059977642
27.51999999999984,22.945494223173636
27.53999999999984,11.575294258343755
27.55999999999984,13.861673417758203
27.57999999999984,6.45989432239673
27.599999999999838,18.15677461196818
27.619999999999838,10.590680069921923
27.639999999999837,15.991076738371731
27.659999999999837,1.11925069757525
27.679999999999836,26.116697861671273
27.699999999999836,18.265270024064332
27.719999999999835,28.639497740401637
27.739999999999835,23.051288136841503
27.759999999999835,17.863074608410468
27.779999999999834,17.204401515900038
27.799999999999834,14.833090384973723
27.819999999999833,26.19194648908183
27.839999999999833,7.524807770410698
27.859999999999832,22.563133591765908
27.879999999999832,16.065394216160943
27.89999999999983,26.92544734041578
27.91999999999983,16.815821398487813
27.93999999999983,16.49080261256517
27.95999999999983,12.381680153523558
27.97999999999983,18.90330335063838
27.99999999999983,24.245562501170795
28.01999999999983,22.77300560411885
28.03999999999983,12.056588291770812
28.059999999999828,23.948056479117696
28.079999999999828,30.321585743344485
28.099999999999827,28.783699229930416
28.119999999999827,10.614527377975053
28.139999999999826,22.951904922457537
28.159999999999826,17.524352487574628
28.179999999999826,12.873035385641268
28.199999999999825,21.122439445681625
28.219999999999825,23.488225765338097
28.239999999999824,31.90290039834232
28.259999999999824,5.709995665927437
28.279999999999824,29.645698005069328
28.299999999999823,23.572974502677106
28.319999999999823,16.868466570428353
28.339999999999822,21.79397815990315
28.359999999999822,11.16228062177116
28.37999999999982,30.985533796783912
28.39999999999982,26.463255944204995
28.41999999999982,27.37353599777846
28.43999999999982,8.030891831389136
28.45999999999982,21.157411131517772
28.47999999999982,19.709142515948972
28.49999999999982,14.492364005883061
28.51999999999982,14.80653760683963
28.539999999999818,25.37668151230617
28.559999999999818,10.47254709245428
28.579999999999817,30.871441837933162
28.599999999999817,18.855630781436563
28.619999999999816,20.82719793091147
28.639999999999816,17.646489692109096
28.659999999999815,28.68037887879573
28.679999999999815,13.836808572432627
28.699999999999815,12.276987155465399
28.719999999999814,25.94907479258918
28.739999999999814,12.172920592663756
28.759999999999813,17.060080511960994
28.779999999999813,30.474419674542933
28.799999999999812,20.49441936898944
28.819999999999812,9.91544675125209
28.83999999999981,25.80753533126059
28.85999999999981,21.816458757163364
28.87999999999981,5.543110242933052
28.89999999999981,18.997535745282015
28.91999999999981,10.619956728925905
28.93999999999981,15.251746266677706
28.95999999999981,32.14460241763998
28.97999999999981,18.867695806710902
28.999999999999808,32.25268362409547
29.019999999999808,0.0
29.039999999999807,29.175027667675074
29.059999999999807,13.536006763861845
29.079999999999806,12.942238007522704
29.099999999999806,10.790492842015563
29.119999999999806,40.441388954578066
29.139999999999805,41.22726270738799
29.159999999999805,22.03570519378657
29.179999999999804,11.837406941963472
29.199999999999804,27.651247421544905
29.219999999999803,11.703403274371063
29.239999999999803,17.906809584502113
29.259999999999803,10.38368976634206
29.279999999999802,21.42059636025679
29.2999999999998,26.77042606574206
29.3199999999998,40.090100941060086
29.3399999999998,29.64758276460539
29.3599999999998,0.5710560633342361
29.3799999999998,32.36223462760515
29.3999999999998,29.222040499141876
29.4199999999998,15.374224299948409
29.4399999999998,10.709274352817637
29.4599999999998,24.625950509209403
29.479999999999798,23.535826203982804
29.499999999999797,33.193220790864565
29.519999999999797,30.791691371801335
29.539999999999797,18.943769458228047
29.559999999999796,16.518407628252422
29.579999999999796,12.33839197626286
29.599999999999795,14.308103943926739
29.619999999999795,27.3811549098506
29.639999999999795,20.233094275088767
29.659999999999794,21.07234725493543
29.679999999999794,23.717891412309513
29.699999999999793,21.16110089529833
29.719999999999793,19.086733320000018
29.739999999999792,5.251600304090921
29.759999999999792,22.284839402474024
29.77999999999979,21.538796946043618
29.79999999999979,28.759076352943318
29.81999999999979,34.70451137793738
29.83999999999979,19.96096100078457
29.85999999999979,7.626852185051916
29.87999999999979,16.65890886816691
29.89999999999979,13.255490546506046
29.91999999999979,9.55600774426549
29.939999999999788,22.674831083415622
29.959999999999788,18.921848245358383
29.979999999999787,12.123375179577891
29.999999999999787,21.299219940279492
30.019999999999786,13.36800848018882
30.039999999999786,19.980645732057827
30.059999999999786,20.881787656302574
30.079999999999785,21.02960197352986
30.099999999999785,32.434972807426846
30.119999999999784,26.784657692520547
30.139999999999784,36.249710717444444
30.159999999999783,24.095585747282232
30.179999999999783,22.9062664275894
30.199999999999783,30.451749326077643
30.219999999999782,19.926282787349795
30.23999999999978,16.458566194237243
30.25999999999978,26.688228222634223
30.27999999999978,14.015206099921587
30.29999999999978,17.37708353534402
30.31999999999978,25.16065463863085
30.33999999999978,27.828862372425395
30.35999999999978,7.723812053811953
30.37999999999978,14.782413012672384
30.39999999999978,19.92811748500453
30.419999999999778,25.339698110270593
30.439999999999777,11.903844607995227
30.459999999999777,17.136845604227076
30.479999999999777,10.401377054581182
30.499999999999776,19.335358800212116
30.519999999999776,27.66401851771961
30.539999999999775,35.782883623609166
30.559999999999775,30.45546925915299
30.579999999999774,17.781938491896724
30.599999999999774,30.581036239433313
30.619999999999774,0.0
30.639999999999773,17.208391803675468
30.659999999999773,17.942883714343928
30.679999999999772,11.675759091509187
30.699999999999772,25.4802646368899
30.71999999999977,14.771921084482905
30.73999999999977,19.10308846812949
30.75999999999977,6.9166271508131825
30.77999999999977,21.27403218867485
30.79999999999977,29.671822226828496
30.81999999999977,20.879450357301558
30.83999999999977,12.234504055373108
30.85999999999977,23.732293399594838
30.879999999999768,23.86910669658416
30.899999999999768,23.370745907719872
30.919999999999767,39.41450939038776
30.939999999999767,22.310725742570877
30.959999999999766,27.96481702503343
30.979999999999766,17.418964669434068
30.999999999999766,17.760646403610195
31.019999999999765,18.936701650892584
31.039999999999765,27.11983027536559
31.059999999999764,34.0128085826868
31.079999999999764,24.627970184365708
31.099999999999763,27.38090319298898
31.119999999999763,11.872742762970217
31.139999999999763,14.928331667706527
31.159999999999762,0.0
31.17999999999976,12.822565321494839
31.19999999999976,28.596133626908227
31.21999999999976,22.507713405884513
31.23999999999976,20.21563345063183
31.25999999999976,22.356739297608318
31.27999999999976,7.942419047197129
31.29999999999976,28.11644266324139
31.31999999999976,32.17828390984711
31.33999999999976,14.239792866748068
31.359999999999758,13.800215486156642
31.379999999999757,25.9424244192139
31.399999999999757,30.790265161959095
31.419999999999757,17.985840078710865
31.439999999999756,30.624960798930424
31.459999999999756,23.000320614958373
31.479999999999755,20.846912847368536
31.499999999999755,16.60941241987021
31.519999999999754,18.322482361151998
31.539999999999754,15.82280340699577
31.559999999999754,0.0
31.579999999999753,17.880120549276004
31.599999999999753,30.177238287121074
31.619999999999752,10.878781719581182
31.639999999999752,17.92129020801626
31.65999999999975,5.973469912921734
31.67999999999975,25.5891490242576
31.69999999999975,16.87605085720777
31.71999999999975,13.099611840965308
31.73999999999975,17.551829065756824
31.75999999999975,30.8061189199474
31.77999999999975,10.520958939919925
31.79999999999975,21.197987779794538
31.819999999999748,19.623114022430883
31.839999999999748,14.394610132705314
31.859999999999747,18.06568966356746
31.879999999999747,24.00144905895983
31.899999999999746,25.32351322263645
31.919999999999746,20.786582110969643
31.939999999999745,27.558901477469842
31.959999999999745,22.71083843492998
31.979999999999745,28.963320541760176
31.999999999999744,36.62953102352352
32.01999999999974,17.845749007326432
32.03999999999974,0.6115821333924707
32.05999999999975,17.599702131422845
32.07999999999974,4.498619088933758
32.09999999999974,7.16864019326534
32.11999999999974,34.6876177510138
32.139999999999745,20.474798399078235
32.15999999999974,29.55322768894515
32.17999999999974,18.441386493464204
32.19999999999974,15.718949152703173
32.21999999999974,23.169477086665367
32.23999999999974,6.339824020028107
32.259999999999735,19.590562718071226
32.27999999999974,28.11010839339808
32.29999999999974,25.03920562447728
32.31999999999974,14.379568551798457
32.33999999999973,11.755480822495986
32.35999999999974,14.443590930535873
32.37999999999974,26.852395028946724
32.399999999999736,24.13158630852794
32.41999999999973,15.273751136783611
32.439999999999735,25.508646142109388
32.45999999999974,19.94551429624235
32.479999999999734,37.10803692521549
32.49999999999973,17.969120498952282
32.51999999999973,21.09863425585479
32.539999999999736,25.434973156315355
32.55999999999973,29.37276071964272
32.57999999999973,32.32200581836199
32.59999999999973,6.344093649851857
32.619999999999735,18.477636396530098
32.63999999999973,23.884088503612602
32.65999999999973,16.46822135468303
32.67999999999973,26.066874657184833
32.69999999999973,33.171022066207456
32.71999999999973,20.10814066830821
32.739999999999725,19.13457279743144
32.75999999999973,28.654545197858145
32.77999999999973,18.12429120394545
32.79999999999973,12.994165108136865
32.81999999999972,9.600391819822432
32.839999999999726,21.495299151108227
32.85999999999973,9.165353972429033
32.879999999999725,32.70376141469993
32.89999999999972,22.196686491391702
32.919999999999725,8.361740137830603
32.93999999999973,26.244075047418548
32.959999999999724,29.26186384698834
32.97999999999972,13.03979619629649
32.99999999999972,25.840571893304542
33.019999999999726,23.280012152938728
33.03999999999972,26.71017352425487
33.05999999999972,18.050042709455347
33.07999999999972,22.21792895708164
33.099999999999724,22.565237086005148
33.11999999999972,20.731312226247308
33.139999999999716,11.094057358083443
33.15999999999972,21.862175620072115
33.17999999999972,10.845366319438373
33.19999999999972,16.740948983243484
33.219999999999715,10.226426060635552
33.23999999999972,23.39855841682642
33.25999999999972,5.253688028627543
33.27999999999972,16.646689393331105
33.29999999999971,39.05603619604664
33.319999999999716,13.050276044759624
33.33999999999972,25.367338872117717
33.359999999999715,17.548037937338115
33.37999999999971,23.83246745736186
33.399999999999714,11.14306584524584
33.41999999999972,5.5006486145675755
33.43999999999971,9.415889809263861
33.45999999999971,24.79702569843854
33.47999999999971,31.37364067784499
33.499999999999716,22.311805357343463
33.51999999999971,26.304506050765966
33.53999999999971,24.54673154806004
33.55999999999971,11.171092472924963
33.579999999999714,12.92600059966949
33.59999999999971,37.03933379794442
33.619999999999706,27.64866468086723
33.63999999999971,29.40789620742232
33.65999999999971,8.663106317732973
33.67999999999971,18.074686617985986
33.699999999999704,19.537878639370124
33.71999999999971,23.653649235144627
33.73999999999971,18.50548237670362
33.75999999999971,30.801875380577172
33.7799999999997,26.730634775673686
33.799999999999706,25.210105408391748
33.81999999999971,7.950704264036252
33.839999999999705,8.181769256722584
33.8599999999997,12.351050877169829
33.879999999999704,41.66213487578541
33.89999999999971,16.240511141435444
33.9199999999997,18.212187840472186
33.9399999999997,14.623370440468324
33.9599999999997,16.170549131345517
33.979999999999706,19.275462298851853
33.9999999999997,18.26920402152513
34.0199999999997,21.25794579254751
34.0399999999997,35.639269615582414
34.059999999999704,22.571961374176816
34.0799999999997,10.850453901959838
34.099999999999696,24.523123066062414
34.1199999999997,31.459009179234513
34.1399999999997,17.95568455091035
34.1599999999997,9.853228274162001
34.179999999999694,24.759286723181614
34.1999999999997,17.111121610637134
34.2199999999997,13.56494570662409
34.2399999999997,14.189293921128387
34.25999999999969,22.585621901470798
34.279999999999696,14.491843922175597
34.2999999999997,7.305753918243278
34.319999999999695,24.338316765229433
34.33999999999969,22.010949736265495
34.359999999999694,2.9791588756194685
34.3799999999997,17.12252524249139
34.39999999999969,13.466269120906356
34.41999999999969,10.56682503285868
34.43999999999969,9.32287554171806
34.459999999999695,15.189163182175495
34.47999999999969,14.489421856973767
34.49999999999969,11.332472075735517
34.51999999999969,16.353755829591794
34.539999999999694,22.84967317902589
34.55999999999969,22.37874907756455
34.579999999999686,26.674075373276104
34.59999999999969,16.888877846729887
34.61999999999969,18.311604629464835
34.63999999999969,7.106200086548435
34.659999999999684,22.049542445864628
34.67999999999969,14.42153886895371
34.69999999999969,1.099449280796847
34.719999999999686,11.516256378069547
34.73999999999968,24.545931736373646
34.759999999999685,11.925019582045167
34.77999999999969,26.129705234767922
34.799999999999685,14.717032910902768
34.81999999999968,7.379177580379212
34.839999999999684,6.9869799600266695
34.85999999999969,20.81498330695258
34.87999999999968,13.342967795693047
34.89999999999968,8.643459874415631
34.91999999999968,22.274603581927025
34.939999999999685,16.224122047210223
34.95999999999968,17.63544708010361
34.97999999999968,9.792863703851873
34.99999999999968,23.363188530443573
35.01999999999968,17.084826476105867
35.03999999999968,26.066097193198125
35.059999999999675,14.163828898141233
35.07999999999968,25.795565376026566
35.09999999999968,26.036461543854738
35.11999999999968,20.34980554240164
35.139999999999674,31.304040510915605
35.15999999999968,19.51353180303664
35.17999999999968,20.917800435923546
35.199999999999676,24.005333419911633
35.21999999999967,12.117146594116232
35.239999999999675,9.127119700784252
35.25999999999968,21.53888573738842
35.279999999999674,20.518432388589613
35.29999999999967,10.417170653327426
35.31999999999967,17.514639094579955
35.33999999999968,27.423160152708245
35.35999999999967,16.239001408220375
35.37999999999967,16.372597368554562
35.39999999999967,7.967162394560029
35.419999999999675,24.502079247073084
35.43999999999967,11.581943417203384
35.45999999999967,26.390413165006407
35.47999999999967,30.16014230758679
35.49999999999967,22.246294006881424
35.51999999999967,20.2115743915475
35.539999999999665,20.440593126381795
35.55999999999967,23.761330916152676
35.57999999999967,5.56266123126505
35.59999999999967,40.139032551578794
35.61999999999966,22.348467701891785
35.63999999999967,23.0728235274379
35.65999999999967,22.783052100379287
35.679999999999666,17.954343289749602
35.69999999999966,16.52956717084885
35.719999999999665,24.422007730845458
35.73999999999967,25.550972549942678
35.759999999999664,21.877442785638856
35.77999999999966,12.249582763855624
35.79999999999966,33.44679575802092
35.819999999999666,19.360003861928472
35.83999999999966,22.342339230371753
35.85999999999966,37.96234830276482
35.87999999999966,27.322809617532425
35.899999999999665,7.327553198127628
35.91999999999966,16.337375047068235
35.93999999999966,12.68373123790149
35.95999999999966,24.294448757263577
35.97999999999966,19.50112858692515
35.99999999999966,17.128091323451336
36.019999999999655,24.42051905703729
36.03999999999966,30.694064176367316
36.05999999999966,17.95463966359415
36.07999999999966,14.79816315424067
36.09999999999965,15.996340305577366
36.119999999999656,14.093601424773354
36.13999999999966,11.935008180683797
36.159999999999656,28.705834721589575
36.17999999999965,29.064456854570594
36.199999999999655,15.920119675879526
36.21999999999966,24.087379265945096
36.239999999999654,26.547110052786078
36.25999999999965,29.832076513110227
36.27999999999965,12.732801620082732
36.299999999999656,13.851336265279734
36.31999999999965,20.09298176209962
36.33999999999965,29.48117392000854
36.35999999999965,21.143906429952608
36.379999999999654,4.080558296402133
36.39999999999965,21.173599548081533
36.419999999999646,19.978941760495765
36.43999999999965,23.111870313442147
36.45999999999965,30.012735783181725
36.47999999999965,32.73412124462433
36.499999999999645,31.158893421027493
36.51999999999965,24.275891813307574
36.53999999999965,32.52267933356407
36.55999999999965,28.775093061914944
36.57999999999964,17.245255041865683
36.599999999999646,17.62263918316679
36.61999999999965,17.95177402025869
36.639999999999645,12.56711991495543
36.65999999999964,26.708918863247295
36.679999999999644,24.103678268555242
36.69999999999965,9.181489685351602
36.719999999999644,13.30624040681039
36.73999999999964,24.565752282431617
36.75999999999964,21.08871218821855
36.779999999999646,23.50832422731843
36.79999999999964,8.929053173748203
36.81999999999964,30.567364578914813
36.83999999999964,42.07274761955716
36.859999999999644,4.760637242119289
36.87999999999964,13.759611201305098
36.899999999999636,19.180753308979728
36.91999999999964,20.975318229906406
36.93999999999964,29.02502078682004
36.95999999999964,14.15617009851356
36.979999999999634,24.209266585725278
36.99999999999964,24.785057959043783
37.01999999999964,22.836645785119224
37.03999999999964,16.630523661696987
37.05999999999963,45.70622797314841
37.079999999999636,15.103239676806643
37.09999999999964,19.85756954929426
37.119999999999635,31.190879811246333
37.13999999999963,13.130088316935808
37.159999999999634,15.980808812118145
37.17999999999964,15.298323054346278
37.19999999999963,19.038091593285973
37.21999999999963,21.764532553291037
37.23999999999963,30.021693803071607
37.259999999999636,18.645066485689668
37.27999999999963,19.57051694561304
37.29999999999963,17.797093721675935
37.31999999999963,26.27351264101119
37.339999999999634,29.865357921357855
37.35999999999963,20.201416892368112
37.379999999999626,22.438155445257976
37.39999999999963,18.063299113411528
37.41999999999963,28.568770754801854
37.43999999999963,23.86689744674371
37.459999999999624,17.88298565268942
37.47999999999963,22.988987542650445
37.49999999999963,27.134138498128227
37.51999999999963,29.49928233450285
37.53999999999962,3.884899223593056
37.559999999999626,20.873233482008196
37.57999999999963,18.287311807521032
37.599999999999625,14.702193730608727
37.61999999999962,28.900577423346256
37.639999999999624,22.861480167105682
37.65999999999963,19.508359648129797
37.67999999999962,5.166744260782817
37.69999999999962,24.85174150071818
37.71999999999962,18.631463128213397
37.739999999999625,12.22891490772139
37.75999999999962,26.765907803308114
37.77999999999962,15.664028004640222
37.79999999999962,41.44561538485808
37.819999999999624,22.671036812605596
37.83999999999962,12.4133469663484
37.859999999999616,23.40928566423458
37.87999999999962,23.62568046149803
37.89999999999962,24.679398534916658
37.91999999999962,17.608462493244915
37.939999999999614,19.95091173874255
37.95999999999962,19.835111343648045
37.97999999999962,27.63636763970603
37.999999999999616,21.178492871643268
38.01999999999961,16.11602491704067
38.039999999999615,25.901738765333043
38.05999999999962,19.080498317301792
38.079999999999615,11.782674267527268
38.09999999999961,29.881887130950343
38.119999999999614,11.747582387652391
38.13999999999962,17.644581635563654
38.15999999999961,20.22915591693057
38.17999999999961,30.27381888419281
38.19999999999961,21.87074028446053
38.219999999999615,10.086135239101909
38.23999999999961,12.270296320412987
38.25999999999961,33.726211225138975
38.27999999999961,27.509855910316283
38.29999999999961,15.598095933206979
38.31999999999961,0.0
38.339999999999606,20.53097362760186
38.35999999999961,16.916273206659422
38.37999999999961,11.145988329659914
38.39999999999961,26.14864820206863
38.419999999999604,11.347268289182965
38.43999999999961,22.727935993047296
38.45999999999961,30.916752423632005
38.479999999999606,7.460167598421368
38.4999999999996,30.576492078225414
38.519999999999605,11.793163278639192
38.53999999999961,17.402891095479845
38.559999999999604,16.94378439206998
38.5799999999996,20.58032331799466
38.5999999999996,15.096218616677866
38.61999999999961,22.542606262000266
38.6399999999996,17.023028578308146
38.6599999999996,13.41617813897389
38.6799999999996,14.516199125448697
38.699999999999605,22.09561012395516
38.7199999999996,35.75100764111574
38.7399999999996,21.14330415039191
38.7599999999996,19.297381255994363
38.7799999999996,28.790508669509435
38.7999999999996,11.42448208538079
38.819999999999595,24.33512820603064
38.8399999999996,14.519991399981976
38.8599999999996,21.844429539836945
38.8799999999996,34.83145923194469
38.899999999999594,23.93213965219516
38.9199999999996,17.60148097878568
38.9399999999996,10.06640539170322
38.959999999999596,9.528967451436413
38.97999999999959,28.56065537163117
38.999999999999595,30.862179619792137
39.0199999999996,24.866596534018605
39.039999999999594,26.77815420587781
39.05999999999959,8.016505197938743
39.07999999999959,28.841520916734048
39.099999999999596,29.36302799152301
39.11999999999959,10.12363408385293
39.13999999999959,18.347465341411795
39.15999999999959,35.99026504908572
39.179999999999595,23.294234555525417
39.19999999999959,23.97947584309101
39.21999999999959,23.567088181778026
39.23999999999959,15.565100296569918
39.25999999999959,16.749879492656838
39.27999999999959,18.85037518717988
39.299999999999585,12.055921890080231
39.31999999999959,15.675544055789956
39.33999999999959,14.294352846036738
39.35999999999959,23.943918490745723
39.37999999999958,18.47138680699273
39.39999999999959,29.19818174065768
39.41999999999959,34.796683194967194
39.439999999999586,14.368448489705852
39.45999999999958,10.894183355865103
39.479999999999585,18.224763989734072
39.49999999999959,14.45225596854949
39.519999999999584,30.843369943094928
39.53999999999958,20.29152108977387
39.55999999999958,17.169686888485778
39.579999999999586,21.734189351196427
39.59999999999958,19.230114566666412
39.61999999999958,23.170983067765718
39.63999999999958,27.1349587058044
39.659999999999584,13.619432514536946
39.67999999999958,24.005115504431828
39.69999999999958,15.380756224058686
39.71999999999958,30.230663956093043
39.73999999999958,25.746262506999784
39.75999999999958,25.459314807623336
39.779999999999575,19.542592548853147
39.79999999999958,20.75617865589449
39.81999999999958,21.10783777826806
39.83999999999958,19.770881190912533
39.85999999999957,0.0
39.879999999999576,15.662554491881064
39.89999999999958,18.612472370500203
39.919999999999575,23.66173248793306
39.93999999999957,21.45945299621817
39.959999999999575,19.178486676787767
39.97999999999958,20.06690975853401
39.999999999999574,9.76582559313728
40.01999999999957,17.052489336482516
40.03999999999957,46.472084477487854
40.059999999999576,11.04533121212065
40.07999999999957,16.47820426645365
40.09999999999957,11.702248005635568
40.11999999999957,9.284809016211062
40.139999999999574,17.770553862172854
40.15999999999957,28.830847589474836
40.179999999999566,19.71625450693424
40.19999999999957,28.92783859174321
40.21999999999957,17.28191258966751
40.23999999999957,22.8405528503309
40.259999999999565,24.415906668593827
40.27999999999957,10.700463117002935
40.29999999999957,14.565918289805559
40.31999999999957,14.498161998159478
40.33999999999956,22.44375196532954
40.359999999999566,33.21662352272782
40.37999999999957,26.25206828408975
40.399999999999565,10.277049341055674
40.41999999999956,14.007479976108488
40.439999999999564,12.276589189730927
40.45999999999957,25.61249512372967
40.47999999999956,24.549491387071463
40.49999999999956,30.91098790217125
40.51999999999956,30.278760187151768
40.539999999999566,17.576815321542202
40.55999999999956,17.976525030763227
40.57999999999956,7.233722324410516
40.59999999999956,26.600125624088456
40.619999999999564,26.100289913549112
40.63999999999956,14.798848012292918
40.659999999999556,8.403768140882596
40.67999999999956,20.20162759963408
40.69999999999956,30.247740069824
40.71999999999956,24.500296447810673
40.739999999999554,25.596323312932395
40.75999999999956,15.757948050399792
40.77999999999956,28.14605450257519
40.79999999999956,12.110696437595468
40.81999999999955,14.32197664618351
40.839999999999556,21.95705851677014
40.85999999999956,4.340645290564542
40.879999999999555,41.486173545173756
40.89999999999955,21.840850196440275
40.919999999999554,0.0
40.93999999999956,29.769316301194692
40.95999999999955,17.40964929773374
40.97999999999955,3.018783540496905
40.99999999999955,12.367752074755595
41.019999999999555,25.245783055510966
41.03999999999955,8.977885225602073
41.05999999999955,25.49009560465984
41.07999999999955,25.231349362386307
41.099999999999554,27.35030551936516
41.11999999999955,36.776506270224175
41.139999999999546,16.773215810262414
41.15999999999955,26.628161811373538
41.17999999999955,23.561169824363493
41.19999999999955,6.536315294661838
41.219999999999544,13.05985038505344
41.23999999999955,15.238393391134945
41.25999999999955,0.0
41.279999999999546,17.655974571472168
41.29999999999954,12.467034905472968
41.319999999999546,9.96153246013319
41.33999999999955,2.507111447444327
41.359999999999545,28.76527996888391
41.37999999999954,14.231224882245368
41.399999999999544,27.906576385420347
41.41999999999955,22.277384868165107
41.43999999999954,17.765740388016926
41.45999999999954,16.808635767235117
41.47999999999954,25.491251116974507
41.499999999999545,25.14618721894416
41.51999999999954,9.82692637829197
41.53999999999954,19.365750831736815
41.55999999999954,29.829010023283292
41.57999999999954,24.007434790325938
41.59999999999954,11.097621981429015
41.619999999999536,14.450701781775294
41.63999999999954,23.879718110071806
41.65999999999954,20.857442119839654
41.67999999999954,30.205347233194495
41.699999999999534,22.267039228061925
41.71999999999954,24.124209658117422
41.73999999999954,22.803904902272507
41.759999999999536,21.473210271164202
41.77999999999953,30.53728261601041
41.799999999999535,25.55742606288959
41.81999999999954,24.244413701027757
41.839999999999534,19.034908725427627
41.85999999999953,10.275738688024513
41.879999999999534,28.678221752331247
41.89999999999954,13.360172760513098
41.91999999999953,17.491873187134015
41.93999999999953,24.32417332327035
41.95999999999953,19.97938876638578
41.979999999999535,36.90144511502376
41.99999999999953,13.859041704503795
42.01999999999953,20.75087206366989
42.03999999999953,19.411947549361983
42.05999999999953,21.962295911510125
42.07999999999953,15.904021319012536
42.099999999999525,14.743865924866292
42.11999999999953,12.525919549226778
42.13999999999953,18.887174961632255
42.15999999999953,28.493104020230376
42.179999999999524,22.137886119071545
42.19999999999953,6.233882139005081
42.21999999999953,28.82082076811937
42.239999999999526,14.461954760812684
42.25999999999952,11.320743829857477
42.279999999999525,25.901813619437764
42.29999999999953,23.752069441860737
42.319999999999524,24.07359043574191
42.33999999999952,17.067157083241064
42.35999999999952,22.822637199395587
42.37999999999953,16.194157342949218
42.39999999999952,22.970645284870443
42.41999999999952,22.78076108328689
42.43999999999952,27.76153849429014
42.459999999999525,22.838854304817414
42.47999999999952,19.82623022363854
42.49999999999952,33.22590985590847
42.51999999999952,19.792883887160453
42.53999999999952,26.15762030168648
42.55999999999952,28.969014690124695
42.579999999999515,20.327193277069437
42.59999999999952,18.163815639604174
42.61999999999952,29.00372028672865
42.63999999999952,12.945368625824372
42.65999999999951,24.030753727666497
42.67999999999952,23.404629615975338
42.69999999999952,33.57739884662859
42.719999999999516,26.61521729471508
42.73999999999951,10.242233646717198
42.759999999999515,14.599589064041805
42.77999999999952,5.181437186785075
42.799999999999514,13.566005003254501
42.81999999999951,8.384729614970873
42.83999999999951,33.309875725561504
42.859999999999516,10.791201876017197
42.87999999999951,18.442947202180743
42.89999999999951,25.128784995313584
42.91999999999951,19.691066499630075
42.939999999999515,15.279853979670152
42.95999999999951,15.242641949928894
42.97999999999951,21.458585170602156
42.99999999999951,21.619346179450716
43.01999999999951,29.394175486749162
43.03999999999951,18.323290375303085
43.059999999999505,15.151160309030441
43.07999999999951,18.50149412626953
43.09999999999951,21.21997700705854
43.11999999999951,1.2731162068044704
43.1399999999995,21.18495585321559
43.159999999999506,21.728620631512314
43.17999999999951,32.02171509148964
43.199999999999505,17.05572690726498
43.2199999999995,7.326852426438236
43.239999999999505,26.329731547841778
43.25999999999951,16.043025218470895
43.279999999999504,27.912155021937362
43.2999999999995,26.88663083247791
43.3199999999995,12.702992597806363
43.339999999999506,15.343053263800101
43.3599999999995,21.47881819561861
43.3799999999995,26.263020184022967
43.3999999999995,23.481560057921563
43.419999999999504,21.22175697635395
43.4399999999995,14.217991583498971
43.459999999999496,21.416312025482718
43.4799999999995,7.435579792486537
43.4999999999995,30.416208691899424
43.5199999999995,23.431264719738813
43.539999999999495,20.55900266387641
43.5599999999995,23.066618586277343
43.5799999999995,24.438338004704924
43.5999999999995,14.86818362594826
43.61999999999949,27.732247890424865
43.639999999999496,30.19675781960772
43.6599999999995,17.313179650851783
43.679999999999495,30.823848465978962
43.69999999999949,26.648266412978725
43.719999999999494,22.43869638931234
43.7399999999995,17.3046353414805
43.75999999999949,11.40428094033001
43.77999999999949,28.514600316807414
43.79999999999949,13.171133921561655
43.819999999999496,28.954448452017093
43.83999999999949,7.020191681622732
43.85999999999949,16.79851755775097
43.87999999999949,18.699948415365988
43.899999999999494,15.905971246632681
43.91999999999949,4.180517049075917
43.939999999999486,21.229418683502782
43.95999999999949,9.40993453903394
43.97999999999949,37.85529062306649
43.99999999999949,28.315560905942736
44.019999999999484,40.44865395936188
44.03999999999949,23.64876434201033
44.05999999999949,26.57781581071172
44.07999999999949,17.438322213685236
44.09999999999948,15.218242718744683
44.119999999999486,18.045805546651465
44.13999999999949,23.95561108773634
44.159999999999485,19.970151362953924
44.17999999999948,29.449286492703916
44.199999999999484,19.39802014658664
44.21999999999949,28.59302703526322
44.23999999999948,13.206318739361315
44.25999999999948,29.49730052723651
44.27999999999948,16.18438269909089
44.299999999999486,15.355373829441188
44.31999999999948,25.053261975570408
44.33999999999948,26.703994943006997
44.35999999999948,14.5302687922927
44.379999999999484,14.714402431742172
44.39999999999948,20.818044440478165
44.419999999999476,17.598267032363722
44.43999999999948,12.327295511862447
44.45999999999948,18.03545232776405
44.47999999999948,2.605433515729146
44.499999999999474,13.269064304653336
44.51999999999948,2.923171426771848
44.53999999999948,23.374805062371344
44.55999999999948,24.908173716646733
44.57999999999947,25.51610390535785
44.599999999999476,17.46115705725757
44.61999999999948,11.220530400863314
44.639999999999475,5.10464201810559
44.65999999999947,19.5887059842594
44.679999999999474,26.048521614354016
44.69999999999948,12.115989137442439
44.71999999999947,1.946290335930648
44.73999999999947,34.839177310489475
44.75999999999947,19.53238473804563
44.779999999999475,19.491917453710172
44.79999999999947,25.554437771971294
44.81999999999947,19.802937299842533
44.83999999999947,30.76807975361397
44.859999999999474,40.74547878264268
44.87999999999947,68.8756141245672
44.899999999999466,75.99191314051097
44.91999999999947,97.14429749369414
44.93999999999947,130.80499453576297
44.95999999999947,166.28958229242247
44.979999999999464,234.80203118075465
44.99999999999947,282.36523214343134
45.01999999999947,378.6468602225293
45.039999999999466,457.24492390766966
45.05999999999946,576.6818516089229
45.079999999999465,673.0397302099451
45.09999999999947,771.5487915606636
45.119999999999465,860.1395487134976
45.13999999999946,926.8186733736406
45.159999999999464,985.3753002710286
45.17999999999947,1018.7169390641764
45.19999999999946,1010.6717276610397
45.21999999999946,979.6757546846144
45.23999999999946,951.2865718429285
45.259999999999465,871.7065734305248
45.27999999999946,787.4655291790802
45.29999999999946,686.3031724831608
45.31999999999946,602.2831271275745
45.33999999999946,488.59414448192786
45.35999999999946,403.72048822165505
45.379999999999455,317.69920046577784
45.39999999999946,248.45424718279997
45.41999999999946,174.92267918653616
45.43999999999946,135.96677808089228
45.459999999999454,96.17685425326782
45.47999999999946,76.84568197178112
45.49999999999946,58.685193541368875
45.519999999999456,61.84192844580856
45.53999999999945,32.28213591209993
45.559999999999455,37.15882170842205
45.57999999999946,44.669675010295286
45.599999999999454,20.03971380575894
45.61999999999945,27.593955926817557
45.63999999999945,32.87974354921276
45.65999999999946,21.003775164510987
45.67999999999945,29.59598353093505
45.69999999999945,24.09536609978287
45.71999999999945,29.08777526631303
45.739999999999455,3.2823346180857946
45.75999999999945,23.769784840421686
45.77999999999945,0.0
45.79999999999945,18.12921489168176
45.81999999999945,24.53456743363572
45.83999999999945,24.08485404022237
45.859999999999445,24.124469974502112
45.87999999999945,21.300281745973667
45.89999999999945,16.314580912150554
45.91999999999945,30.032423794452093
45.93999999999944,15.922511903219412
45.95999999999945,15.097704775776332
45.97999999999945,19.185675449874303
45.999999999999446,22.75863223084882
46.01999999999944,16.009961571010297
46.039999999999445,25.0675488246012
46.05999999999945,23.38846798405915
46.079999999999444,22.818895272949153
46.09999999999944,38.46750113790061
46.11999999999944,13.784959332127885
46.139999999999446,27.5121843170222
46.15999999999944,30.558178841407603
46.17999999999944,18.314490276540795
46.19999999999944,18.359360860107028
46.219999999999445,23.209233918509632
46.23999999999944,19.94973771316137
46.25999999999944,15.139589938194941
46.27999999999944,15.741865553843224
46.29999999999944,24.504706041905372
46.31999999999944,19.207933048225822
46.339999999999435,29.794748139366718
46.35999999999944,18.139144148822204
46.37999999999944,28.10664275229652
46.39999999999944,13.85406255319895
46.41999999999943,20.532944012794307
46.439999999999436,24.06507415793539
46.45999999999944,19.58233974876726
46.479999999999436,13.85139824770702
46.49999999999943,8.793003104409882
46.519999999999435,25.79984147454455
46.53999999999944,23.334784277963873
46.559999999999434,20.587986769431726
46.57999999999943,10.972842598705862
46.59999999999943,26.979075988222803
46.619999999999436,33.885376233147674
46.63999999999943,21.7235847858231
46.65999999999943,8.003290285109957
46.67999999999943,20.78244682426525
46.699999999999434,24.847733351524226
46.71999999999943,22.749685140951765
46.73999999999943,24.058875069631426
46.75999999999943,20.816522154593233
46.77999999999943,10.554347082762133
46.79999999999943,0.0
46.819999999999425,16.299325726511743
46.83999999999943,5.591603905275896
46.85999999999943,28.867493628308527
46.87999999999943,16.170444091413916
46.89999999999942,14.374728117589012
46.919999999999426,21.118475680090846
46.93999999999943,11.825857231749076
46.959999999999425,17.076960259017252
46.97999999999942,13.003914529820356
46.999999999999424,13.778249820401292
47.01999999999943,16.298432249313652
47.039999999999424,19.129369877966433
47.05999999999942,7.327278132131264
47.07999999999942,17.743455462340798
47.099999999999426,28.298031893450897
47.11999999999942,26.726068974576258
47.13999999999942,12.686366754552415
47.15999999999942,19.53890994509784
47.179999999999424,15.84615899315359
47.19999999999942,25.25794316430428
47.219999999999416,18.846646932043036
47.23999999999942,24.615896470570792
47.25999999999942,34.65170931858722
47.27999999999942,23.609838662134177
47.299999999999415,12.157695571512232
47.31999999999942,26.226851354449963
47.33999999999942,22.204429319688828
47.35999999999942,24.8307759499858
47.37999999999941,20.925340498350902
47.399999999999416,7.177613914720334
47.41999999999942,14.406007772369396
47.439999999999415,20.09474601426444
47.45999999999941,20.280032242842985
47.479999999999414,22.653114777308268
47.49999999999942,27.77919769285145
47.51999999999941,28.410253063721704
47.53999999999941,17.443396016645995
47.55999999999941,31.01645631910307
47.579999999999416,22.750266910601535
47.59999999999941,17.929838805602927
47.61999999999941,21.931021796721005
47.63999999999941,12.298875649208952
47.659999999999414,22.903905405660453
47.67999999999941,22.303996644763817
47.699999999999406,23.01056724472232
47.71999999999941,15.218587142096805
47.73999999999941,19.675472497945936
47.75999999999941,27.87414181610923
47.779999999999404,23.90762078843877
47.79999999999941,17.58883042226058
47.81999999999941,17.293135212598003
47.83999999999941,33.967986914277105
47.8599999999994,13.94881970407464
47.879999999999406,7.091151098856544
47.89999999999941,23.505636638382242
47.919999999999405,21.793602143839607
47.9399999999994,17.1919722457108
47.959999999999404,28.046448255760602
47.97999999999941,17.944471576696454
47.9999999999994,22.05405534101267
48.0199999999994,16.51151956393889
48.0399999999994,6.35126233852807
48.059999999999405,9.546970410904562
48.0799999999994,10.645350798783397
48.0999999999994,28.620491954413595
48.1199999999994,17.62548891226436
48.139999999999404,22.505202616353184
48.1599999999994,18.57789827276946
48.179999999999396,21.317570457775933
48.1999999999994,8.710548678631062
48.2199999999994,13.85249939326592
48.2399999999994,31.250353438497292
48.259999999999394,30.49911275664818
48.2799999999994,7.295239329787249
48.2999999999994,32.63595320593029
48.319999999999396,23.636291689744503
48.33999999999939,23.036256541707353
48.359999999999395,13.121475453553645
48.3799999999994,25.894764770988896
48.399999999999395,13.812322438542804
48.41999999999939,14.7405312503585
48.439999999999394,34.45598218872266
48.4599999999994,30.154627228193547
48.47999999999939,9.852085761266853
48.49999999999939,30.295625952830612
48.51999999999939,23.241107143887525
48.539999999999395,11.850348178344895
48.55999999999939,22.432007393385998
48.57999999999939,16.002962085426134
48.59999999999939,25.731018954573003
48.61999999999939,8.682594104782408
48.63999999999939,12.19816328413085
48.659999999999386,18.19961356940162
48.67999999999939,17.163961182427904
48.69999999999939,24.57117692710102
48.71999999999939,26.252390204366844
48.739999999999384,18.114280197582545
48.75999999999939,15.48897062184969
48.77999999999939,17.841018929536375
48.799999999999386,16.4650655597164
48.81999999999938,12.015416731697314
48.839999999999385,14.025770984226451
48.85999999999939,13.931630377058054
48.879999999999384,25.581773192019305
48.89999999999938,18.263280065851937
48.91999999999938,9.557512280387341
48.93999999999939,18.611469149672452
48.95999999999938,33.29844466854034
48.97999999999938,12.736244983461994
48.99999999999938,21.351253680637104
49.019999999999385,9.953570199031752
49.03999999999938,29.374561714378956
49.05999999999938,19.12579260257885
49.07999999999938,27.341529286534694
49.09999999999938,16.346911621449483
49.11999999999938,24.957617305554365
49.139999999999375,9.392496660031005
49.15999999999938,32.06637039175329
49.17999999999938,22.456910728372762
49.19999999999938,17.973639261976523
49.219999999999374,18.75988415286933
49.23999999999938,6.7672984148411075
49.25999999999938,7.370717602440026
49.279999999999376,18.20317100223427
49.29999999999937,25.510640001184903
49.319999999999375,25.850910915600956
49.33999999999938,5.874105406770017
49.359999999999374,19.96438055489803
49.37999999999937,23.405562273056198
49.39999999999937,31.937467958299003
49.419999999999376,9.03632120262718
49.43999999999937,19.33559478566657
49.45999999999937,24.64164682770017
49.47999999999937,8.051612902427248
49.499999999999375,11.325171983302774
49.51999999999937,21.34343733143273
49.53999999999937,9.513713111677058
49.55999999999937,24.253223781716624
49.57999999999937,19.986926450319075
49.59999999999937,23.30166602620297
49.619999999999365,8.668607843670728
49.63999999999937,25.208374900768696
49.65999999999937,24.00071628117198
49.67999999999937,17.12440123204394
49.69999999999936,20.029779697012792
49.71999999999937,21.949351058156864
49.73999999999937,25.63274593147352
49.759999999999366,21.17529374868231
49.77999999999936,15.336672476660357
49.799999999999365,22.36045630953963
49.81999999999937,38.150278002953016
49.839999999999364,33.423346821027195
49.85999999999936,31.936003099252623
49.87999999999936,22.498057569116625
49.899999999999366,9.388216025565963
49.91999999999936,12.197717992793276
49.93999999999936,29.664651585718737
49.95999999999936,20.813614520548565
49.979999999999364,16.261294218504407
49.99999999999936,11.952553257919051
50.01999999999936,12.391978353555592
50.03999999999936,14.633423141233754
50.05999999999936,25.443878268181667
50.07999999999936,11.247656432732061
50.099999999999355,18.044767400449334
50.11999999999936,15.328874921136357
50.13999999999936,16.49879278957086
50.15999999999936,23.23916641101462
50.17999999999935,3.1877029467972235
50.199999999999356,24.983995129167646
50.21999999999936,26.76834321447533
50.239999999999355,20.340952025028372
50.25999999999935,26.422289386295244
50.279999999999355,22.670360341088454
50.29999999999936,35.82086492360862
50.319999999999354,22.641352495369908
50.33999999999935,18.25018788229128
50.35999999999935,15.024973744418677
50.379999999999356,7.846129307238055
50.39999999999935,16.331035795831042
50.41999999999935,22.23121697056974
50.43999999999935,9.586239437702234
50.459999999999354,25.230288531198298
50.47999999999935,7.79965266860745
50.499999999999346,33.98301397359822
50.51999999999935,31.086862330262655
50.53999999999935,20.0145158322595
50.55999999999935,25.03956786042032
50.579999999999345,28.719911180142468
50.59999999999935,21.374141968525905
50.61999999999935,23.87630463487387
50.63999999999935,17.960633708770587
50.65999999999934,15.499509415260853
50.679999999999346,16.903820710898124
50.69999999999935,23.73451204281811
50.719999999999345,16.04766306019438
50.73999999999934,15.26138917383269
50.759999999999344,19.405106779985957
50.77999999999935,32.51177133147614
50.79999999999934,11.639466587669839
50.81999999999934,17.57731275415087
50.83999999999934,14.086463826353167
50.859999999999346,31.829122824024026
50.87999999999934,6.894618025741586
50.89999999999934,26.132347457640535
50.91999999999934,11.288133070285118
50.939999999999344,8.53385784517517
50.95999999999934,4.581027228409731
50.979999999999336,30.580186135547685
50.99999999999934,20.36341898716078
51.01999999999934,10.12867397091865
51.03999999999934,18.74970168420612
51.059999999999334,20.29974292682626
51.07999999999934,16.344990418773726
51.09999999999934,20.676886715627216
51.11999999999934,18.881380169035594
51.13999999999933,26.8497412347483
51.159999999999336,15.349610626965486
51.17999999999934,30.47350820417269
51.199999999999335,14.187383954259833
51.21999999999933,18.76317775323999
51.239999999999334,24.21296041487741
51.25999999999934,26.73618999166709
51.27999999999933,8.761834538767788
51.29999999999933,9.742218979932932
51.31999999999933,15.61348792940177
51.339999999999336,21.400917680621614
51.35999999999933,28.724040464108313
51.37999999999933,20.574977278169385
51.39999999999933,15.777345784351237
51.419999999999334,10.003061012163393
51.43999999999933,11.841524034508774
51.459999999999326,20.753674445363192
51.47999999999933,24.40061278597122
51.49999999999933,7.351519459861057
51.51999999999933,38.81758195276633
51.539999999999324,15.469834407188255
51.55999999999933,18.260458702764108
51.57999999999933,26.498998076775365
51.599999999999326,22.821209345626286
51.61999999999932,4.7419910125592
51.639999999999326,28.32256989395608
51.65999999999933,21.775125156783997
51.679999999999325,17.650030409740705
51.69999999999932,20.995519124454507
51.719999999999324,18.754280318702712
51.73999999999933,22.15208798998578
51.75999999999932,5.2839903188450865
51.77999999999932,14.944679694594495
51.79999999999932,33.37076987165018
51.819999999999325,3.5141652896215057
51.83999999999932,20.899555767497407
51.85999999999932,19.64776247244111
51.87999999999932,20.54427478129766
51.899999999999324,27.14884552515216
51.91999999999932,17.67169138831916
51.939999999999316,24.092790657122137
51.95999999999932,9.80509565733868
51.97999999999932,20.985007146761877
51.99999999999932,7.858226363691081
52.019999999999314,28.602232504966306
52.03999999999932,25.388036760324074
52.05999999999932,9.212558482078837
52.079999999999316,27.372394610573004
52.09999999999931,18.013554005230084
52.119999999999315,26.576015833328004
52.13999999999932,17.45928014066169
52.159999999999314,7.59298448903127
52.17999999999931,41.08085352672737
52.199999999999314,9.5171049640685
52.21999999999932,21.637299722595714
52.23999999999931,27.00236944283545
52.25999999999931,27.006845371642825
52.27999999999931,27.678702425702035
52.299999999999315,27.349195011617308
52.31999999999931,29.21627848452341
52.33999999999931,29.7431737555356
52.35999999999931,20.01633978460749
52.37999999999931,46.80435337103043
52.39999999999931,51.50456149236563
52.419999999999305,60.34465913635704
52.43999999999931,88.05775945874755
52.45999999999931,103.91667906782361
52.47999999999931,148.85983736100417
52.499999999999304,162.79362676624032
52.51999999999931,241.23304390846153
52.53999999999931,251.84769778645656
52.559999999999306,317.0129072394493
52.5799999999993,350.56686408936696
52.599999999999305,396.45391909750816
52.61999999999931,436.1648799951085
52.639999999999304,465.795844519095
52.6599999999993,467.4391643482969
52.6799999999993,466.3372380060082
52.69999999999931,470.23735326272737
52.7199999999993,447.467346096678
52.7399999999993,420.16330182408086
52.7599999999993,381.243084030996
52.779999999999305,342.4379509102581
52.7999999999993,291.27883688265365
52.8199999999993,243.70717086106816
52.8399999999993,212.50565569323444
52.8599999999993,157.61623609852714
52.8799999999993,131.34811866923152
52.899999999999295,97.80010593447608
52.9199999999993,90.45909708128518
52.9399999999993,73.91508449374248
52.9599999999993,50.197271446551866
52.97999999999929,31.813354143880026
52.9999999999993,28.969810014291184
53.0199999999993,18.056143334949635
53.039999999999296,20.898999851673825
53.05999999999929,19.660510764433507
53.079999999999295,10.370090388167885
53.0999999999993,14.073279867471285
53.119999999999294,14.473801710764189
53.13999999999929,15.02544667499528
53.15999999999929,12.077204775098275
53.179999999999296,27.668741783548587
53.19999999999929,23.212129794761168
53.21999999999929,21.277806184926277
53.23999999999929,17.268297868964254
53.259999999999295,20.835316345744754
53.27999999999929,2.0881214053540127
53.29999999999929,24.224637201073428
53.31999999999929,11.175242101236652
53.33999999999929,22.02274180901632
53.35999999999929,3.46960782644933
53.379999999999285,20.56356886385504
53.39999999999929,8.396975140789124
53.41999999999929,14.882853596191012
53.43999999999929,36.84150056871789
53.45999999999928,19.094475906147203
53.479999999999286,24.075614073472444
53.49999999999929,29.32971557971073
53.519999999999285,16.868256824391178
53.53999999999928,13.854253764476054
53.559999999999285,27.00402683862807
53.57999999999929,15.512948979193961
53.599999999999284,10.78025940797062
53.61999999999928,8.07125678943476
53.63999999999928,13.449411356176167
53.659999999999286,15.416109148483898
53.67999999999928,24.44832485937674
53.69999999999928,27.003880904884998
53.71999999999928,18.21075779300552
53.739999999999284,17.771724262728583
53.75999999999928,27.405872828815305
53.779999999999276,22.757954947144462
53.79999999999928,7.747250346974383
53.81999999999928,29.34347815757018
53.83999999999928,13.95222429083531
53.859999999999275,29.95165112149025
53.87999999999928,15.591569904102297
53.89999999999928,30.812025369389673
53.91999999999928,28.785059387314718
53.93999999999927,16.733836895363012
53.959999999999276,25.033623788084224
53.97999999999928,16.59007276677894
53.999999999999275,19.25194996649641
54.01999999999927,28.430189627092837
54.039999999999274,19.044814499681056
54.05999999999928,22.327445389025748
54.07999999999927,30.73870063502148
54.09999999999927,7.7690719511991055
54.11999999999927,17.585489621036167
54.139999999999276,8.359534640263094
54.15999999999927,25.76787446257522
54.17999999999927,18.904293112974752
54.19999999999927,19.947548462402672
54.219999999999274,17.504907795983904
54.23999999999927,16.490626588765473
54.259999999999266,22.465168470830744
54.27999999999927,18.299871856703163
54.29999999999927,36.49426978804342
54.31999999999927,18.42036925562836
54.339999999999264,31.031698747245034
54.35999999999927,13.790291694776403
54.37999999999927,8.549166339751311
54.39999999999927,19.421347095635234
54.41999999999926,13.691798279251966
54.439999999999266,22.658063786127318
54.45999999999927,20.106308533288438
54.479999999999265,14.133642348941667
54.49999999999926,15.411979788411516
54.519999999999264,13.297503184809795
54.53999999999927,13.736079240506847
54.55999999999926,17.789913072538084
54.57999999999926,12.087853158319788
54.59999999999926,34.02723332296774
54.619999999999266,33.16203353714485
54.63999999999926,33.92530102488901
54.65999999999926,15.376805383120253
54.67999999999926,12.70182664385008
54.699999999999264,24.13605360937387
54.71999999999926,20.7511196107464
54.739999999999256,18.367153321380858
54.75999999999926,21.796003888978262
54.77999999999926,14.957280610906494
54.79999999999926,30.966588614152492
54.819999999999254,26.397406925445388
54.83999999999926,14.04393414371457
54.85999999999926,22.927193480060776
54.87999999999926,12.64697417320144
54.89999999999925,16.93823506473712
54.919999999999256,23.539908598894534
54.93999999999926,28.07721354116554
54.959999999999255,28.451326170762577
54.97999999999925,30.712862303914903
54.999999999999254,22.39547868841977
55.01999999999926,19.01377585313828
55.03999999999925,7.836523841808095
55.05999999999925,28.763444756620878
55.07999999999925,26.16420811218512
55.099999999999255,10.155903419494727
55.11999999999925,24.081538002049353
55.13999999999925,9.290997141277636
55.15999999999925,2.8980325763339216
55.179999999999254,8.774990701509198
55.19999999999925,22.221135346739047
55.219999999999246,12.25259459964732
55.23999999999925,6.073993555962845
55.25999999999925,24.088721463168298
55.27999999999925,23.107405874900117
55.299999999999244,14.14740599735934
55.31999999999925,15.177975417417159
55.33999999999925,17.49093705843848
55.359999999999246,8.688344931125297
55.37999999999924,25.886959017554066
55.399999999999245,24.09189599998841
55.41999999999925,20.607078287286974
55.439999999999245,8.041626533210891
55.45999999999924,28.75496675028728
55.479999999999244,28.308297592877494
55.49999999999925,27.284182060142236
55.51999999999924,12.333263091960358
55.53999999999924,17.884803556143794
55.55999999999924,20.135768866181724
55.579999999999245,15.662772435900475
55.59999999999924,12.80412404785154
55.61999999999924,16.3961948265931
55.63999999999924,14.567847719989032
55.65999999999924,0.0
55.67999999999924,22.115090124016955
55.699999999999235,33.765290742591155
55.71999999999924,29.384120303624485
55.73999999999924,24.743391893180743
55.75999999999924,24.65336244394664
55.779999999999234,28.04355611193983
55.79999999999924,7.2856613183048164
55.81999999999924,27.326034196274723
55.839999999999236,29.537634467067715
55.85999999999923,14.89128139807807
55.879999999999235,14.315435795097352
55.89999999999924,31.298837048445574
55.919999999999234,30.938456525053244
55.93999999999923,28.795036942630748
55.95999999999923,24.70012755407631
55.97999999999924,23.710687561728832
55.99999999999923,21.48622694687808
56.01999999999923,3.636002000315589
56.03999999999923,24.697703920193266
56.059999999999235,27.46249880966121
56.07999999999923,27.67401440236641
56.09999999999923,23.74025631679251
56.11999999999923,4.3425840631330335
56.13999999999923,31.609904117804078
56.15999999999923,19.036452485698856
56.179999999999225,25.904880244391414
56.19999999999923,5.753551562856643
56.21999999999923,12.312654133936265
56.23999999999923,11.890546955725064
56.25999999999922,16.643020984765975
56.27999999999923,27.492451654295856
56.29999999999923,30.00242528069188
56.319999999999226,34.5289879379756
56.33999999999922,16.366280931071888
56.359999999999225,19.407362982019187
56.37999999999923,24.509407548168344
56.399999999999224,16.000649698073513
56.41999999999922,15.229248255405981
56.43999999999922,17.4641052947274
56.459999999999226,14.87880701625738
56.47999999999922,18.27630517496857
56.49999999999922,35.17664176063147
56.51999999999922,31.02300458747143
56.539999999999225,19.136583892482648
56.55999999999922,25.081723706373833
56.57999999999922,19.83660335240399
56.59999999999922,10.730147721800753
56.61999999999922,15.083282532774398
56.63999999999922,22.65795753329866
56.659999999999215,14.264651910129738
56.67999999999922,16.812341070519775
56.69999999999922,19.259507517581774
56.71999999999922,20.380895213865152
56.73999999999921,21.53177212770348
56.759999999999216,9.037871206469102
56.77999999999922,21.812369118161016
56.799999999999216,25.87610656975813
56.81999999999921,7.277973376041491
56.839999999999215,16.953947409063474
56.85999999999922,22.238797525793732
56.879999999999214,31.90960614831703
56.89999999999921,12.031034013048588
56.91999999999921,12.927438404047912
56.939999999999216,17.31768079337239
56.95999999999921,6.907948795058408
56.97999999999921,15.27368820722947
56.99999999999921,18.826564913867887
57.019999999999214,18.28002955248511
57.03999999999921,33.038825794185186
57.05999999999921,17.11941281810277
57.07999999999921,26.993009359358524
57.09999999999921,36.10186424647115
57.11999999999921,23.05308759811424
57.139999999999205,24.724663863227608
57.15999999999921,21.152327540101133
57.17999999999921,19.66990375866962
57.19999999999921,0.0
57.2199999999992,30.96041920098883
57.239999999999206,7.738095222816366
57.25999999999921,12.483250301060037
57.279999999999205,10.143970301033088
57.2999999999992,24.684453158952465
57.319999999999204,25.180697462552526
57.33999999999921,0.8537959085012687
57.359999999999204,28.96549620762973
57.3799999999992,33.17316657077241
57.3999999999992,19.52423383864775
57.419999999999206,2.5862300747415645
57.4399999999992,32.98200282105269
57.4599999999992,30.49843313234448
57.4799999999992,14.296167224521252
57.499999999999204,20.760336048467348
57.5199999999992,31.881033093030226
57.539999999999196,11.622882225810175
57.5599999999992,37.04739846123246
57.5799999999992,25.871189466394952
57.5999999999992,32.35528766601097
57.619999999999195,14.08218847440627
57.6399999999992,14.084616290143657
57.6599999999992,23.90705427690014
57.6799999999992,20.09532712928186
57.69999999999919,27.79882636948544
57.719999999999196,28.407974533327923
57.7399999999992,2.897939484072488
57.759999999999195,3.9023582269035977
57.77999999999919,20.997568308764453
57.799999999999194,21.553040708583513
57.8199999999992,16.21623144784347
57.83999999999919,15.204796041113891
57.85999999999919,36.800673398860084
57.87999999999919,28.271673133146532
57.899999999999196,28.859629460114615
57.91999999999919,12.16215873100643
57.93999999999919,5.211646147157198
57.95999999999919,25.8164537551567
57.979999999999194,19.74392888117838
57.99999999999919,23.517439095070156
58.019999999999186,21.072998407652552
58.03999999999919,22.293293905699947
58.05999999999919,5.6713949502794865
58.07999999999919,16.728893363744213
58.099999999999184,22.05072028866387
58.11999999999919,22.585268080714577
58.13999999999919,25.75570044346609
58.15999999999919,8.99489343888967
58.17999999999918,11.23445127260213
58.199999999999186,21.06080758823604
58.21999999999919,19.176541011684673
58.239999999999185,30.441299384912234
58.25999999999918,24.323523348995664
58.279999999999184,21.64876284260983
58.29999999999919,19.009238289060526
58.31999999999918,26.711391151396455
58.33999999999918,22.471027797396193
58.35999999999918,11.714561880481858
58.379999999999185,24.52529389933614
58.39999999999918,19.1802773826918
58.41999999999918,26.88981847641668
58.43999999999918,0.0
58.459999999999184,11.178663350795327
58.47999999999918,26.07692547480392
58.499999999999176,18.56600218393908
58.51999999999918,29.807164336261593
58.53999999999918,32.6640449826836
58.55999999999918,34.135676290691066
58.579999999999174,13.572050747881345
58.59999999999918,15.442182229036575
58.61999999999918,16.311496036206123
58.639999999999176,15.35936605741426
58.65999999999917,18.798274776132544
58.679999999999175,17.557943271349625
58.69999999999918,0.552572631168168
58.719999999999175,20.796013335447437
58.73999999999917,12.533879457311805
58.759999999999174,14.207823717582391
58.77999999999918,18.19412160510617
58.79999999999917,5.479094927777391
58.81999999999917,2.333326052213664
58.83999999999917,26.43522009333507
58.859999999999175,16.100039541240967
58.87999999999917,31.9237194880439
58.89999999999917,9.91138774083425
58.91999999999917,22.31295134091559
58.93999999999917,0.0
58.95999999999917,30.163688399513234
58.979999999999166,18.991570155702284
58.99999999999917,16.768941850460184
59.01999999999917,26.152225652982317
59.03999999999917,18.20430107825007
59.059999999999164,30.947665696019065
59.07999999999917,21.39521256151217
59.09999999999917,23.980591203341895
59.119999999999166,38.38999190728855
59.13999999999916,25.063571410001032
59.159999999999165,14.489418458884018
59.17999999999917,33.98939122298847
59.199999999999164,27.037256670342288
59.21999999999916,5.776555998925204
59.23999999999916,15.876889793724821
59.25999999999917,26.242429164587527
59.27999999999916,32.36602425130274
59.29999999999916,29.054136744000356
59.31999999999916,32.61954698122499
59.339999999999165,24.984345006984803
59.35999999999916,24.653130572096448
59.37999999999916,30.458262633056023
59.39999999999916,29.60205049506017
59.41999999999916,14.755652369850512
59.43999999999916,26.551551761141564
59.459999999999155,21.18797435004491
59.47999999999916,20.252088744009804
59.49999999999916,24.226396021882838
59.51999999999916,19.86803383685933
59.539999999999154,26.860253094366087
59.55999999999916,13.690405086931683
59.57999999999916,14.270513589697035
59.599999999999156,12.377873038676142
59.61999999999915,8.639081198548523
59.639999999999155,21.738254717585306
59.65999999999916,13.74633605121755
59.679999999999154,28.041825634848877
59.69999999999915,16.01182875153064
59.71999999999915,21.88335619098335
59.739999999999156,20.671454496391394
59.75999999999915,26.91579206287749
59.77999999999915,17.601626971501048
59.79999999999915,35.41868589173935
59.819999999999155,11.73786612528432
59.83999999999915,8.970877744587732
59.85999999999915,21.559766888874424
59.87999999999915,9.277874023611993
59.89999999999915,25.75885467929135
59.91999999999915,16.210687443934738
59.939999999999145,23.85263754830903
59.95999999999915,24.956116565997366
59.97999999999915,18.565241055677152
59.99999999999915,18.33727054608477
60.01999999999914,16.914273875304918
60.03999999999915,23.35617806249958
60.05999999999915,20.907157480323807
60.079999999999146,29.342706598571887
60.09999999999914,26.96789755099645
60.119999999999145,22.125454029219725
60.13999999999915,19.433959108694363
60.159999999999144,32.036381806635745
60.17999999999914,25.6943059064701
60.19999999999914,14.372947857065938
60.219999999999146,23.384983242238334
60.23999999999914,17.72007499482147
60.25999999999914,30.38669706020609
60.27999999999914,11.152861578795996
60.299999999999145,21.48414117665073
60.31999999999914,11.5430264976656
60.33999999999914,26.459484591574512
60.35999999999914,18.831272382538003
60.37999999999914,21.809777419276095
60.39999999999914,12.715286180018364
60.419999999999135,19.736876191683564
60.43999999999914,14.728718509403532
60.45999999999914,21.894492040668872
60.47999999999914,8.575061257509647
60.49999999999913,11.857298448036637
60.519999999999136,15.3791645154244
60.53999999999914,7.010556660853673
60.559999999999135,25.464924415355664
60.57999999999913,11.05551144810769
60.599999999999135,10.291184680985417
60.61999999999914,15.918779813166482
60.639999999999134,21.43026112201955
60.65999999999913,25.60430530003457
60.67999999999913,20.640225403921338
60.699999999999136,18.359364776874422
60.71999999999913,12.997448740594493
60.73999999999913,20.81736188102765
60.75999999999913,4.365257603215019
60.779999999999134,31.345611405312432
60.79999999999913,11.780619816847642
60.819999999999126,30.733553394969526
60.83999999999913,17.456329800548787
60.85999999999913,2.0167224645027417
60.87999999999913,20.59042165981075
60.899999999999125,9.701874605243558
60.91999999999913,13.553160807980145
60.93999999999913,9.85361188422996
60.95999999999913,17.58975084857027
60.97999999999912,30.084077050944103
60.999999999999126,31.474489405075133
61.01999999999913,14.767744659145666
61.039999999999125,37.945951246922206
61.05999999999912,13.762842390966991
61.079999999999124,21.345753995761722
61.09999999999913,7.869436752101903
61.11999999999912,28.651727119671293
61.13999999999912,14.569653905854967
61.15999999999912,18.947498486713215
61.179999999999126,8.827507556764061
61.19999999999912,18.766767330888094
61.21999999999912,22.77527601820831
61.23999999999912,25.0511007092918
61.259999999999124,21.86236317973458
61.27999999999912,19.23697806800031
61.299999999999116,19.04163038834757
61.31999999999912,31.58075512189602
61.33999999999912,28.110057636442136
61.35999999999912,26.443377518546487
61.379999999999114,27.69054283129869
61.39999999999912,24.29488177836441
61.41999999999912,23.829973715568595
61.43999999999912,25.461307367265555
61.45999999999911,12.040006455670838
61.479999999999116,8.425739764501223
61.49999999999912,20.405302769011453
61.519999999999115,15.540822606385426
61.53999999999911,11.913217453213472
61.559999999999114,20.935871489406754
61.57999999999912,20.171525300810607
61.59999999999911,23.909838371220268
61.61999999999911,19.254955356640053
61.63999999999911,20.396868096327932
61.659999999999116,15.753893942663424
61.67999999999911,23.550607088317832
61.69999999999911,27.03192664088307
61.71999999999911,13.401155829543896
61.739999999999114,13.537932167409114
61.75999999999911,38.34915772532775
61.779999999999106,6.602590604330571
61.79999999999911,27.17053188297118
61.81999999999911,22.475437814008167
61.83999999999911,30.84631253966309
61.859999999999104,31.787899191700596
61.87999999999911,17.047506568015866
61.89999999999911,24.46205918185836
61.919999999999106,13.521540692497116
61.9399999999991,23.600904087706176
61.959999999999106,13.801266099400015
61.97999999999911,9.558574951801388
61.999999999999105,28.38882582293475
62.0199999999991,25.485394896385888
62.039999999999104,21.626121279649837
62.05999999999911,16.04421523556471
62.0799999999991,26.063861372288443
62.0999999999991,15.357906498543297
62.1199999999991,32.11312955233028
62.139999999999105,17.240759928527574
62.1599999999991,12.214634697708078
62.1799999999991,20.152456982538986
62.1999999999991,19.375397290570167
62.219999999999104,28.140342663534103
62.2399999999991,8.230683747650172
62.259999999999096,27.450795762727406
62.2799999999991,20.28277257856695
62.2999999999991,2.06642833863042
62.3199999999991,14.889564365397415
62.339999999999094,24.125282988812017
62.3599999999991,28.662378962071067
62.3799999999991,15.373722506991696
62.399999999999096,31.89229670235367
62.41999999999909,16.060307539001485
62.439999999999095,16.42824272857192
62.4599999999991,26.099079737624272
62.479999999999094,14.55319649532154
62.49999999999909,7.518488736505722
62.519999999999094,16.305962246379213
62.5399999999991,27.3903887040495
62.55999999999909,26.980657286004877
62.57999999999909,11.595722651046396
62.59999999999909,16.152805581813006
62.619999999999095,23.98957179963842
62.63999999999909,10.856018959382748
62.65999999999909,24.850219401946532
62.67999999999909,14.997682138999668
62.69999999999909,9.451909927306987
62.71999999999909,25.96699466027348
62.739999999999085,20.367887668231393
62.75999999999909,11.470158016459074
62.77999999999909,7.433334101695477
62.79999999999909,19.39683819654235
62.819999999999084,28.918839124682304
62.83999999999909,16.48723504327391
62.85999999999909,32.78291576968606
62.879999999999086,25.372749372713248
62.89999999999908,9.463283311790688
62.919999999999085,6.177873433794934
62.93999999999909,25.769786761727705
62.959999999999084,7.1534486193982225
62.97999999999908,17.302469759157265
62.99999999999908,28.06865581303542
63.01999999999909,21.997916486847714
63.03999999999908,22.514655793454295
63.05999999999908,11.150495476596584
63.07999999999908,20.53993786370989
63.099999999999085,7.540710669136317
63.11999999999908,29.733591590549896
63.13999999999908,18.38172963872483
63.15999999999908,15.333694378601505
63.17999999999908,29.837358338182092
63.19999999999908,23.630347132514558
63.219999999999075,23.004916323191875
63.23999999999908,25.08879220982463
63.25999999999908,14.835937708151041
63.27999999999908,18.749626296336107
63.29999999999907,17.886360805234066
63.31999999999908,9.38724517180533
63.33999999999908,6.608406114226142
63.359999999999076,16.522606313116174
63.37999999999907,8.005493119156625
63.399999999999075,15.212443174521555
63.41999999999908,19.951767178851693
63.439999999999074,12.841345845164291
63.45999999999907,18.584927312706895
63.47999999999907,26.373847079374777
63.499999999999076,29.205967022578836
63.51999999999907,6.949695903539109
63.53999999999907,30.334883732662526
63.55999999999907,17.81410556081366
63.579999999999075,15.907863933802547
63.59999999999907,28.770302788396535
63.61999999999907,19.12767021672033
63.63999999999907,17.898152560109725
63.65999999999907,23.738315791060742
63.67999999999907,21.083660391322784
63.699999999999065,23.07763530025047
63.71999999999907,9.94722949491707
63.73999999999907,18.094827514496846
63.75999999999907,14.006819258491134
63.77999999999906,23.77040293779835
63.799999999999066,16.409546427756844
63.81999999999907,6.738494808789927
63.839999999999065,22.800482515834997
63.85999999999906,12.178493421970819
63.879999999999065,21.047422533183397
63.89999999999907,19.670190935155436
63.919999999999064,30.407526391253786
63.93999999999906,36.81628590258259
63.95999999999906,26.365781877452264
63.979999999999066,35.33129496851474
63.99999999999906,6.1175648382796535
64.01999999999906,23.113855395474502
64.03999999999905,22.80055834940221
64.05999999999906,6.143981108538032
64.07999999999906,17.9008104478537
64.09999999999906,13.729631761623846
64.11999999999907,11.459096308513681
64.13999999999906,9.901060607373605
64.15999999999906,0.0
64.17999999999905,25.742649692103864
64.19999999999905,28.019906948496
64.21999999999906,10.144604321859422
64.23999999999906,21.617477709833317
64.25999999999905,17.144692853631682
64.27999999999906,21.55478166536089
64.29999999999906,21.750063295616158
64.31999999999906,33.780805505856456
64.33999999999905,11.287296405027503
64.35999999999905,24.291610875847113
64.37999999999906,20.587679061809236
64.39999999999905,18.712130977530514
64.41999999999905,26.74589104228433
64.43999999999906,5.613320770343567
64.45999999999906,32.61674019176613
64.47999999999905,16.82952869255001
64.49999999999905,30.726095654163757
64.51999999999904,10.785240445899493
64.53999999999905,17.64625195596253
64.55999999999905,20.73497755930453
64.57999999999905,21.62622723932879
64.59999999999906,23.043069634161103
64.61999999999905,16.26741648435939
64.63999999999905,13.178743194315935
64.65999999999904,25.063387959365993
64.67999999999904,12.5390925415832
64.69999999999905,19.616891534821782
64.71999999999905,28.632224821890432
64.73999999999904,30.34129176719933
64.75999999999905,16.037083704246093
64.77999999999905,15.84425799511165
64.79999999999905,4.279403156870231
64.81999999999904,22.38776690070791
64.83999999999904,22.547354013055376
64.85999999999905,31.41059596447916
64.87999999999904,37.59047789816297
64.89999999999904,26.876475593678016
64.91999999999905,16.986982712828134
64.93999999999905,19.110178000983424
64.95999999999904,25.42076276387326
64.97999999999904,3.6023108033449205
64.99999999999903,16.994716729881844
65.01999999999904,23.354735260549447
65.03999999999904,32.80579877505157
65.05999999999904,12.72234188735219
65.07999999999905,0.9356448098827066
65.09999999999904,23.382412106981835
65.11999999999904,3.7663730751208284
65.13999999999903,18.318208709526925
65.15999999999903,21.280005760573577
65.17999999999904,25.016689300450235
65.19999999999904,9.402392092608487
65.21999999999903,19.27293861228
65.23999999999904,26.869652303051147
65.25999999999904,22.178349962776554
65.27999999999903,17.268000774646467
65.29999999999903,20.982436604483933
65.31999999999903,26.238511978026516
65.33999999999904,27.488945979663715
65.35999999999903,21.521933536763058
65.37999999999903,31.08167556992381
65.39999999999904,17.106574497884736
65.41999999999904,23.058858566987016
65.43999999999903,15.688041705665484
65.45999999999903,23.63910804712139
65.47999999999902,33.431884033304655
65.49999999999903,11.379222627472725
65.51999999999903,21.73775953401902
65.53999999999903,6.490770404408812
65.55999999999904,1.876005685154258
65.57999999999903,22.56353282368543
65.59999999999903,27.09273280553998
65.61999999999902,22.298487203009223
65.63999999999902,32.46128380591897
65.65999999999903,18.184463231048817
65.67999999999903,30.80807826112542
65.69999999999902,0.7481044776097718
65.71999999999903,15.89770415668169
65.73999999999903,18.04144407299634
65.75999999999902,23.83280544027783
65.77999999999902,26.179343043626496
65.79999999999902,21.252838130688687
65.81999999999903,11.315001634269862
65.83999999999902,15.740954455433554
65.85999999999902,19.46797298462466
65.87999999999903,10.072221008018083
65.89999999999903,19.70413508688853
65.91999999999902,32.63701743951644
65.93999999999902,16.63803334002187
65.95999999999901,29.015766780140083
65.97999999999902,21.23536797481334
65.99999999999902,22.41638912407486
66.01999999999902,29.01533492808478
66.03999999999903,30.123475425629394
66.05999999999902,26.66242075044155
66.07999999999902,23.88811733048547
66.09999999999901,14.704918068100525
66.11999999999901,31.341872430644358
66.13999999999902,18.87060844952471
66.15999999999902,22.37692396280969
66.17999999999901,2.2047315034160206
66.19999999999902,29.176004363273563
66.21999999999902,14.883754348765706
66.23999999999901,7.782197479113837
66.25999999999901,19.088206085823874
66.279999999999,31.528411608744378
66.29999999999902,21.777043689520053
66.31999999999901,20.979011066197288
66.33999999999901,26.909576968329368
66.35999999999902,26.86460403806325
66.37999999999901,20.635324418358163
66.39999999999901,17.729615182033275
66.419999999999,21.50725537499359
66.439999999999,18.973447294155328
66.45999999999901,32.61819092544291
66.47999999999901,17.783203170248843
66.499999999999,17.324011372900603
66.51999999999902,23.17961137068327
66.53999999999901,12.439121514007901
66.55999999999901,8.5676229104435
66.579999999999,6.793270961603602
66.599999999999,29.02001697735285
66.61999999999901,21.221008190812935
66.639999999999,5.235677283033157
66.659999999999,18.81692755403008
66.67999999999901,21.46850314400725
66.69999999999901,4.5973708089185
66.719999999999,13.322614956685651
66.739999999999,26.14603382967943
66.759999999999,10.582952583976192
66.779999999999,22.571881050947923
66.799999999999,15.111256899564243
66.819999999999,15.597613042593697
66.83999999999901,4.958787588086535
66.859999999999,19.24364868052184
66.879999999999,25.32373212729717
66.899999999999,24.29889444690462
66.91999999999899,34.80539677810922
66.939999999999,35.91001242135043
66.959999999999,14.365554691262817
66.979999999999,17.736682375713674
66.999999999999,27.79738817002267
67.019999999999,20.587747668032026
67.039999999999,18.81330879729862
67.059999999999,9.961796427522707
67.07999999999899,11.335019796015999
67.099999999999,31.021441128413628
67.119999999999,12.977541887688705
67.13999999999899,29.163835103781466
67.159999999999,19.18758439273227
67.179999999999,18.34782531156855
67.199999999999,24.883786759914138
67.21999999999899,26.85172826576116
67.23999999999899,21.911786310409223
67.259999999999,21.076802166888744
67.27999999999899,24.87489126429029
67.29999999999899,26.95917104750556
67.319999999999,0.0
67.339999999999,35.852371212388945
67.35999999999899,29.350828957363063
67.37999999999899,7.861795250379483
67.39999999999898,24.163489229033168
67.41999999999899,22.830722666931667
67.43999999999899,11.0019955619059
67.45999999999898,31.808343835017318
67.479999999999,0.41060040171089085
67.49999999999899,0.0
67.51999999999899,25.37364084214325
67.53999999999898,23.321660490878596
67.55999999999898,17.886705652762448
67.57999999999899,5.86312304361658
67.59999999999899,11.108932379989437
67.61999999999898,8.376076965762223
67.63999999999899,29.52420951249402
67.65999999999899,24.784335041707624
67.67999999999898,20.55982498988685
67.69999999999898,19.781248136286198
67.71999999999898,29.13390382497429
67.73999999999899,16.593412739867127
67.75999999999898,14.430711079921425
67.77999999999898,7.4478497134947155
67.79999999999899,25.14825537854325
67.81999999999898,23.320025075057416
67.83999999999898,37.383181071689606
67.85999999999898,10.12344109625788
67.87999999999897,12.273199431624274
67.89999999999898,17.813088254810253
67.91999999999898,25.803821040858615
67.93999999999897,13.693085367978657
67.95999999999898,3.9100679982583273
67.97999999999898,28.218116536083272
67.99999999999898,3.761073418402731
68.01999999999897,38.71579279166223
68.03999999999897,26.93136066086434
68.05999999999898,26.329076198622406
68.07999999999898,25.03641412725645
68.09999999999897,18.627798283029602
68.11999999999898,17.80762313469086
68.13999999999898,12.940341447736914
68.15999999999897,40.06658572681046
68.17999999999897,24.4608324892899
68.19999999999897,9.511864031473499
68.21999999999898,16.372468507432025
68.23999999999897,29.24344314937796
68.25999999999897,22.989949306253536
68.27999999999898,26.10639210961056
68.29999999999897,25.682219539935872
68.31999999999897,20.926034152268578
68.33999999999897,12.3160256523201
68.35999999999896,10.498466603033906
68.37999999999897,13.330719068787857
68.39999999999897,22.27580808630964
68.41999999999896,25.37629017987023
68.43999999999897,29.0648385250594
68.45999999999897,20.76818532633301
68.47999999999897,25.740100449787253
68.49999999999896,31.443272555823654
68.51999999999896,16.952097847270803
68.53999999999897,19.927239562883887
68.55999999999896,23.260344380060044
68.57999999999896,11.793029778169643
68.59999999999897,23.212554125746696
68.61999999999897,30.084390485986034
68.63999999999896,31.467417408365883
68.65999999999896,25.150688648861006
68.67999999999896,20.620877687320245
68.69999999999897,13.249454356427947
68.71999999999896,22.73407469045173
68.73999999999896,26.239153263407104
68.75999999999897,16.820739874785787
68.77999999999896,35.43326520295981
68.79999999999896,8.600388957688386
68.81999999999896,9.424247286122279
68.83999999999895,14.365931929568788
68.85999999999896,27.445989810851273
68.87999999999896,26.80357548521794
68.89999999999895,22.964900515652566
68.91999999999896,25.31174255975454
68.93999999999896,13.292453990487374
68.95999999999896,19.878640092804492
68.97999999999895,29.97038627137039
68.99999999999895,27.1068322121859
69.01999999999896,25.663036508384582
69.03999999999895,8.465185781952393
69.05999999999895,23.075572400546175
69.07999999999896,10.313960601715491
69.09999999999896,29.35718725304192
69.11999999999895,1.3720196346676907
69.13999999999895,7.912044223364244
69.15999999999894,7.6294544769376085
69.17999999999896,14.111109745386859
69.19999999999895,29.003819015536735
69.21999999999895,11.144171968713984
69.23999999999896,21.49078765522893
69.25999999999895,20.773502999109937
69.27999999999895,29.472265662702995
69.29999999999895,17.613236345111304
69.31999999999894,35.39211986714828
69.33999999999895,29.320533453489105
69.35999999999895,11.884703602601682
69.37999999999894,18.24876719703266
69.39999999999895,14.260919608916067
69.41999999999895,35.35262516222685
69.43999999999895,14.248639530610795
69.45999999999894,33.82591969440732
69.47999999999894,29.58453156088924
69.49999999999895,29.088885898152242
69.51999999999894,9.802391163120427
69.53999999999894,17.08618490242128
69.55999999999895,13.70389515563188
69.57999999999895,7.496024077417953
69.59999999999894,26.675021474881852
69.61999999999894,14.943206510881225
69.63999999999893,12.231884077381384
69.65999999999894,36.744313660357264
69.67999999999894,27.902333616769546
69.69999999999894,12.08659461757462
69.71999999999895,19.42773011772002
69.73999999999894,16.26074964847438
69.75999999999894,13.333676255757425
69.77999999999894,11.195519746011708
69.79999999999893,26.057819886251643
69.81999999999894,17.403984664231753
69.83999999999894,26.65281162969857
69.85999999999893,20.269847467708868
69.87999999999894,19.047197604010844
69.89999999999894,20.092241049567388
69.91999999999894,23.36173377223647
69.93999999999893,7.812541102519242
69.95999999999893,13.937057637590346
69.97999999999894,19.731415373166236
69.99999999999893,29.01826823301359
70.01999999999893,15.221447556111265
70.03999999999894,23.758262030913972
70.05999999999894,25.072792101974812
70.07999999999893,34.92804114989803
70.09999999999893,7.002753757115348
70.11999999999892,7.5240998669760035
70.13999999999893,20.05154208003031
70.15999999999893,23.496397387404645
70.17999999999893,27.5528886556587
70.19999999999894,19.647013992303247
70.21999999999893,27.572215380767144
70.23999999999893,18.845616155336543
70.25999999999893,28.15115750911392
70.27999999999892,20.142077979179003
70.29999999999893,19.498984750165604
70.31999999999893,11.76198605154653
70.33999999999892,15.915453127038795
70.35999999999893,12.437590937791228
70.37999999999893,33.573441397603915
70.39999999999893,13.975678820465296
70.41999999999892,17.561047416746916
70.43999999999892,20.494441044561412
70.45999999999893,21.564302222933403
70.47999999999892,16.429476683249497
70.49999999999892,15.609055159223129
70.51999999999893,18.41326739943119
70.53999999999893,22.317708090583906
70.55999999999892,30.512288559023656
70.57999999999892,18.989756333885637
70.59999999999891,0.0
70.61999999999892,14.835013420691894
70.63999999999892,30.375354678235908
70.65999999999892,9.924865414022118
70.67999999999893,21.909496148199676
70.69999999999892,26.7466412610141
70.71999999999892,35.0245155063769
70.73999999999891,8.738267395140843
70.75999999999891,15.706174324733588
70.77999999999892,21.544786308243086
70.79999999999892,26.404697515273657
70.81999999999891,13.385050526195965
70.83999999999892,21.901993103790147
70.85999999999892,19.820790368424014
70.87999999999892,10.1383312458561
70.89999999999891,25.475844891371313
70.91999999999891,18.42851364538398
70.93999999999892,19.250539748253015
70.95999999999891,6.213315319005154
70.97999999999891,10.798400907256369
70.99999999999892,21.935940357292935
71.01999999999892,9.153346626126893
71.03999999999891,27.2142110335362
71.05999999999891,13.132912553201518
71.0799999999989,13.625228581409818
71.09999999999891,25.84820225545694
71.11999999999891,16.7732612666847
71.1399999999989,14.521530471754613
71.15999999999892,21.764190236468295
71.17999999999891,25.65222738442342
71.19999999999891,18.086728646365376
71.2199999999989,20.342271542520184
71.2399999999989,24.932621340137437
71.25999999999891,23.75744845181318
71.2799999999989,26.532523686995
71.2999999999989,30.086096370761126
71.31999999999891,22.880452262472566
71.33999999999891,14.624334254970911
71.3599999999989,4.279380735415895
71.3799999999989,25.215617378858518
71.3999999999989,14.696067185905793
71.41999999999891,13.551103749819632
71.4399999999989,15.10436009437484
71.4599999999989,21.770308108554023
71.47999999999891,29.09876294735998
71.4999999999989,28.164485768811744
71.5199999999989,16.28177005645172
71.5399999999989,11.178993321881018
71.5599999999989,19.428175696539892
71.5799999999989,27.183600492809713
71.5999999999989,12.262967878671159
71.6199999999989,18.598002711655237
71.6399999999989,28.822900305852603
71.6599999999989,22.147692934193543
71.6799999999989,26.891308620158917
71.6999999999989,19.450195306951162
71.71999999999889,35.920845170237925
71.7399999999989,22.765124624235927
71.7599999999989,20.985212983705647
71.77999999999889,18.2318595503685
71.7999999999989,31.072356993256093
71.8199999999989,19.964758735241336
71.8399999999989,13.968584130136085
71.85999999999889,22.56470465900091
71.87999999999889,37.356743591753755
71.8999999999989,19.807660772983947
71.9199999999989,22.857040481987365
71.93999999999889,19.37966883100954
71.9599999999989,19.006181172273905
71.9799999999989,22.304059598045697
71.99999999999889,30.586835134475706
72.01999999999889,26.365615574926306
72.03999999999888,17.070839411361415
72.0599999999989,25.533544119315685
72.07999999999889,24.695257886631378
72.09999999999889,22.30932138394406
72.1199999999989,27.799308941904346
72.13999999999889,21.91747399740371
72.15999999999889,27.358017547259934
72.17999999999888,14.736271306812771
72.19999999999888,4.653464414346148
72.21999999999889,13.785417387772961
72.23999999999889,21.110207298136935
72.25999999999888,23.264323321713768
72.27999999999889,13.367859934470596
72.29999999999889,10.458678115101094
72.31999999999888,18.611827222944786
72.33999999999888,29.003029731030242
72.35999999999888,15.179173220310222
72.37999999999889,18.628444895935917
72.39999999999888,28.60221216756704
72.41999999999888,15.900776078533703
72.43999999999889,14.88425424588165
72.45999999999889,16.351584701742677
72.47999999999888,19.03646930115946
72.49999999999888,27.00306593928561
72.51999999999887,18.005287054824414
72.53999999999888,26.237643000905493
72.55999999999888,14.303814393823174
72.57999999999888,13.601258342575722
72.59999999999889,17.908650062944673
72.61999999999888,20.12947927088741
72.63999999999888,21.763240198409704
72.65999999999887,10.599734914917164
72.67999999999887,23.675032274052057
72.69999999999888,22.573137107676313
72.71999999999888,9.907275592619182
72.73999999999887,20.63235284041256
72.75999999999888,10.837199136012186
72.77999999999888,20.499554034113313
72.79999999999887,17.404346236263475
72.81999999999887,18.56936090944682
72.83999999999887,19.04210620326351
72.85999999999888,27.646711203567012
72.87999999999887,18.581903676518344
72.89999999999887,27.139644352568283
72.91999999999888,16.02591368871805
72.93999999999888,31.351414496849728
72.95999999999887,13.18179974051278
72.97999999999887,16.37305491298408
72.99999999999886,17.19240781874068
73.01999999999887,20.420947951609296
73.03999999999887,21.304434052133228
73.05999999999887,25.584825527025746
73.07999999999888,22.9698032361726
73.09999999999887,17.436467148795543
73.11999999999887,8.620756823873265
73.13999999999886,20.251586285424857
73.15999999999886,26.622866687453538
73.17999999999887,23.543262698111892
73.19999999999887,9.585650839675653
73.21999999999886,16.616768398951322
73.23999999999887,4.194656116345497
73.25999999999887,23.557298937489247
73.27999999999886,21.61298414039268
73.29999999999886,7.987091757499108
73.31999999999886,21.167995859253537
73.33999999999887,12.928574847382727
73.35999999999886,19.974931923801243
73.37999999999886,17.699060745377157
73.39999999999887,17.35533415841453
73.41999999999886,4.5102817681533445
73.43999999999886,14.817453240535745
73.45999999999886,27.01009827212919
73.47999999999885,21.281992526637595
73.49999999999886,21.1332700976778
73.51999999999886,0.0
73.53999999999886,19.465936513039534
73.55999999999887,2.576177084544966
73.57999999999886,18.690911911238977
73.59999999999886,18.936369790700358
73.61999999999885,0.6708982282234999
73.63999999999885,20.058862958692046
73.65999999999886,39.014040951122844
73.67999999999886,25.5308121878519
73.69999999999885,21.357828304685185
73.71999999999886,27.44105219195498
73.73999999999886,16.047841225066005
73.75999999999885,20.052369311714852
73.77999999999885,20.25387828017554
73.79999999999885,21.733016108412308
73.81999999999886,13.480759458598435
73.83999999999885,26.197963137611644
73.85999999999885,28.911303792969814
73.87999999999886,20.24378173901939
73.89999999999885,18.75072632074079
73.91999999999885,27.25857824335305
73.93999999999885,44.920121325182606
73.95999999999884,17.813610453283154
73.97999999999885,14.314863884952528
73.99999999999885,13.587777935932458
74.01999999999884,9.890457526581429
74.03999999999886,23.251586788937914
74.05999999999885,25.717353561578868
74.07999999999885,15.081733148369638
74.09999999999884,12.404509226856856
74.11999999999884,34.14466010640093
74.13999999999885,10.455435911469397
74.15999999999885,19.458234608210617
74.17999999999884,19.428516946301745
74.19999999999885,24.51260335123585
74.21999999999885,6.687498270354672
74.23999999999884,16.95060507216762
74.25999999999884,24.730789686243718
74.27999999999884,18.47054070945211
74.29999999999885,28.831566693640056
74.31999999999884,13.417547319414489
74.33999999999884,10.978997862581467
74.35999999999885,27.930259962506206
74.37999999999884,14.510747307392894
74.39999999999884,17.442243278725932
74.41999999999884,18.03179576334634
74.43999999999883,18.865405806486795
74.45999999999884,18.56061623556342
74.47999999999884,10.641028059021975
74.49999999999883,24.419497284456597
74.51999999999884,17.38099584361467
74.53999999999884,31.506668520583347
74.55999999999884,13.94022100650184
74.57999999999883,8.541021178154333
74.59999999999883,22.245808150572806
74.61999999999884,25.790467217805332
74.63999999999884,13.038093976260866
74.65999999999883,29.235730754957814
74.67999999999884,9.839149275969339
74.69999999999884,6.873337658272659
74.71999999999883,28.030320617868224
74.73999999999883,26.700537725655042
74.75999999999883,11.474914951370746
74.77999999999884,17.85423731749713
74.79999999999883,18.272183297638126
74.81999999999883,22.251039880605447
74.83999999999884,18.01915464627526
74.85999999999883,22.593145147133317
74.87999999999883,17.4041220197492
74.89999999999883,22.97617843629264
74.91999999999882,31.70128748285681
74.93999999999883,30.95789408459921
74.95999999999883,24.302245110254944
74.97999999999882,18.776828585140183
74.99999999999883,24.876804738394334
75.01999999999883,25.228065799661692
75.03999999999883,30.610324584526364
75.05999999999882,15.585073086802847
75.07999999999882,34.27672811799101
75.09999999999883,35.345043393416105
75.11999999999883,20.561359695151907
75.13999999999882,42.50236436561418
75.15999999999883,34.07393808658731
75.17999999999883,33.3078004649602
75.19999999999882,22.752240176098148
75.21999999999882,10.057008048277979
75.23999999999882,23.745539233743813
75.25999999999883,10.138030701826455
75.27999999999882,18.506629536581134
75.29999999999882,7.568022203134923
75.31999999999883,23.927152643624325
75.33999999999882,20.27022210090402
75.35999999999882,30.658092900371372
75.37999999999882,18.39783113205419
75.39999999999881,24.88283810163383
75.41999999999882,14.899359909386778
75.43999999999882,20.019347608614503
75.45999999999881,28.192132783844016
75.47999999999882,25.228862845344786
75.49999999999882,23.207150855347454
75.51999999999882,22.45843335203504
75.53999999999881,12.654861542859766
75.55999999999881,19.459933662562577
75.57999999999882,14.293444567235039
75.59999999999881,19.75792579248561
75.61999999999881,22.69699723322421
75.63999999999882,26.038419626420062
75.65999999999882,10.494585486291998
75.67999999999881,17.390852578458937
75.69999999999881,14.326786555772241
75.7199999999988,26.405705673342368
75.73999999999882,18.68314570830562
75.75999999999881,36.36161112399934
75.77999999999881,23.20799553941749
75.79999999999882,17.542023441795788
75.81999999999881,24.849553310142795
75.83999999999881,13.963436971370015
75.8599999999988,23.134328583062402
75.8799999999988,27.570164949321697
75.89999999999881,11.509308026065199
75.91999999999881,16.51971589478359
75.9399999999988,38.3553634347433
75.95999999999881,23.298611232968476
75.97999999999881,28.87947066971077
75.9999999999988,25.014790074251405
76.0199999999988,10.582560688245975
76.0399999999988,18.59441953132798
76.05999999999881,16.56738108391174
76.0799999999988,10.199110883057621
76.0999999999988,18.764022486482762
76.11999999999881,21.089077545751284
76.1399999999988,33.82790256887551
76.1599999999988,16.064417890755372
76.1799999999988,22.857831833021994
76.1999999999988,33.73435044047842
76.2199999999988,13.026455177463102
76.2399999999988,28.30304569330923
76.2599999999988,10.001506823584053
76.27999999999881,30.01413066332402
76.2999999999988,17.99491118250785
76.3199999999988,24.871283575288892
76.3399999999988,27.46406216768206
76.35999999999879,18.45925237720693
76.3799999999988,16.763924813753327
76.3999999999988,14.672137640904847
76.4199999999988,19.406671090890743
76.4399999999988,19.073877843289946
76.4599999999988,21.998182237592104
76.4799999999988,20.156051612545063
76.49999999999879,21.38808878069467
76.51999999999879,18.989209905596002
76.5399999999988,16.483914379565213
76.5599999999988,22.888733827320568
76.57999999999879,28.374645582410537
76.5999999999988,17.02480224274952
76.6199999999988,34.26784128923886
76.63999999999879,20.030279233173342
76.65999999999879,16.82427720019457
76.67999999999878,32.36457645953216
76.6999999999988,11.537949058866724
76.71999999999879,15.683061265444284
76.73999999999879,13.591119693168755
76.7599999999988,23.10600546384172
76.7799999999988,21.732866873043495
76.79999999999879,18.031627404573918
76.81999999999879,2.203462806722417
76.83999999999878,19.49579213622667
76.85999999999879,15.129826949870885
76.87999999999879,30.4164616635389
76.89999999999878,24.43111370926826
76.9199999999988,11.095552027775888
76.93999999999879,7.8859135974870735
76.95999999999879,13.337632090310972
76.97999999999878,24.25579709320057
76.99999999999878,0.0
77.01999999999879,16.320989515071815
77.03999999999878,21.914153790310998
77.05999999999878,11.278798686475188
77.07999999999879,31.170377202621204
77.09999999999879,20.72206241941023
77.11999999999878,24.47420090528235
77.13999999999878,20.002929569099607
77.15999999999877,25.216349218452162
77.17999999999878,16.237658688561215
77.19999999999878,27.45055578021555
77.21999999999878,23.505242877970648
77.23999999999879,33.562456498922344
77.25999999999878,4.365012393607692
77.27999999999878,9.298006748146433
77.29999999999878,22.532392894430625
77.31999999999877,29.919187881193082
77.33999999999878,35.03803270220454
77.35999999999878,18.4290899922352
77.37999999999877,16.212896831866626
77.39999999999878,52.22521927486245
77.41999999999878,31.607449144103498
77.43999999999878,23.594352804682504
77.45999999999877,51.796184384013046
77.47999999999877,45.438580802149986
77.49999999999878,68.70737326445077
77.51999999999877,90.24225555003834
77.53999999999877,108.44116155772282
77.55999999999878,123.77820643529635
77.57999999999878,148.945445528448
77.59999999999877,175.77125718857462
77.61999999999877,217.0769899323678
77.63999999999876,222.25555563878203
77.65999999999877,255.40749939128864
77.67999999999877,260.8794568623017
77.69999999999877,271.1220446970923
77.71999999999878,285.4586632632867
77.73999999999877,282.70691087218887
77.75999999999877,284.12061059898843
77.77999999999876,265.2763875399607
77.79999999999876,232.57519739582895
77.81999999999877,211.58045549549686
77.83999999999877,185.8904302404457
77.85999999999876,167.11561170485462
77.87999999999877,154.81186179709826
77.89999999999877,111.20111123566734
77.91999999999877,93.36159340366166
77.93999999999876,79.62436377507645
77.95999999999876,58.59241772370884
77.97999999999877,46.83498382311708
77.99999999999876,34.34247308151952
78.01999999999876,27.08536029216533
78.03999999999877,20.516944596805622
78.05999999999877,25.1110899371644
78.07999999999876,28.416173873126397
78.09999999999876,31.81175678340086
78.11999999999875,10.326131292770997
78.13999999999876,15.616867707224717
78.15999999999876,7.710086496810414
78.17999999999876,11.763842543136054
78.19999999999877,21.460065592863053
78.21999999999876,23.986173329381373
78.23999999999876,20.24865561915182
78.25999999999875,32.86490501431709
78.27999999999875,19.243736700360653
78.29999999999876,22.20304757354625
78.31999999999876,26.02492134952616
78.33999999999875,25.40452633841565
78.35999999999876,21.24899540943847
78.37999999999876,36.81859792858779
78.39999999999876,15.425540169878134
78.41999999999875,27.207937103250774
78.43999999999875,13.721744916699194
78.45999999999876,20.03563236354867
78.47999999999875,13.09397863017146
78.49999999999875,3.427792677859088
78.51999999999876,7.6519545232119
78.53999999999876,13.995450424765867
78.55999999999875,29.08761433511326
78.57999999999875,14.313532910098855
78.59999999999874,29.15639234969988
78.61999999999875,7.94830803577962
78.63999999999875,21.76781627150277
78.65999999999875,21.189153101663592
78.67999999999876,26.079467248394486
78.69999999999875,19.533261881513234
78.71999999999875,28.127125191302984
78.73999999999874,24.308467765989903
78.75999999999874,21.79541917966771
78.77999999999875,12.29067949123418
78.79999999999875,26.645859385599096
78.81999999999874,20.87162983402578
78.83999999999875,3.5013466076824677
78.85999999999875,27.539760443838887
78.87999999999874,20.49547275751266
78.89999999999874,13.223441006800353
78.91999999999874,28.56260468634691
78.93999999999875,11.478630254412858
78.95999999999874,22.088447262865547
78.97999999999874,19.236742875438022
78.99999999999875,22.159356081055083
79.01999999999875,19.112697768380485
79.03999999999874,16.677891255296036
79.05999999999874,22.964797885234216
79.07999999999873,14.304790901253586
79.09999999999874,17.97685628935311
79.11999999999874,20.64616199281501
79.13999999999874,42.51498572665777
79.15999999999875,26.473721046040506
79.17999999999874,8.217421136857226
79.19999999999874,29.064824385894273
79.21999999999873,13.962412674500074
79.23999999999873,19.42287996478764
79.25999999999874,15.479947643290174
79.27999999999874,36.962099864507636
79.29999999999873,11.641830219966431
79.31999999999874,12.116837466666624
79.33999999999874,12.123588277287672
79.35999999999873,32.04851926583969
79.37999999999873,2.779249129057252
79.39999999999873,19.115518754015046
79.41999999999874,27.096632164476805
79.43999999999873,16.471509180012628
79.45999999999873,22.51136729201484
79.47999999999874,21.62237125201551
79.49999999999874,26.241270735077546
79.51999999999873,20.688481594590993
79.53999999999873,40.16762865631258
79.55999999999872,29.223834226808002
79.57999999999873,24.925903336084893
79.59999999999873,24.688168247368274
79.61999999999873,26.18046643415603
79.63999999999874,19.609733049751597
79.65999999999873,14.873681612817915
79.67999999999873,15.969891944111648
79.69999999999872,13.204650274076796
79.71999999999872,33.071301006619876
79.73999999999873,16.047803121070594
79.75999999999873,18.12570023901132
79.77999999999872,9.258010210865958
79.79999999999873,34.6604335198111
79.81999999999873,14.295558702774308
79.83999999999872,14.182061375234094
79.85999999999872,28.316706016948558
79.87999999999872,20.49001918001857
79.89999999999873,9.720981452832339
79.91999999999872,26.355381793463177
79.93999999999872,15.984593049464989
79.95999999999873,33.65039911431365
79.97999999999873,25.673144005120108
79.99999999999872,9.547102293230711
80.01999999999872,1.3144793133125212
80.03999999999871,27.742051060168627
80.05999999999872,15.393402834957033
80.07999999999872,5.891687282043128
80.09999999999872,17.140606072681937
80.11999999999873,22.10566330671607
80.13999999999872,25.289977761444987
80.15999999999872,8.56747019567719
80.17999999999871,17.810391839572507
80.19999999999871,39.61702833665308
80.21999999999872,22.40263254166855
80.23999999999872,29.75346381956443
80.25999999999871,30.814530369362778
80.27999999999872,23.63132684831821
80.29999999999872,21.070290671318634
80.31999999999871,16.74277258808536
80.33999999999871,24.402122993859237
80.3599999999987,24.45103595045952
80.37999999999872,18.964614392890056
80.39999999999871,7.398653118311222
80.41999999999871,26.4191547716489
80.43999999999872,17.481246536153524
80.45999999999871,18.02502147830709
80.47999999999871,15.087743471417546
80.4999999999987,8.151269608453964
80.5199999999987,9.955580127976198
80.53999999999871,28.997349306224717
80.55999999999871,23.98422715080091
80.5799999999987,20.156330530640997
80.59999999999872,5.030662842956797
80.61999999999871,20.11936842770478
80.63999999999871,24.051264948259668
80.6599999999987,16.593840485664916
80.6799999999987,20.701418998820966
80.69999999999871,21.892005955979783
80.7199999999987,22.292920771297805
80.7399999999987,12.418731461862112
80.75999999999871,30.936330372567024
80.77999999999871,0.0
80.7999999999987,14.214595360585026
80.8199999999987,29.874900610378482
80.8399999999987,21.133721210897143
80.8599999999987,33.83732391162218
80.8799999999987,30.95286874512833
80.8999999999987,6.095632533628004
80.91999999999871,27.008096278880476
80.9399999999987,25.568373843280508
80.9599999999987,15.562396839508889
80.9799999999987,26.16800552485711
80.99999999999869,18.801921811065977
81.0199999999987,18.458668271464756
81.0399999999987,21.353717138740414
81.0599999999987,11.203014118407975
81.0799999999987,26.880359185353036
81.0999999999987,25.92513560377866
81.1199999999987,18.793724151190908
81.1399999999987,11.924900520600332
81.15999999999869,27.21397987218458
81.1799999999987,16.878231547857652
81.1999999999987,25.56767190409699
81.21999999999869,4.829653555075419
81.2399999999987,31.675428696802605
81.2599999999987,25.013706682594275
81.2799999999987,13.671891483974077
81.29999999999869,17.184315542732616
81.31999999999869,26.761876028603655
81.3399999999987,22.30072729740037
81.35999999999869,18.711255753104076
81.37999999999869,22.248334291142577
81.3999999999987,23.21992888159615
81.4199999999987,27.28998299863834
81.43999999999869,29.707618202747746
81.45999999999869,22.825294568407095
81.47999999999868,6.522361728449477
81.49999999999869,22.840778445159234
81.51999999999869,23.360077994638182
81.53999999999868,6.811237456826163
81.5599999999987,21.441399458167773
81.57999999999869,14.308610340039358
81.59999999999869,17.537421559503613
81.61999999999868,19.11905944670064
81.63999999999868,21.70917632789405
81.65999999999869,6.820466253231903
81.67999999999869,17.93478455963709
81.69999999999868,15.054884027291454
81.71999999999869,15.982612374096435
81.73999999999869,22.89791138913507
81.75999999999868,19.537656590118523
81.77999999999868,6.017789580780255
81.79999999999868,25.18756407030329
81.81999999999869,20.451552469317797
81.83999999999868,17.187672277050584
81.85999999999868,23.11358618875959
81.87999999999869,35.874469349957295
81.89999999999868,16.357693116722267
81.91999999999868,29.755965100669236
81.93999999999868,31.502100721087047
81.95999999999867,7.654623872592394
81.97999999999868,23.42049317468564
81.99999999999868,11.566708786283806
82.01999999999867,25.924421687118254
82.03999999999868,16.663725544661315
82.05999999999868,41.8114601077205
82.07999999999868,12.690090339989052
82.09999999999867,22.40978735558167
82.11999999999867,10.011692207658754
82.13999999999868,12.464267590313568
82.15999999999867,6.847149179913343
82.17999999999867,12.071783096593556
82.19999999999868,18.253000946354405
82.21999999999868,14.250476956157012
82.23999999999867,3.808377500146751
82.25999999999867,23.76397768270749
82.27999999999867,28.340247628982247
82.29999999999868,18.16212209152644
82.31999999999867,31.34002482240882
82.33999999999867,8.768559401676633
82.35999999999868,31.17067912277067
82.37999999999867,8.051689424748478
82.39999999999867,35.732581964610155
82.41999999999867,26.902965295367164
82.43999999999866,26.2420482135544
82.45999999999867,34.03334995866151
82.47999999999867,21.448382405781715
82.49999999999866,9.172881434700347
82.51999999999867,27.430834554151446
82.53999999999867,8.480839214504973
82.55999999999867,14.922056873671885
82.57999999999866,28.224744750183085
82.59999999999866,24.520826661657463
82.61999999999867,15.744782608345947
82.63999999999866,13.456012450212334
82.65999999999866,23.428922218026596
82.67999999999867,28.74934029543946
82.69999999999867,29.511751504312727
82.71999999999866,9.534604474867308
82.73999999999866,20.112710715402525
82.75999999999866,9.900431160872174
82.77999999999867,37.374605996332534
82.79999999999866,11.095499235044954
82.81999999999866,21.205235926304542
82.83999999999867,28.261200575170324
82.85999999999866,19.831615724517057
82.87999999999866,8.032891262269926
82.89999999999866,20.069873145311046
82.91999999999865,32.43226415127816
82.93999999999866,22.128547087584963
82.95999999999866,21.957459515218325
82.97999999999865,17.747178519296153
82.99999999999866,18.642525887176745
83.01999999999866,22.425517948384744
83.03999999999866,26.492174606825607
83.05999999999865,22.543032164590393
83.07999999999865,31.127642648515234
83.09999999999866,26.068962340578587
83.11999999999865,25.07272531251794
83.13999999999865,20.865364010066394
83.15999999999866,17.749130181463862
83.17999999999866,21.7678775739563
83.19999999999865,16.28709561536475
83.21999999999865,20.20352434906595
83.23999999999864,15.041121740835763
83.25999999999866,41.339437401583936
83.27999999999865,13.823041531887446
83.29999999999865,14.564362084297677
83.31999999999866,11.664210076912724
83.33999999999865,23.9453665102879
83.35999999999865,8.435753558783215
83.37999999999865,24.07337322568228
83.39999999999864,21.5200548024457
83.41999999999865,21.738944688377888
83.43999999999865,23.954092711844925
83.45999999999864,11.445615729962357
83.47999999999865,17.87115598880235
83.49999999999865,30.04535781606154
83.51999999999865,17.114941797856332
83.53999999999864,15.567800841877789
83.55999999999864,17.836685361417242
83.57999999999865,13.063598258275068
83.59999999999864,24.49492466439309
83.61999999999864,16.6065477035256
83.63999999999865,28.61120224503384
83.65999999999865,19.417629863523782
83.67999999999864,14.123534748832927
83.69999999999864,23.855882027662016
83.71999999999863,19.740770670945405
83.73999999999864,21.406968525497906
83.75999999999864,23.25024370744385
83.77999999999864,24.825395054573285
83.79999999999865,18.70808922746229
83.81999999999864,21.12893224141572
83.83999999999864,15.457436942790302
83.85999999999864,14.317710044638275
83.87999999999863,28.197121874318054
83.89999999999864,9.77680212401345
83.91999999999864,36.706455927786266
83.93999999999863,15.821141343883369
83.95999999999864,20.167866865978112
83.97999999999864,29.70123238572221
83.99999999999864,14.863189756446015
84.01999999999863,19.21863726941884
84.03999999999863,12.277423881321072
84.05999999999864,23.635640145695593
84.07999999999863,5.621863426451947
84.09999999999863,18.118856811647426
84.11999999999864,25.408400371173915
84.13999999999864,33.65656876952095
84.15999999999863,11.320740334093193
84.17999999999863,9.553341628882485
84.19999999999862,23.131392064446665
84.21999999999863,27.29806105033446
84.23999999999863,5.91851282172261
84.25999999999863,15.011468407560937
84.27999999999864,0.0
84.29999999999863,22.6535826397508
84.31999999999863,18.528313962464505
84.33999999999862,23.869888738468514
84.35999999999862,25.117286282201924
84.37999999999863,14.551261194948964
84.39999999999863,19.770293079918876
84.41999999999862,14.60543934269949
84.43999999999863,15.781820334621859
84.45999999999863,25.72185104746724
84.47999999999863,24.08798175175304
84.49999999999862,33.823778892048644
84.51999999999862,27.53105980241329
84.53999999999863,12.722543367231108
84.55999999999862,25.030383218413885
84.57999999999862,10.210332609673511
84.59999999999863,28.704612203627033
84.61999999999863,12.984751996824484
84.63999999999862,27.45747411059036
84.65999999999862,12.744892015140342
84.67999999999861,14.021085841714875
84.69999999999862,19.087973322378318
84.71999999999862,17.451498000312654
84.73999999999862,31.93927484881842
84.75999999999863,16.014053144236396
84.77999999999862,12.430262172292782
84.79999999999862,21.418337404400162
84.81999999999861,17.905756299021782
84.83999999999861,4.438244399772145
84.85999999999862,16.233072701785257
84.87999999999862,25.502423099570255
84.89999999999861,16.695721639533723
84.91999999999862,21.438021900309025
84.93999999999862,14.699765849651268
84.95999999999862,14.91368140012797
84.97999999999861,16.028535120900223
84.99999999999861,23.656949503309495
85.01999999999862,20.891973428263526
85.03999999999861,11.836064499944918
85.05999999999861,24.852391746835046
85.07999999999862,17.505324383329302
85.09999999999862,25.27473635692727
85.11999999999861,19.24977856953762
85.13999999999861,20.52016420094412
85.1599999999986,9.25766650652511
85.17999999999861,18.488886235642525
85.19999999999861,25.96076512904956
85.2199999999986,20.094952724230577
85.23999999999862,17.433047312567286
85.25999999999861,29.046420074049436
85.27999999999861,18.77152598487908
85.2999999999986,22.65623677688593
85.3199999999986,19.022604129961692
85.33999999999861,19.725761235113
85.3599999999986,28.646156205092375
85.3799999999986,24.60188219345307
85.39999999999861,30.73705646698917
85.41999999999861,21.471036118344998
85.4399999999986,18.466734266701117
85.4599999999986,37.220000089783845
85.4799999999986,21.99236067614742
85.49999999999861,17.28632583454525
85.5199999999986,28.58520344177817
85.5399999999986,20.507161994406996
85.55999999999861,0.0
85.5799999999986,37.827841619752256
85.5999999999986,17.184270049229262
85.6199999999986,21.92105547038089
85.6399999999986,22.396306267715357
85.6599999999986,18.398774293270517
85.6799999999986,31.668305581604976
85.6999999999986,17.9579388263602
85.7199999999986,19.7313068710353
85.7399999999986,36.537458753495585
85.7599999999986,13.272961476474611
85.7799999999986,23.44575555297739
85.79999999999859,23.641387798255288
85.8199999999986,12.10280837243474
85.8399999999986,12.844118876545334
85.85999999999859,8.039402245135525
85.8799999999986,15.948244840532297
85.8999999999986,30.14077942802202
85.9199999999986,26.047507233881255
85.93999999999859,17.571741306550493
85.95999999999859,22.995666321535346
85.9799999999986,30.274940151082813
85.9999999999986,13.329834405746078
86.01999999999859,19.845347787421268
86.0399999999986,22.85963776441628
86.0599999999986,15.383471603442842
86.07999999999859,21.3182795186396
86.09999999999859,9.754924326572514
86.11999999999858,30.700536856540467
86.1399999999986,21.81984886673648
86.15999999999859,43.37646884074284
86.17999999999859,33.01540299850106
86.1999999999986,17.405973629966756
86.21999999999859,28.474460368685115
86.23999999999859,14.34937063978805
86.25999999999858,15.253716101955906
86.27999999999858,22.959305679185512
86.29999999999859,6.640611271257587
86.31999999999859,14.721642408315242
86.33999999999858,35.592597131588185
86.35999999999859,9.586920100013764
86.37999999999859,20.588355834379193
86.39999999999858,14.395089749135046
86.41999999999858,35.199729040730425
86.43999999999858,23.90040135690985
86.45999999999859,40.52673158700492
86.47999999999858,9.716999315280017
86.49999999999858,28.44499910042039
86.51999999999859,14.870690161421798
86.53999999999859,7.616476515300413
86.55999999999858,19.096005197041503
86.57999999999858,6.998805579301772
86.59999999999857,8.072071700162043
86.61999999999858,8.549692217519244
86.63999999999858,24.351865632551853
86.65999999999858,32.433196004834095
86.67999999999859,2.0991300762630054
86.69999999999858,13.604767516101706
86.71999999999858,12.778316869070423
86.73999999999857,18.7330245887786
86.75999999999857,18.406242849319483
86.77999999999858,15.740617899798767
86.79999999999858,18.567962603952996
86.81999999999857,23.09781659428359
86.83999999999858,30.339876092722925
86.85999999999858,19.828896265867122
86.87999999999857,8.7882952706751
86.89999999999857,31.859987060542615
86.91999999999857,25.418993637831232
86.93999999999858,23.794971133383346
86.95999999999857,25.699297961995796
86.97999999999857,11.185643046130016
86.99999999999858,24.225556948891757
87.01999999999857,26.42014423559819
87.03999999999857,21.394220509233218
87.05999999999857,14.126489421952883
87.07999999999856,0.0
87.09999999999857,31.911767058117512
87.11999999999857,15.946774803701706
87.13999999999857,34.17646206252326
87.15999999999858,26.617673233923757
87.17999999999857,25.87159777699555
87.19999999999857,16.757056266591324
87.21999999999856,29.187987729384766
87.23999999999856,30.500932437727336
87.25999999999857,18.87748862910676
87.27999999999857,10.999967685416731
87.29999999999856,25.87753418131331
87.31999999999857,22.003917228662754
87.33999999999857,10.545392242441713
87.35999999999856,20.327035833779842
87.37999999999856,23.369258644688813
87.39999999999856,18.637854226239973
87.41999999999857,34.38005003297194
87.43999999999856,9.893315119367008
87.45999999999856,18.835780758937158
87.47999999999857,25.862102436851078
87.49999999999856,19.255551069893595
87.51999999999856,25.254095511569357
87.53999999999856,17.906610030498584
87.55999999999855,17.01404821234744
87.57999999999856,8.993736004786284
87.59999999999856,19.336650837691522
87.61999999999856,15.412730903571072
87.63999999999857,33.76035527304302
87.65999999999856,19.756227846243767
87.67999999999856,18.096549095967973
87.69999999999855,24.710297496592183
87.71999999999855,16.06973870767895
87.73999999999856,24.32835216532226
87.75999999999856,28.395472896419612
87.77999999999855,13.16992654740184
87.79999999999856,20.75086889848741
87.81999999999856,32.705635499338584
87.83999999999855,13.028119888992656
87.85999999999855,26.862786605836042
87.87999999999855,19.572464582804326
87.89999999999856,19.068920258546513
87.91999999999855,13.901112020993695
87.93999999999855,19.8722425797656
87.95999999999856,18.51977917656383
87.97999999999855,19.250070988671677
87.99999999999855,20.89595405962332
88.01999999999855,27.03816783720623
88.03999999999854,18.331768507424833
88.05999999999855,12.03546722971399
88.07999999999855,35.07012965007811
88.09999999999854,14.305268031953332
88.11999999999856,38.35547419525946
88.13999999999855,18.219432346793926
88.15999999999855,14.603669542320796
88.17999999999854,19.901897936865566
88.19999999999854,24.3112121960209
88.21999999999855,3.9140956832014595
88.23999999999855,15.297831260481356
88.25999999999854,10.728654590736417
88.27999999999855,39.21470827924617
88.29999999999855,20.580749853311502
88.31999999999854,14.149341408006983
88.33999999999854,12.57062598523673
88.35999999999854,23.94846494222072
88.37999999999855,27.089841650888555
88.39999999999854,23.391586718134445
88.41999999999854,6.0821288452408115
88.43999999999855,16.816501680666565
88.45999999999854,25.83032365648662
88.47999999999854,23.523061415503417
88.49999999999854,26.552232092605493
88.51999999999853,12.409734666016327
88.53999999999854,24.385485863099703
88.55999999999854,39.72628753406055
88.57999999999853,8.901951862994197
88.59999999999854,26.35133854532223
88.61999999999854,24.94980223958813
88.63999999999854,27.448342335071295
88.65999999999853,17.747459795901165
88.67999999999853,27.694271269556857
88.69999999999854,17.772863732014386
88.71999999999854,12.640974346383377
88.73999999999853,25.25570978801601
88.75999999999854,18.378134249883065
88.77999999999854,24.580926753311292
88.79999999999853,23.632521795487623
88.81999999999853,19.073458960022954
88.83999999999853,20.385599765973957
88.85999999999854,5.225939837736636
88.87999999999853,17.294710355559385
88.89999999999853,27.44163712678565
88.91999999999854,25.37592566007816
88.93999999999853,26.394780104444617
88.95999999999853,20.469699547995198
88.97999999999853,35.02923999760677
88.99999999999852,21.53152036817294
89.01999999999853,23.83479519840889
89.03999999999853,11.3465024058644
89.05999999999852,19.933307962681855
89.07999999999853,13.533556228489818
89.09999999999853,26.287491981863315
89.11999999999853,26.010519380738785
89.13999999999852,14.535774292368176
89.15999999999852,17.972520589454493
89.17999999999853,14.827266742949071
89.19999999999852,22.255729378571775
89.21999999999852,26.44281855923041
89.23999999999853,8.559539687869917
89.25999999999853,16.628508497474296
89.27999999999852,22.867700440755506
89.29999999999852,29.606978604118556
89.31999999999852,20.41086442681244
89.33999999999853,24.45775152816354
89.35999999999852,18.479357759698043
89.37999999999852,19.21835908199321
89.39999999999853,2.7205991871502064
89.41999999999852,9.89205246143193
89.43999999999852,23.755896063288386
89.45999999999852,26.100161376644415
89.47999999999851,19.127073267323915
89.49999999999852,12.61285496483851
89.51999999999852,6.332567975040041
89.53999999999851,29.954285130154478
89.55999999999852,25.91729861392169
89.57999999999852,26.14378257280031
89.59999999999852,36.96892658313183
89.61999999999851,20.783648322168265
89.63999999999851,29.449397653977393
89.65999999999852,23.77978561518628
89.67999999999851,32.98064906388401
89.69999999999851,13.820679173102818
89.71999999999852,7.722984441943032
89.73999999999852,16.930926642786606
89.75999999999851,16.5418852201688
89.77999999999851,17.272640077128482
89.7999999999985,12.684533524418736
89.81999999999852,5.319176190798023
89.83999999999851,15.30402408337473
89.85999999999851,22.27394779950642
89.87999999999852,3.2760277925491224
89.89999999999851,22.25595727483992
89.91999999999851,12.339587893969501
89.9399999999985,38.99956093367063
89.9599999999985,16.58030127483891
89.97999999999851,23.414276520467332
89.99999999999851,11.610775600139906
