two_theta_deg,intensity
19.962619875281064,21.515115277286633
19.982619875281063,31.92265067246978
20.002619875281063,31.971423340436598
20.022619875281062,18.82427016069639
20.042619875281062,11.287349486443258
20.06261987528106,6.755122327127339
20.08261987528106,27.68255974233317
20.10261987528106,29.965514479098225
20.12261987528106,15.168400234466237
20.14261987528106,37.447624210912956
20.16261987528106,28.51055344916202
20.18261987528106,40.483955375119976
20.20261987528106,30.69583139715959
20.222619875281058,16.328166654135103
20.242619875281058,31.57533038837208
20.262619875281057,33.69462729641029
20.282619875281057,21.51827279348457
20.302619875281056,12.574553199178165
20.322619875281056,27.999404553370752
20.342619875281056,16.988944516162952
20.362619875281055,38.20720068287366
20.382619875281055,22.927476657814786
20.402619875281054,44.24616016671452
20.422619875281054,5.759454299216351
20.442619875281054,28.34987512447984
20.462619875281053,41.29670983178206
20.482619875281053,18.100590861907822
20.502619875281052,25.4124614999866
20.522619875281052,22.974936796787933
20.54261987528105,20.16842685504142
20.56261987528105,29.453125279114793
20.58261987528105,14.053464708006112
20.60261987528105,25.898761016721252
20.62261987528105,32.16914558431869
20.64261987528105,24.859006739939137
20.66261987528105,17.008628772661783
20.68261987528105,37.31323795316622
20.702619875281048,34.31465305744353
20.722619875281048,16.600897485466167
20.742619875281047,14.072365592262122
20.762619875281047,17.494855416977412
20.782619875281046,32.46747586038694
20.802619875281046,29.771104121675315
20.822619875281045,34.91681948478097
20.842619875281045,23.755093713671616
20.862619875281045,17.76984336248964
20.882619875281044,36.206226778324776
20.902619875281044,21.48383923368845
20.922619875281043,28.884353722084548
20.942619875281043,11.520159893091183
20.962619875281042,21.321825491141695
20.982619875281042,37.11440072744125
21.00261987528104,19.85818597266071
21.02261987528104,35.16645031706716
21.04261987528104,3.711681949943763
21.06261987528104,21.428415475006886
21.08261987528104,25.309225126906767
21.10261987528104,44.44860049233247
21.12261987528104,15.33298089532776
21.14261987528104,33.73394125426104
21.162619875281038,37.59371108879827
21.182619875281038,19.80986815707628
21.202619875281037,23.289882876213333
21.222619875281037,28.441754222254826
21.242619875281036,12.21094732278009
21.262619875281036,22.47508178167291
21.282619875281036,39.78753761501848
21.302619875281035,32.253255023866174
21.322619875281035,25.45947013920779
21.342619875281034,28.157969185162468
21.362619875281034,32.83654817361822
21.382619875281033,34.751831372573996
21.402619875281033,21.463810223365403
21.422619875281033,42.37536936710734
21.442619875281032,40.191836621959226
21.46261987528103,33.80111203250928
21.48261987528103,18.599104638097785
21.50261987528103,16.826618250035388
21.52261987528103,23.76295983169282
21.54261987528103,27.63677571791844
21.56261987528103,9.344319498800452
21.58261987528103,31.976269377101772
21.60261987528103,39.90404704701185
21.62261987528103,32.79423865864915
21.642619875281028,20.269028574399787
21.662619875281028,19.085568466218223
21.682619875281027,30.028158220852365
21.702619875281027,25.49661647119141
21.722619875281026,31.460070724670302
21.742619875281026,33.046864583322645
21.762619875281025,37.94853454456318
21.782619875281025,15.708359893482339
21.802619875281025,29.245735122895404
21.822619875281024,23.394733606567875
21.842619875281024,26.043057754488192
21.862619875281023,35.67340781983697
21.882619875281023,36.7604756804192
21.902619875281022,41.013537673789905
21.922619875281022,31.284874462849164
21.94261987528102,25.92866141590267
21.96261987528102,24.499888574283663
21.98261987528102,9.680953777189501
22.00261987528102,40.425671375519016
22.02261987528102,23.80914051318471
22.04261987528102,32.086885580791346
22.06261987528102,33.81765717925778
22.08261987528102,14.574300389928801
22.102619875281018,17.793741738168464
22.122619875281018,42.49714154564173
22.142619875281017,29.931021080518214
22.162619875281017,21.220519371891342
22.182619875281016,25.762602643753393
22.202619875281016,37.888125198866106
22.222619875281016,36.36857100518119
22.242619875281015,12.364265311005775
22.262619875281015,43.3675647704579
22.282619875281014,36.68583672538137
22.302619875281014,25.49922069153623
22.322619875281013,15.106352218164421
22.342619875281013,37.56325321489947
22.362619875281013,31.78701869036803
22.382619875281012,12.444323494379747
22.40261987528101,24.701076830680954
22.42261987528101,58.28312404947337
22.44261987528101,27.185935967994485
22.46261987528101,19.600722964691904
22.48261987528101,16.93495991799192
22.50261987528101,44.74040002412608
22.52261987528101,35.496475867134855
22.54261987528101,41.09272966183449
22.56261987528101,29.49963569172853
22.582619875281008,39.55740631621914
22.602619875281007,18.533427970571864
22.622619875281007,28.641946376609127
22.642619875281007,29.885963224050517
22.662619875281006,40.83927571264282
22.682619875281006,30.202601934847905
22.702619875281005,20.758406082938293
22.722619875281005,27.653600691021264
22.742619875281004,10.248055920784406
22.762619875281004,3.8018131057344036
22.782619875281004,35.324213489516474
22.802619875281003,23.26264713981477
22.822619875281003,24.395186099506503
22.842619875281002,35.318085848967414
22.862619875281002,40.97796975891167
22.882619875281,32.351979204725886
22.902619875281,46.28704860911653
22.922619875281,32.03241920822394
22.942619875281,30.02685698214505
22.962619875281,29.40779197585931
22.982619875281,14.148116467549087
23.002619875281,36.56221342482785
23.022619875281,2.5467093971865857
23.042619875280998,21.137970210804177
23.062619875280998,27.228918440744767
23.082619875280997,19.101094825736563
23.102619875280997,22.480248935285264
23.122619875280996,45.39064092385382
23.142619875280996,38.036188212510325
23.162619875280996,20.136723645437403
23.182619875280995,22.298373456482913
23.202619875280995,14.223024215508229
23.222619875280994,34.04201372628963
23.242619875280994,24.49365056600625
23.262619875280993,7.325396612064964
23.282619875280993,27.996870545398682
23.302619875280993,31.377783833399704
23.322619875280992,36.61835217145443
23.34261987528099,26.252329016977058
23.36261987528099,23.258086947155533
23.38261987528099,46.8463540899739
23.40261987528099,27.048464662505044
23.42261987528099,34.17710434891414
23.44261987528099,21.58495965425037
23.46261987528099,33.878309791796624
23.48261987528099,12.421767679899869
23.50261987528099,22.356213625100022
23.522619875280988,14.892965325015744
23.542619875280987,20.92478030505307
23.562619875280987,39.47800690688419
23.582619875280987,20.848827777624926
23.602619875280986,34.153415285697825
23.622619875280986,42.14226041500867
23.642619875280985,26.692577234087675
23.662619875280985,36.90475041761819
23.682619875280984,32.276655175714716
23.702619875280984,28.128868366895503
23.722619875280984,34.466345669578345
23.742619875280983,45.3612486494856
23.762619875280983,20.58784386467652
23.782619875280982,17.36717650449647
23.802619875280982,16.778679851797733
23.82261987528098,36.90073210274329
23.84261987528098,38.24874303798966
23.86261987528098,21.583299188401423
23.88261987528098,5.5921220655278745
23.90261987528098,20.203266531491884
23.92261987528098,32.42793942172499
23.94261987528098,26.280717318435137
23.96261987528098,28.749964601682084
23.982619875280978,21.71156874810938
24.002619875280978,37.084417355222506
24.022619875280977,30.373944693138895
24.042619875280977,32.80514936662705
24.062619875280976,28.529646850336796
24.082619875280976,32.181134452734454
24.102619875280975,31.5216199242923
24.122619875280975,17.65359442614266
24.142619875280975,30.663396775326056
24.162619875280974,34.846260114101
24.182619875280974,38.48099309859707
24.202619875280973,31.089037440450277
24.222619875280973,17.273835780248646
24.242619875280973,18.811530180830598
24.262619875280972,22.571572682207844
24.28261987528097,28.816030113567663
24.30261987528097,25.697355086063986
24.32261987528097,15.680708049448668
24.34261987528097,15.619128519148331
24.36261987528097,5.929398829973525
24.38261987528097,0.0
24.40261987528097,25.593336504857703
24.42261987528097,50.11170894518793
24.44261987528097,44.87543849268117
24.462619875280968,17.123554806649665
24.482619875280967,28.403115197487125
24.502619875280967,12.256488051888802
24.522619875280967,13.779376416279462
24.542619875280966,14.923921975275153
24.562619875280966,24.641824998748557
24.582619875280965,25.07036730816057
24.602619875280965,29.420122371677966
24.622619875280964,33.523393510921146
24.642619875280964,23.52053503789403
24.662619875280964,27.249466354930174
24.682619875280963,15.947411687177786
24.702619875280963,13.438644357462572
24.722619875280962,11.891956736579182
24.742619875280962,33.37221156737474
24.76261987528096,23.498696207205384
24.78261987528096,8.164600975801172
24.80261987528096,26.242930788159306
24.82261987528096,14.383611514142268
24.84261987528096,43.47360535589658
24.86261987528096,21.079580112750833
24.88261987528096,33.68082518871722
24.90261987528096,37.753351456937466
24.922619875280958,17.31238037196718
24.942619875280958,27.62006766069054
24.962619875280957,32.392194971087804
24.982619875280957,28.01088504916209
25.002619875280956,30.46432619317413
25.022619875280956,13.554907858061567
25.042619875280955,32.38943511437332
25.062619875280955,21.985290040542868
25.082619875280955,30.33929123312275
25.102619875280954,36.04250243831293
25.122619875280954,33.528522016573035
25.142619875280953,30.325445142554972
25.162619875280953,33.25732979508955
25.182619875280952,33.71794432870017
25.202619875280952,41.78662038290621
25.22261987528095,26.48886478811673
25.24261987528095,28.466692777038066
25.26261987528095,36.145530050239906
25.28261987528095,21.91871305053893
25.30261987528095,13.467629690789032
25.32261987528095,31.750309526393025
25.34261987528095,24.755462402938996
25.36261987528095,14.738104717792723
25.382619875280948,31.816465844478717
25.402619875280948,41.12003255805688
25.422619875280947,10.508920955564747
25.442619875280947,37.027228547018765
25.462619875280947,1.4309237916354576
25.482619875280946,22.79634119152111
25.502619875280946,45.20196336221015
25.522619875280945,23.5111487155392
25.542619875280945,27.691346346460683
25.562619875280944,34.41818582256529
25.582619875280944,9.62233835212766
25.602619875280944,27.505559442723637
25.622619875280943,27.424268371613127
25.642619875280943,45.402861890670636
25.662619875280942,14.419746655357145
25.682619875280942,22.959252921447426
25.70261987528094,17.48856762431155
25.72261987528094,16.42547528077586
25.74261987528094,38.04107672460976
25.76261987528094,27.03100897400068
25.78261987528094,21.2062548661642
25.80261987528094,21.580889084535784
25.82261987528094,21.124486993852436
25.84261987528094,22.016124071139167
25.862619875280938,14.107088911580721
25.882619875280938,24.16162187824143
25.902619875280937,23.154213789802213
25.922619875280937,19.16566551061006
25.942619875280936,28.291435484814127
25.962619875280936,29.137196561811404
25.982619875280935,21.169146961298175
26.002619875280935,25.29158345786551
26.022619875280935,48.31645662661607
26.042619875280934,47.93183487954609
26.062619875280934,16.183871885085292
26.082619875280933,17.577558183430458
26.102619875280933,16.125249725571422
26.122619875280932,37.28705913782928
26.142619875280932,22.728452594635478
26.16261987528093,29.107702501572494
26.18261987528093,46.677836509860086
26.20261987528093,26.60070699493773
26.22261987528093,33.76502257951224
26.24261987528093,31.90391195513293
26.26261987528093,20.814688735071915
26.28261987528093,37.28562606251543
26.30261987528093,18.194135863805407
26.322619875280928,40.087065759117735
26.342619875280928,20.81087092615639
26.362619875280927,21.902804813737028
26.382619875280927,15.79469399456632
26.402619875280926,17.43405711892821
26.422619875280926,22.40607579826339
26.442619875280926,2.357290048790894
26.462619875280925,24.33449764811515
26.482619875280925,21.585112958818588
26.502619875280924,34.56198944189693
26.522619875280924,30.888697830898586
26.542619875280923,19.579517008751523
26.562619875280923,22.06737349264849
26.582619875280923,24.30367937752786
26.602619875280922,41.506392905938945
26.62261987528092,18.420737091652878
26.64261987528092,19.44312273235044
26.66261987528092,15.35182231596832
26.68261987528092,11.814192466774955
26.70261987528092,29.70153591920444
26.72261987528092,28.657434422442147
26.74261987528092,39.45291008993469
26.76261987528092,37.036261124025344
26.78261987528092,50.5902067267764
26.802619875280918,25.87716950453112
26.822619875280918,24.00744821852968
26.842619875280917,13.607316174088528
26.862619875280917,33.57218617584154
26.882619875280916,27.78856091229895
26.902619875280916,33.11268468020637
26.922619875280915,15.205571719921934
26.942619875280915,30.109637249187635
26.962619875280915,28.64236216397905
26.982619875280914,27.97747620232581
27.002619875280914,19.751215748419398
27.022619875280913,38.47385956536672
27.042619875280913,47.080416356309335
27.062619875280912,15.470617042083799
27.082619875280912,33.77520310603023
27.10261987528091,0.0
27.12261987528091,33.25024267338848
27.14261987528091,7.8592709060692485
27.16261987528091,21.30780681092772
27.18261987528091,13.423886231146295
27.20261987528091,24.394659813152334
27.22261987528091,34.93534303035464
27.24261987528091,7.970894078421846
27.262619875280908,22.945839889479647
27.282619875280908,21.403548580319708
27.302619875280907,42.344312020944955
27.322619875280907,30.84801361940749
27.342619875280906,14.754800226841446
27.362619875280906,21.810584863024697
27.382619875280906,42.08111782113765
27.402619875280905,33.66026489432466
27.422619875280905,17.33080291235769
27.442619875280904,23.83894749813999
27.462619875280904,24.155066294415015
27.482619875280903,21.12283296969486
27.502619875280903,9.3970147223164
27.522619875280903,19.719392772760056
27.542619875280902,40.384066238636976
27.5626198752809,22.677081190271878
27.5826198752809,25.452432280160394
27.6026198752809,27.88665723561428
27.6226198752809,48.659236570397894
27.6426198752809,26.562981883028336
27.6626198752809,37.41008895518339
27.6826198752809,20.485224669785417
27.7026198752809,23.869414492261754
27.7226198752809,26.58530478702813
27.742619875280898,18.71480836335698
27.762619875280897,24.415309984699764
27.782619875280897,35.32933695638794
27.802619875280897,18.441511609232453
27.822619875280896,26.442366981804902
27.842619875280896,33.52512148664556
27.862619875280895,18.189424641584488
27.882619875280895,37.38451209303084
27.902619875280894,27.155487894571287
27.922619875280894,24.771696303941233
27.942619875280894,6.337702644427225
27.962619875280893,22.67930498855692
27.982619875280893,30.127592233549827
28.002619875280892,43.86134689667318
28.022619875280892,32.08300687549446
28.04261987528089,37.662486283129155
28.06261987528089,14.305476881418233
28.08261987528089,25.12448635083951
28.10261987528089,38.59635447397113
28.12261987528089,17.50772335974887
28.14261987528089,36.033444052494616
28.16261987528089,33.71054540995759
28.18261987528089,29.120742368071067
28.202619875280888,23.08260888653989
28.222619875280888,16.502802997517847
28.242619875280887,44.11565705696866
28.262619875280887,32.67658904958221
28.282619875280886,29.760215075605405
28.302619875280886,22.221636519856823
28.322619875280886,26.72492070377089
28.342619875280885,27.98943776299768
28.362619875280885,30.337072831991954
28.382619875280884,33.67776007319229
28.402619875280884,18.50567343274881
28.422619875280883,11.660440854845671
28.442619875280883,27.16523117306194
28.462619875280883,8.846251786518774
28.482619875280882,23.077808074757343
28.50261987528088,21.218502970677804
28.52261987528088,31.223856839801407
28.54261987528088,46.12830933426454
28.56261987528088,6.852387234376511
28.58261987528088,49.03608871979381
28.60261987528088,23.95942223462383
28.62261987528088,29.76418653959686
28.64261987528088,12.133694533416069
28.66261987528088,36.24663872032273
28.682619875280878,26.688545823532422
28.702619875280877,25.65503434058887
28.722619875280877,6.891735863377473
28.742619875280877,26.99942429529925
28.762619875280876,34.71559914092153
28.782619875280876,23.890379912423832
28.802619875280875,37.99100072384858
28.822619875280875,37.5737906392318
28.842619875280874,19.82970741571485
28.862619875280874,42.187612840956675
28.882619875280874,26.68522761033332
28.902619875280873,26.725524910512792
28.922619875280873,27.213669802903702
28.942619875280872,26.91279101648287
28.962619875280872,0.0
28.98261987528087,24.356093722606726
29.00261987528087,12.567441289771503
29.02261987528087,42.46600215570814
29.04261987528087,42.05920502057322
29.06261987528087,34.71347925779823
29.08261987528087,23.805133267247996
29.10261987528087,16.10536087697531
29.12261987528087,19.60539374510532
29.142619875280868,45.60330726696243
29.162619875280868,19.250589729878087
29.182619875280867,2.6122764086958625
29.202619875280867,36.46554237758591
29.222619875280866,41.164566769401546
29.242619875280866,42.747331863337116
29.262619875280866,36.534285428241574
29.282619875280865,38.16162360549292
29.302619875280865,26.671380092116
29.322619875280864,5.374686723881066
29.342619875280864,26.41204808756434
29.362619875280863,32.344551234866735
29.382619875280863,24.771699925277385
29.402619875280863,24.311607443811745
29.422619875280862,16.47434755915964
29.44261987528086,16.093691030515302
29.46261987528086,44.48810533846193
29.48261987528086,44.84561684878093
29.50261987528086,26.07120604627336
29.52261987528086,28.908428885983465
29.54261987528086,16.280119026581282
29.56261987528086,32.50994616185753
29.58261987528086,43.676178765791676
29.60261987528086,10.782859977149638
29.622619875280858,30.709472858436683
29.642619875280857,31.456325748681707
29.662619875280857,31.337623326101866
29.682619875280857,42.48518112301236
29.702619875280856,46.41262426410276
29.722619875280856,23.71303451030198
29.742619875280855,32.77502862425573
29.762619875280855,26.88104105891853
29.782619875280854,19.712954674828726
29.802619875280854,28.737644297528863
29.822619875280854,32.73988467848638
29.842619875280853,28.189554471061477
29.862619875280853,17.203825322474515
29.882619875280852,21.37539241467654
29.902619875280852,21.447277621278495
29.92261987528085,17.577256915867764
29.94261987528085,29.132428574226317
29.96261987528085,30.17348168345061
29.98261987528085,35.78285637963081
30.00261987528085,17.40676824583688
30.02261987528085,20.2035079468645
30.04261987528085,41.5192841538015
30.06261987528085,24.32391758134952
30.082619875280848,26.265464883085958
30.102619875280848,24.208387544676494
30.122619875280847,37.284994932179245
30.142619875280847,37.66802737542608
30.162619875280846,37.07726725319978
30.182619875280846,26.20609991440681
30.202619875280845,17.211293472730446
30.222619875280845,45.18300538407832
30.242619875280845,34.489177665812
30.262619875280844,21.35470332186169
30.282619875280844,40.154678813390504
30.302619875280843,20.555590387044916
30.322619875280843,40.01389477365948
30.342619875280842,40.68487986314356
30.362619875280842,16.682371524365728
30.38261987528084,31.709939606600827
30.40261987528084,33.70941303356411
30.42261987528084,52.03173950874782
30.44261987528084,18.454769975904995
30.46261987528084,40.19833970103956
30.48261987528084,26.041485048888166
30.50261987528084,13.449493147908802
30.52261987528084,24.658365597382573
30.542619875280838,25.877979434742777
30.562619875280838,15.259516655804251
30.582619875280837,28.965233793078475
30.602619875280837,35.4166614507746
30.622619875280837,28.215639020500465
30.642619875280836,20.41024748230691
30.662619875280836,24.33901591968431
30.682619875280835,25.773343614201178
30.702619875280835,27.987026405393046
30.722619875280834,36.9071430908478
30.742619875280834,28.52325074896544
30.762619875280834,11.771897103651765
30.782619875280833,20.17065529250972
30.802619875280833,27.449071610851366
30.822619875280832,37.02509352741318
30.842619875280832,38.75729317520223
30.86261987528083,43.52065478315334
30.88261987528083,27.07491049551183
30.90261987528083,33.396815991722875
30.92261987528083,11.214059193748469
30.94261987528083,30.05243317415677
30.96261987528083,14.995911955983686
30.98261987528083,25.118089184005285
31.00261987528083,56.03678586378878
31.022619875280828,28.768857852704638
31.042619875280828,17.09008951663315
31.062619875280827,29.801010707259643
31.082619875280827,20.547260462364406
31.102619875280826,16.10545563833834
31.122619875280826,46.739169326318745
31.142619875280825,36.370764278210615
31.162619875280825,29.15287310906483
31.182619875280825,21.77412964045665
31.202619875280824,22.57931625714045
31.222619875280824,41.10687117920518
31.242619875280823,28.74266221116637
31.262619875280823,0.0
31.282619875280822,49.8759194178287
31.302619875280822,27.491970973794057
31.32261987528082,29.08984358384242
31.34261987528082,36.51790078284043
31.36261987528082,30.299773063184126
31.38261987528082,33.10961614841156
31.40261987528082,21.39807353841001
31.42261987528082,13.332126292912193
31.44261987528082,28.4271717676055
31.46261987528082,39.935748015796406
31.482619875280818,19.136326589393754
31.502619875280818,18.328856065336016
31.522619875280817,37.81402563793243
31.542619875280817,21.0261112037868
31.562619875280816,21.487687558577537
31.582619875280816,21.85656065005483
31.602619875280816,24.93290351331144
31.622619875280815,9.841035589248255
31.642619875280815,20.17871194952704
31.662619875280814,27.870483114924866
31.682619875280814,27.793865476075915
31.702619875280813,37.13609319346357
31.722619875280813,43.94475482583885
31.742619875280813,40.67033041000222
31.762619875280812,34.686676547188824
31.782619875280812,24.04745700589047
31.80261987528081,19.298755885544683
31.82261987528081,25.70286806662054
31.84261987528081,31.37450210101298
31.86261987528081,33.73271657328298
31.88261987528081,31.738813659810297
31.90261987528081,24.290812911506237
31.92261987528081,33.36579491161798
31.94261987528081,38.1004960598146
31.962619875280808,34.287966973854545
31.982619875280804,25.160818354737458
32.00261987528081,17.137041424091535
32.02261987528081,16.89442718825117
32.042619875280806,18.65249209002175
32.0626198752808,28.02998088798251
32.082619875280805,30.65182076422257
32.10261987528081,11.30300814948477
32.122619875280805,20.402922139073922
32.1426198752808,27.870263583790205
32.162619875280804,16.435139372763693
32.18261987528081,29.765503403067108
32.2026198752808,22.346696238532967
32.2226198752808,18.18128760351517
32.2426198752808,25.94204973528968
32.262619875280805,29.327297736087715
32.2826198752808,16.913698286832506
32.3026198752808,22.967350601218243
32.3226198752808,30.06473914371813
32.3426198752808,17.761528531115275
32.3626198752808,8.799330996930205
32.382619875280795,10.005624045327655
32.4026198752808,21.18531104781701
32.4226198752808,12.176088217554609
32.4426198752808,21.87749744808924
32.462619875280794,41.99858447883555
32.4826198752808,11.557605826491555
32.5026198752808,22.511969114900918
32.522619875280796,46.65548530975481
32.54261987528079,29.4081569662742
32.562619875280795,21.644033884415965
32.5826198752808,23.746845310894756
32.602619875280794,29.603695932292943
32.62261987528079,42.262183663378764
32.64261987528079,19.990316128676454
32.6626198752808,17.71713157965576
32.68261987528079,11.49952366573174
32.70261987528079,26.31294230470935
32.72261987528079,11.219473689783047
32.742619875280795,20.63288099157586
32.76261987528079,16.1782271452253
32.78261987528079,36.000645461146306
32.80261987528079,20.16978979480833
32.82261987528079,29.217394786666986
32.84261987528079,9.201503877606712
32.862619875280785,26.551820397948305
32.88261987528079,13.199469346099864
32.90261987528079,20.96890357038527
32.92261987528079,47.33172511225561
32.94261987528078,34.53574859850359
32.96261987528079,23.92417913194867
32.98261987528079,57.192018891414804
33.002619875280786,16.045142443728118
33.02261987528078,36.84333746406861
33.042619875280785,9.858708134105314
33.06261987528079,22.74049897021326
33.082619875280784,11.696097695319754
33.10261987528078,27.741017826259046
33.12261987528078,25.722219538645458
33.142619875280786,22.080122209316954
33.16261987528078,36.0715885430169
33.18261987528078,19.474271566166244
33.20261987528078,28.408016714094167
33.222619875280785,33.33928153550882
33.24261987528078,10.295747919131127
33.26261987528078,17.638039466758894
33.28261987528078,25.65501045378621
33.30261987528078,31.412147915368504
33.32261987528078,39.317199385721125
33.342619875280775,22.940226831254524
33.36261987528078,21.92851259232834
33.38261987528078,16.361456046921187
33.40261987528078,28.381445752681177
33.42261987528077,22.10461274910398
33.442619875280776,22.32964470803485
33.46261987528078,24.125256344372602
33.482619875280776,30.574591329623928
33.50261987528077,19.415169742639915
33.522619875280775,17.32505423306968
33.54261987528078,29.35803213501837
33.562619875280774,0.0
33.58261987528077,18.992304838652906
33.60261987528077,13.510132774891304
33.622619875280776,37.049946583863054
33.64261987528077,20.60216872587428
33.66261987528077,19.398462630972436
33.68261987528077,24.513521820055146
33.702619875280774,19.040140755364405
33.72261987528077,20.961497326279787
33.74261987528077,25.953192402130206
33.76261987528077,20.755788887119536
33.78261987528077,20.678119209876424
33.80261987528077,14.862813083972272
33.822619875280765,13.4206441143979
33.84261987528077,25.558937826020664
33.86261987528077,28.01265693246715
33.88261987528077,10.659164057228622
33.90261987528076,32.534219007307634
33.922619875280766,32.569351330165176
33.94261987528077,34.66983213513754
33.962619875280765,27.91589318424535
33.98261987528076,31.28188071032298
34.002619875280764,46.75537133197834
34.02261987528077,21.88394588642724
34.042619875280764,14.436291747638684
34.06261987528076,9.546648660080345
34.08261987528076,42.438023426914526
34.102619875280766,42.563189262530486
34.12261987528076,15.623347747942123
34.14261987528076,17.590161495170403
34.16261987528076,21.617479686401094
34.182619875280764,37.09397523018025
34.20261987528076,11.972397000352197
34.222619875280756,5.173232264316276
34.24261987528076,46.50857688068974
34.26261987528076,27.951165682154787
34.28261987528076,29.365562688268632
34.302619875280755,22.76436253368623
34.32261987528076,29.46726094218546
34.34261987528076,9.661338175882804
34.36261987528076,16.38817285220921
34.38261987528075,25.842935107061383
34.402619875280756,2.0764213256457644
34.42261987528076,21.75412438340223
34.442619875280755,21.13162338148509
34.46261987528075,21.740327647313585
34.482619875280754,19.250371111624137
34.50261987528076,14.79622551746993
34.52261987528075,6.528778245596449
34.54261987528075,26.190515600135935
34.56261987528075,21.735750071086567
34.582619875280756,10.978115736755962
34.60261987528075,25.350203069366103
34.62261987528075,21.769301226474077
34.64261987528075,20.102494416744708
34.662619875280754,3.1377123638626188
34.68261987528075,31.52826021841802
34.702619875280746,12.363995144914176
34.72261987528075,25.321125154791876
34.74261987528075,16.599651864586722
34.76261987528075,20.78898147059016
34.782619875280744,36.193078587818896
34.80261987528075,29.9802394021772
34.82261987528075,35.95835730292539
34.84261987528075,27.955709976695967
34.86261987528074,28.607184831407693
34.882619875280746,6.828249732844643
34.90261987528075,21.458277355659998
34.922619875280745,22.378322369705717
34.94261987528074,36.8579411427683
34.962619875280744,19.552877790978556
34.98261987528075,27.257641193711656
35.00261987528074,26.860491491973207
35.02261987528074,36.17353856935874
35.04261987528074,23.253212018952816
35.062619875280745,32.86238519704
35.08261987528074,7.5297242520625005
35.10261987528074,8.432038185173795
35.12261987528074,1.7326430500093295
35.142619875280744,32.41978731232306
35.16261987528074,31.290455109341877
35.182619875280736,33.51590676928576
35.20261987528074,17.767855123095018
35.22261987528074,18.899836528359717
35.24261987528074,23.318673496985845
35.262619875280734,38.95997699201672
35.28261987528074,41.45509651940373
35.30261987528074,32.44872868664264
35.322619875280736,27.814666868411038
35.34261987528073,37.85211973933153
35.362619875280735,21.933688665309653
35.38261987528074,20.57651576169887
35.402619875280735,23.18952506807017
35.42261987528073,14.686415188404352
35.442619875280734,22.717275270724
35.46261987528074,13.28709595463877
35.48261987528073,34.70505952846705
35.50261987528073,29.885657688513625
35.52261987528073,38.73820770686396
35.542619875280735,8.143553192714052
35.56261987528073,43.44714574159964
35.58261987528073,8.69921476781173
35.60261987528073,12.434678393923775
35.62261987528073,18.203331543582
35.64261987528073,37.482539450627456
35.662619875280726,26.654850696007298
35.68261987528073,21.9546041081999
35.70261987528073,16.460400876390217
35.72261987528073,10.621100068230382
35.742619875280724,35.70049892917586
35.76261987528073,32.35439020840299
35.78261987528073,37.88627108562923
35.802619875280726,28.323716135286297
35.82261987528072,0.0
35.842619875280725,11.897234233617304
35.86261987528073,28.985537808839986
35.882619875280724,20.63341361344105
35.90261987528072,18.73592126032697
35.92261987528072,13.285828315795596
35.94261987528073,33.787744668097275
35.96261987528072,28.86752641444252
35.98261987528072,29.311261355728583
36.00261987528072,17.957073788064243
36.022619875280725,26.049719100024486
36.04261987528072,10.902935592947179
36.06261987528072,22.97604652204482
36.08261987528072,0.0
36.10261987528072,8.580642377244725
36.12261987528072,21.032421334454913
36.142619875280715,48.00045547161014
36.16261987528072,6.235575752959448
36.18261987528072,11.800931309583564
36.20261987528072,26.39821424208136
36.222619875280714,41.918422690842206
36.24261987528072,26.239644294471226
36.26261987528072,31.233061902861973
36.282619875280716,20.829328312609867
36.30261987528071,19.092870776852646
36.322619875280715,25.01464946411092
36.34261987528072,17.60362976767645
36.362619875280714,31.42293326794255
36.38261987528071,8.111235597470884
36.40261987528071,33.0675381411054
36.422619875280716,24.55450971234243
36.44261987528071,22.007881245574485
36.46261987528071,7.718953263404302
36.48261987528071,14.344619693423128
36.502619875280715,36.12272733034942
36.52261987528071,22.043927464820666
36.54261987528071,26.907605633582172
36.56261987528071,15.322003078008832
36.58261987528071,23.820477814874167
36.60261987528071,10.383203414606175
36.622619875280705,25.09724493312937
36.64261987528071,27.79852865622404
36.66261987528071,27.291963070533715
36.68261987528071,15.04366245389984
36.7026198752807,20.652694745940295
36.72261987528071,29.438838766004103
36.74261987528071,21.94621298682369
36.762619875280706,21.18122568687365
36.7826198752807,43.08264512753532
36.802619875280705,14.531766367043087
36.82261987528071,34.83952975752575
36.842619875280704,12.482224992115444
36.8626198752807,30.570528088097873
36.8826198752807,31.09792749062811
36.902619875280706,18.906434136706366
36.9226198752807,11.829000058528617
36.9426198752807,4.293118594075818
36.9626198752807,17.839996756009825
36.982619875280704,29.246998729240225
37.0026198752807,13.202210297585616
37.0226198752807,24.94165653420585
37.0426198752807,9.201550862884334
37.0626198752807,21.620644321730747
37.0826198752807,12.48276390843239
37.102619875280695,23.167073969116696
37.1226198752807,18.929759682740986
37.1426198752807,12.030567783433625
37.1626198752807,17.339168533277164
37.18261987528069,14.580008278594516
37.202619875280696,10.776002933108044
37.2226198752807,34.73638069159437
37.242619875280695,20.30084578929121
37.26261987528069,1.8740114531796372
37.282619875280695,17.65712891623553
37.3026198752807,33.03072473991736
37.322619875280694,16.263691463136706
37.34261987528069,38.84838637858429
37.36261987528069,15.297996479870832
37.382619875280696,28.89236667373167
37.40261987528069,34.21834072454072
37.42261987528069,28.347563064933816
37.44261987528069,10.094351781866626
37.462619875280694,14.40827369193121
37.48261987528069,35.52733706743971
37.502619875280686,15.77418009538352
37.52261987528069,33.570727108702954
37.54261987528069,19.50478190150365
37.56261987528069,25.215669323958153
37.582619875280685,9.933890258959224
37.60261987528069,17.705954087881906
37.62261987528069,15.029232768031626
37.64261987528069,26.03195977016429
37.66261987528068,24.701605731774915
37.682619875280686,28.389795568133927
37.70261987528069,18.851738269988438
37.722619875280685,14.448329330531127
37.74261987528068,25.57158771195381
37.762619875280684,13.442074733094032
37.78261987528069,34.5158560508112
37.80261987528068,22.580074084029587
37.82261987528068,20.457614179267757
37.84261987528068,28.33438901642355
37.862619875280686,22.942655516561718
37.88261987528068,7.119451296982888
37.90261987528068,13.07933768153958
37.92261987528068,34.26439220296607
37.942619875280684,24.519817433581792
37.96261987528068,6.858965047389866
37.982619875280676,27.18943320227786
38.00261987528068,18.069394171884618
38.02261987528068,14.91065307544351
38.04261987528068,12.20059599177367
38.062619875280674,33.642289049648454
38.08261987528068,3.9816821686620436
38.10261987528068,15.255017183613692
38.12261987528068,24.82527813658637
38.14261987528067,39.40131424927837
38.162619875280676,29.14993916295048
38.18261987528068,15.144785262886348
38.202619875280675,38.89224078073998
38.22261987528067,10.041147689895414
38.242619875280674,26.239419436709596
38.26261987528068,28.457581008954676
38.28261987528067,14.76225618288423
38.30261987528067,30.54302071552709
38.32261987528067,18.42186783040681
38.342619875280676,30.50587308269795
38.36261987528067,5.152174357000135
38.38261987528067,26.891571471246696
38.40261987528067,19.41442596197696
38.422619875280674,35.026213495510845
38.44261987528067,23.083052225110134
38.462619875280666,36.00883962017562
38.48261987528067,28.586357619725405
38.50261987528067,22.228832014694746
38.52261987528067,31.37429730955435
38.542619875280664,31.43187746246133
38.56261987528067,28.20408248451178
38.58261987528067,0.5556593574725426
38.602619875280666,13.646759925001824
38.62261987528066,37.30711611450167
38.642619875280666,10.900293022837129
38.66261987528067,32.27805813961835
38.682619875280665,30.511669425619857
38.70261987528066,16.18331664102422
38.722619875280664,3.4822225879198463
38.74261987528067,17.73911270813106
38.76261987528066,44.20209020180036
38.78261987528066,14.782869193625883
38.80261987528066,15.466772315414168
38.822619875280665,13.427226622479735
38.84261987528066,35.544601796769776
38.86261987528066,20.961307585283592
38.88261987528066,17.125111469901064
38.902619875280664,37.51262439983188
38.92261987528066,29.166537009374252
38.942619875280656,14.172407071733883
38.96261987528066,11.12318521673178
38.98261987528066,34.934440317372285
39.00261987528066,23.51434017293269
39.022619875280654,7.849537752623313
39.04261987528066,5.502742069645404
39.06261987528066,12.16723436870457
39.082619875280656,10.92649983951074
39.10261987528065,2.8543018520715115
39.122619875280655,12.313729198835475
39.14261987528066,14.111722639785329
39.162619875280654,18.66944627292493
39.18261987528065,40.219092241207576
39.202619875280654,20.615293457685492
39.22261987528066,21.60171396850184
39.24261987528065,28.363753952702233
39.26261987528065,20.89175939725918
39.28261987528065,27.260211387391998
39.302619875280655,26.05857402897042
39.32261987528065,24.47205631963643
39.34261987528065,50.90457882821664
39.36261987528065,32.3449256839699
39.38261987528065,12.410198617993382
39.40261987528065,26.923393533434883
39.422619875280645,15.2975588192846
39.44261987528065,27.67119177157707
39.46261987528065,9.450569258647294
39.48261987528065,12.118410324187206
39.502619875280644,26.62904390465588
39.52261987528065,33.160425012772315
39.54261987528065,28.20394510654283
39.562619875280646,31.71244487463607
39.58261987528064,26.90322921810545
39.602619875280645,24.883778935740594
39.62261987528065,18.115661754399486
39.642619875280644,31.27639139517762
39.66261987528064,33.38894672959769
39.68261987528064,22.50278088648129
39.70261987528065,21.958463108390234
39.72261987528064,39.035569720564396
39.74261987528064,22.91108425592335
39.76261987528064,23.865953604871443
39.782619875280645,27.945149245047148
39.80261987528064,22.118625316254292
39.82261987528064,14.887084821397844
39.84261987528064,26.8639464646296
39.86261987528064,22.69054578003976
39.88261987528064,41.49440114894294
39.902619875280635,30.95019934687953
39.92261987528064,17.1047038178556
39.94261987528064,30.34394431383339
39.96261987528064,26.125818532932502
39.98261987528063,36.135243915547555
40.00261987528064,17.790262147768647
40.02261987528064,24.91539183183062
40.042619875280636,22.031522644401857
40.06261987528063,23.60108489061406
40.082619875280635,14.158135454998941
40.10261987528064,28.76307869216319
40.122619875280634,27.177444645179808
40.14261987528063,35.843880757883646
40.16261987528063,22.885231621765325
40.182619875280636,18.860943485757062
40.20261987528063,30.866133670565137
40.22261987528063,15.025000316930582
40.24261987528063,33.81074666711306
40.262619875280635,33.78318143791887
40.28261987528063,35.52141360940732
40.30261987528063,26.708720588514982
40.32261987528063,18.071396091368655
40.34261987528063,24.022109410581294
40.36261987528063,26.724796405633292
40.382619875280625,17.31656940997683
40.40261987528063,36.243030280382875
40.42261987528063,28.70659374090335
40.44261987528063,13.97741035343972
40.46261987528062,41.7222677026478
40.482619875280626,23.861317933435366
40.50261987528063,11.940292231906609
40.522619875280625,14.57268216904291
40.54261987528062,37.74696338421252
40.562619875280625,41.11288389319381
40.58261987528063,32.951795909204044
40.602619875280624,36.04394585100867
40.62261987528062,35.0109313137002
40.64261987528062,28.407859006217613
40.662619875280626,26.1230395242775
40.68261987528062,28.22518119568692
40.70261987528062,30.180634746690995
40.72261987528062,15.398434796329594
40.742619875280624,30.12794020545255
40.76261987528062,37.38846296283616
40.782619875280616,20.732515333291346
40.80261987528062,19.65771046163516
40.82261987528062,27.54960369943177
40.84261987528062,16.281521011430993
40.862619875280615,9.603869896324484
40.88261987528062,34.24320967169305
40.90261987528062,18.25047356172761
40.92261987528062,22.938442546077844
40.94261987528061,16.646680673605943
40.962619875280616,35.509457307817996
40.98261987528062,31.267652589003237
41.002619875280615,20.32248123684751
41.02261987528061,10.924892459986843
41.042619875280614,19.248561357522124
41.06261987528062,28.41338356559179
41.08261987528061,24.592214650613695
41.10261987528061,23.79084300400748
41.12261987528061,24.81085903201594
41.142619875280616,30.275846580485837
41.16261987528061,22.263309025583006
41.18261987528061,27.176056366276015
41.20261987528061,12.800754596560338
41.222619875280614,48.20248329513099
41.24261987528061,19.81941524475975
41.262619875280606,24.687975512615584
41.28261987528061,28.31074178291984
41.30261987528061,18.532226639870686
41.32261987528061,22.712429084822112
41.342619875280604,22.58498743906472
41.36261987528061,13.48191151072422
41.38261987528061,27.00224865166877
41.40261987528061,6.1182022114029415
41.4226198752806,40.13157547581607
41.442619875280606,30.52827464106184
41.46261987528061,28.98386841142258
41.482619875280605,5.2203070801528675
41.5026198752806,14.655529189127753
41.522619875280604,36.468359217635935
41.54261987528061,64.08141845943001
41.5626198752806,34.51003003292833
41.5826198752806,32.926644814008895
41.6026198752806,27.801062779529623
41.622619875280606,14.070462807838641
41.6426198752806,32.49129436506531
41.6626198752806,11.521603453675738
41.6826198752806,10.42195301017061
41.702619875280604,9.786643811316583
41.7226198752806,32.2733005239124
41.742619875280596,21.936075113720754
41.7626198752806,23.51294289887208
41.7826198752806,22.34447342070313
41.8026198752806,11.235502946961715
41.822619875280594,15.779519564646261
41.8426198752806,16.276731548081507
41.8626198752806,8.422448865841476
41.8826198752806,17.42723687600469
41.90261987528059,11.650452541130528
41.922619875280596,28.23445747674337
41.9426198752806,29.061600739328902
41.962619875280595,9.509692635153138
41.98261987528059,19.47396485295155
42.002619875280594,40.99508483613672
42.0226198752806,12.621065489040339
42.04261987528059,26.68928602358619
42.06261987528059,23.472345524064817
42.08261987528059,33.34022508104937
42.102619875280595,25.36024623662446
42.12261987528059,18.086856387616777
42.14261987528059,23.06169077035482
42.16261987528059,23.201992450462857
42.182619875280594,21.46558973147058
42.20261987528059,9.185680654037576
42.222619875280586,34.80194006735884
42.24261987528059,33.02965380675194
42.26261987528059,11.917696770254569
42.28261987528059,19.346605023550413
42.302619875280584,20.097284175331204
42.32261987528059,10.777237625859323
42.34261987528059,3.6687529751418495
42.362619875280586,15.625084436894715
42.38261987528058,18.76128815950584
42.402619875280585,7.90728415851056
42.42261987528059,24.083706408644257
42.442619875280585,33.93680844345488
42.46261987528058,30.723728902652127
42.482619875280584,21.030038349653854
42.50261987528059,3.8871107871169563
42.52261987528058,29.442589482151163
42.54261987528058,23.743831562864333
42.56261987528058,26.517770255750538
42.582619875280585,41.62964197389255
42.60261987528058,14.014858020040094
42.62261987528058,0.0
42.64261987528058,11.71716592262348
42.66261987528058,27.106539466690613
42.68261987528058,22.50973050675846
42.702619875280575,10.078498541690331
42.72261987528058,8.032080018588855
42.74261987528058,18.677563390259877
42.76261987528058,9.757112254213048
42.782619875280574,27.41880426778632
42.80261987528058,18.09261807988122
42.82261987528058,15.930130773486718
42.842619875280576,14.61297402903898
42.86261987528057,24.821399577377587
42.882619875280575,22.610704635327934
42.90261987528058,24.198631036362542
42.922619875280574,23.97480459064034
42.94261987528057,21.446012497264544
42.96261987528057,11.831125656054656
42.98261987528058,14.853099788415818
43.00261987528057,18.20462752803876
43.02261987528057,42.79781046351914
43.04261987528057,8.65198238206843
43.062619875280575,17.945074077929135
43.08261987528057,23.112009279176597
43.10261987528057,19.090516775267172
43.12261987528057,32.858051436054254
43.14261987528057,19.027894534898202
43.16261987528057,19.761983792019777
43.182619875280565,30.248213009403898
43.20261987528057,40.203580759004936
43.22261987528057,36.16599031348311
43.24261987528057,20.719016385400675
43.26261987528056,21.584967990672187
43.28261987528057,22.541863687035057
43.30261987528057,23.539232725371892
43.322619875280566,13.59033118982323
43.34261987528056,31.424330326042057
43.362619875280565,24.119069951143857
43.38261987528057,21.599009475026726
43.402619875280564,9.33071666026442
43.42261987528056,22.659637967406105
43.44261987528056,3.0992647214467155
43.462619875280566,16.20951261951977
43.48261987528056,16.38965375677465
43.50261987528056,24.88521399019137
43.52261987528056,40.808400043009456
43.542619875280565,27.723618701395697
43.56261987528056,36.483215559658426
43.58261987528056,28.445973910689645
43.60261987528056,33.239051001068475
43.62261987528056,40.55446015672668
43.64261987528056,14.65949544630087
43.662619875280555,14.001503209301962
43.68261987528056,28.65534699627237
43.70261987528056,21.925150571651784
43.72261987528056,24.160177261297633
43.74261987528055,19.464680553554054
43.762619875280556,15.983479586474465
43.78261987528056,38.14843748748997
43.802619875280556,10.936910485693767
43.82261987528055,28.794181841788784
43.842619875280555,27.16728655365878
43.86261987528056,6.129622009287596
43.882619875280554,13.606709835479972
43.90261987528055,15.282372558249474
43.92261987528055,27.549891235249792
43.942619875280556,18.228477899195546
43.96261987528055,21.037716690950354
43.98261987528055,7.311933947948106
44.00261987528055,45.142324427885214
44.022619875280554,22.589970193264172
44.04261987528055,26.86283674615746
44.06261987528055,16.461393696998066
44.08261987528055,15.336203183519672
44.10261987528055,40.98415795728961
44.12261987528055,2.68493739315522
44.142619875280545,24.63347332479079
44.16261987528055,9.726820048323276
44.18261987528055,17.78671089585258
44.20261987528055,15.450648424827737
44.22261987528054,11.966694130249385
44.242619875280546,22.175773345291372
44.26261987528055,0.0
44.282619875280545,18.656263138385068
44.30261987528054,20.903155069096993
44.322619875280544,8.208203523407846
44.34261987528055,36.92807768636448
44.362619875280544,15.846235547504016
44.38261987528054,19.41091305332708
44.40261987528054,15.858507400043532
44.422619875280546,20.95998879528448
44.44261987528054,34.85204931735799
44.46261987528054,46.49573225998648
44.48261987528054,29.216939623638375
44.502619875280544,32.63546635690517
44.52261987528054,38.91479300444348
44.542619875280536,24.23422902264334
44.56261987528054,37.44304441984096
44.58261987528054,29.659602383309068
44.60261987528054,23.1706176965941
44.622619875280535,25.22957106255065
44.64261987528054,3.5081122307663897
44.66261987528054,24.641421004306356
44.68261987528054,6.285248268208598
44.70261987528053,5.483395411439158
44.722619875280536,23.703106563722514
44.74261987528054,10.72622036559192
44.762619875280535,22.002576595712583
44.78261987528053,23.892933617339075
44.802619875280534,25.20998326764624
44.82261987528054,16.004204798509164
44.84261987528053,37.079873423905354
44.86261987528053,32.53403810361553
44.88261987528053,46.76362942635429
44.902619875280536,44.67061708796601
44.92261987528053,76.68031905756234
44.94261987528053,121.27546437767695
44.96261987528053,164.26741091304524
44.982619875280534,205.1454677663034
45.00261987528053,281.19666378691505
45.022619875280526,364.159439010871
45.04261987528053,465.32323060441524
45.06261987528053,560.3468649419835
45.08261987528053,672.1151155977785
45.102619875280524,766.6321653095246
45.12261987528053,817.9925018797045
45.14261987528053,861.962599585317
45.16261987528053,864.8888524228591
45.18261987528052,848.5722678793418
45.202619875280526,772.9196088793791
45.22261987528053,691.0042507749483
45.242619875280525,591.3553108085271
45.26261987528052,485.9989164510634
45.282619875280524,403.01983731318336
45.30261987528053,305.9367140752781
45.32261987528052,230.62790759060874
45.34261987528052,180.51146204502876
45.36261987528052,133.37037272789166
45.382619875280525,68.83821667565718
45.40261987528052,67.66693334553818
45.42261987528052,47.48131365643603
45.44261987528052,30.513508941169295
45.462619875280524,32.30253278701009
45.48261987528052,8.230907943769846
45.502619875280516,38.165177999120914
45.52261987528052,27.649604741157027
45.54261987528052,13.3187655641349
45.56261987528052,15.856794108230522
45.582619875280514,4.555854299266329
45.60261987528052,18.389988864134935
45.62261987528052,16.6748814157836
45.642619875280516,8.237168700230965
45.66261987528051,29.247048905349313
45.682619875280515,34.242057254991465
45.70261987528052,21.19543776623568
45.722619875280515,18.40787016233797
45.74261987528051,25.809607513066286
45.762619875280514,21.258843101856517
45.78261987528052,10.628933576247075
45.80261987528051,14.919451686330031
45.82261987528051,18.477387247527872
45.84261987528051,23.919138111975606
45.862619875280515,21.52617304841985
45.88261987528051,23.53204216800014
45.90261987528051,6.175619828308507
45.92261987528051,28.07163720246525
45.94261987528051,21.44918752626894
45.96261987528051,46.93769699392328
45.982619875280506,17.529849376338383
46.00261987528051,24.636373532120192
46.02261987528051,49.68958460106587
46.04261987528051,23.33392258476237
46.062619875280504,20.7123231382562
46.08261987528051,11.515040773047648
46.10261987528051,36.66256354812495
46.122619875280506,9.784533153359721
46.1426198752805,25.642416323947614
46.162619875280505,16.63132110159047
46.18261987528051,19.469187884560103
46.202619875280504,7.118913073930049
46.2226198752805,34.78520229862512
46.2426198752805,18.57166043243994
46.26261987528051,9.19444941960044
46.2826198752805,33.86797361987651
46.3026198752805,16.295430301524014
46.3226198752805,24.67861129051684
46.342619875280505,29.742451312146045
46.3626198752805,26.064389107782066
46.3826198752805,0.0
46.4026198752805,28.269157084547395
46.4226198752805,20.305238444211646
46.4426198752805,18.016884361765108
46.462619875280495,20.212226379059214
46.4826198752805,5.198461765700724
46.5026198752805,23.216322002500554
46.5226198752805,7.646531601189208
46.542619875280494,18.427890073876565
46.5626198752805,22.844782681852358
46.5826198752805,32.01836982632058
46.602619875280496,13.077737327822224
46.62261987528049,35.785622041882775
46.642619875280495,30.734169689608123
46.6626198752805,16.967438011590765
46.682619875280494,10.169950522464513
46.70261987528049,6.815198599058581
46.72261987528049,23.966825673340846
46.742619875280496,13.872381917892557
46.76261987528049,33.234737256897404
46.78261987528049,14.44188624888265
46.80261987528049,12.226379658827003
46.822619875280495,23.565327469831626
46.84261987528049,14.364579486433922
46.86261987528049,21.306541711664572
46.88261987528049,31.07693843450297
46.90261987528049,22.385351459196382
46.92261987528049,22.41872542740847
46.942619875280485,23.256580273221868
46.96261987528049,4.270165347501337
46.98261987528049,25.115584534888697
47.00261987528049,22.79258432360505
47.02261987528048,30.118313098972113
47.04261987528049,27.243528881799122
47.06261987528049,19.16202538060259
47.082619875280486,31.501541239348555
47.10261987528048,18.24741579343964
47.122619875280485,23.64141408977023
47.14261987528049,18.054478874059654
47.162619875280484,25.779691224684242
47.18261987528048,17.393365228690094
47.20261987528048,37.62993892336598
47.222619875280486,41.32421990057911
47.24261987528048,29.886154696240308
47.26261987528048,36.55592822243091
47.28261987528048,5.74701645760341
47.302619875280485,6.921593351452472
47.32261987528048,17.915984632088787
47.34261987528048,21.540129477435038
47.36261987528048,19.141985198570893
47.38261987528048,4.698956482236479
47.40261987528048,32.63248570105146
47.422619875280475,42.65482070682923
47.44261987528048,33.91899499254425
47.46261987528048,31.960640824243562
47.48261987528048,23.362904247259642
47.50261987528047,12.668044687654117
47.522619875280476,21.81961927590914
47.54261987528048,42.14654964386738
47.562619875280475,17.5671288633121
47.58261987528047,16.533788425821225
47.602619875280475,32.15275862921733
47.62261987528048,32.812953913854784
47.642619875280474,12.59345696660958
47.66261987528047,18.45402077528697
47.68261987528047,16.046214112873297
47.702619875280476,21.758575323197412
47.72261987528047,32.09497101479366
47.74261987528047,13.014262194175696
47.76261987528047,31.947628970953104
47.782619875280474,22.063947139308084
47.80261987528047,44.305820188539286
47.822619875280466,24.22868223357427
47.84261987528047,20.067672662557857
47.86261987528047,26.780501018830897
47.88261987528047,17.65839719274539
47.902619875280465,3.0736446124334194
47.92261987528047,18.617690843195106
47.94261987528047,18.45650371599197
47.96261987528047,5.092812917962341
47.98261987528046,20.28219385343511
48.002619875280466,0.33801225946501035
48.02261987528047,17.528825449529286
48.042619875280465,23.438243573459562
48.06261987528046,21.968845847755773
48.082619875280464,16.88480035729655
48.10261987528047,20.136812677875383
48.12261987528046,13.14810455010921
48.14261987528046,21.093556977894806
48.16261987528046,21.56290935450058
48.182619875280466,11.976209675464025
48.20261987528046,23.65237630127096
48.22261987528046,23.586596379282074
48.24261987528046,19.30666693032349
48.262619875280464,45.17594338675083
48.28261987528046,19.555166849582676
48.302619875280456,18.16657670470644
48.32261987528046,16.73172727248111
48.34261987528046,11.243016118640528
48.36261987528046,27.808142725992287
48.382619875280454,14.083471033378512
48.40261987528046,15.263241651994651
48.42261987528046,15.557100771863068
48.44261987528046,11.08688530538172
48.46261987528045,3.4223021008113648
48.482619875280456,16.300562597235267
48.50261987528046,29.660151133068233
48.522619875280455,22.89344370660778
48.54261987528045,36.52625692305062
48.562619875280454,28.426936777760957
48.58261987528046,26.153902289046435
48.60261987528045,39.73763583722806
48.62261987528045,19.936592065212263
48.64261987528045,21.535718149145886
48.662619875280456,20.787241604784942
48.68261987528045,36.33668856304861
48.70261987528045,20.92092088223589
48.72261987528045,14.409951493948478
48.742619875280454,26.766449196072145
48.76261987528045,12.72407536622317
48.782619875280446,26.21837935585364
48.80261987528045,25.019075430539356
48.82261987528045,18.98365239083206
48.84261987528045,26.532818903763538
48.862619875280444,5.9938391418541315
48.88261987528045,22.49840608206496
48.90261987528045,16.238188621620232
48.922619875280446,49.485547029929094
48.94261987528044,22.418241945303997
48.962619875280446,14.893161959573952
48.98261987528045,7.071167535707824
49.002619875280445,33.90536054693986
49.02261987528044,17.348096324019323
49.042619875280444,12.932039059805977
49.06261987528045,24.205699366507528
49.08261987528044,27.337054334363096
49.10261987528044,27.17656545777213
49.12261987528044,21.031721786537773
49.142619875280445,22.423311693360613
49.16261987528044,23.14898520148506
49.18261987528044,24.189792586108634
49.20261987528044,25.071908752224147
49.222619875280444,31.76482256116048
49.24261987528044,21.38169332799255
49.262619875280436,12.646773126988187
49.28261987528044,19.369161262901613
49.30261987528044,28.347170434166387
49.32261987528044,2.94137807316687
49.342619875280434,2.996442583887358
49.36261987528044,29.984044115551043
49.38261987528044,35.999840930595624
49.402619875280436,8.143953781748493
49.42261987528043,21.79789973248003
49.442619875280435,16.795220322444372
49.46261987528044,18.179746304793905
49.482619875280434,23.84074505134662
49.50261987528043,7.854131784036381
49.522619875280434,9.7080697661506
49.54261987528044,17.765155338110503
49.56261987528043,19.321344996662525
49.58261987528043,9.512995451760602
49.60261987528043,28.66648042686047
49.622619875280435,16.591862768211683
49.64261987528043,16.54677692158065
49.66261987528043,23.589033042603102
49.68261987528043,19.470866225333772
49.70261987528043,29.13223266091056
49.72261987528043,11.420766412285245
49.742619875280425,6.77866480311674
49.76261987528043,17.652205856636773
49.78261987528043,21.35000569461525
49.80261987528043,8.337658757029567
49.822619875280424,6.865268588132995
49.84261987528043,22.56337982229852
49.86261987528043,13.160205918432727
49.882619875280426,6.210515825253008
49.90261987528042,30.386679145441633
49.922619875280425,14.412964555377746
49.94261987528043,32.226684233115826
49.962619875280424,21.010944874900147
49.98261987528042,23.671506225263776
50.00261987528042,18.60661266820654
50.02261987528043,0.0
50.04261987528042,9.349165966072837
50.06261987528042,19.457664526224374
50.08261987528042,24.359790674362294
50.102619875280425,2.813511198632405
50.12261987528042,20.17199841984176
50.14261987528042,9.483150668859658
50.16261987528042,23.049781212804174
50.18261987528042,20.507371715871034
50.20261987528042,28.13420760984731
50.222619875280415,31.365244913462973
50.24261987528042,25.284750655318142
50.26261987528042,29.296635639794033
50.28261987528042,17.1871351264138
50.30261987528041,48.919606193440615
50.32261987528042,8.498125381956536
50.34261987528042,15.406654916400113
50.362619875280416,29.695706965401058
50.38261987528041,28.207254734197114
50.402619875280415,25.55186454121381
50.42261987528042,27.42910572177075
50.442619875280414,0.0
50.46261987528041,36.56483209987951
50.48261987528041,18.630916808874908
50.502619875280416,33.1267616359911
50.52261987528041,0.3305596231755743
50.54261987528041,23.229528242166182
50.56261987528041,15.026850416393186
50.582619875280415,26.381116941158155
50.60261987528041,23.828674395546894
50.62261987528041,24.316514530333286
50.64261987528041,10.06469860740528
50.66261987528041,20.08251547670024
50.68261987528041,18.848639672404357
50.702619875280405,25.60152631805246
50.72261987528041,30.539523897851716
50.74261987528041,22.149453510156082
50.76261987528041,7.881124067472072
50.7826198752804,21.71680003373614
50.802619875280406,46.74995154494658
50.82261987528041,37.09743220021095
50.842619875280405,0.0
50.8626198752804,21.2672268886234
50.882619875280405,29.953217377156616
50.90261987528041,18.806991160676155
50.922619875280404,16.02760364594123
50.9426198752804,17.957134667252962
50.9626198752804,26.14694806320366
50.982619875280406,9.138642286281222
51.0026198752804,32.508529808012895
51.0226198752804,20.060027087814344
51.0426198752804,11.26804043778305
51.062619875280404,31.86012343842173
51.0826198752804,5.163663900457754
51.102619875280396,15.061235600436625
51.1226198752804,14.894962038319086
51.1426198752804,42.0495207061566
51.1626198752804,13.758294791963284
51.182619875280395,0.0
51.2026198752804,14.787191240457108
51.2226198752804,25.15928464751381
51.2426198752804,28.443077981235632
51.26261987528039,43.36609336333431
51.282619875280396,34.66814863366829
51.3026198752804,22.4768879490473
51.322619875280395,11.68200902117025
51.34261987528039,36.83495230806733
51.362619875280394,16.907569409343136
51.3826198752804,14.01017209845454
51.402619875280394,16.41955862665082
51.42261987528039,8.065979095987405
51.44261987528039,15.937238068724888
51.462619875280396,18.254945844351763
51.48261987528039,27.891198043652253
51.50261987528039,16.702364163046475
51.52261987528039,7.9072833207288475
51.542619875280394,4.5427951175021235
51.56261987528039,22.67486779148393
51.582619875280386,21.30409522165262
51.60261987528039,15.033388679320332
51.62261987528039,15.900643034031678
51.64261987528039,24.458781566642514
51.662619875280384,34.478092136594654
51.68261987528039,12.769913889782046
51.70261987528039,21.459131004450338
51.72261987528039,30.15156238202415
51.74261987528038,12.806483937286067
51.762619875280386,20.41008699750232
51.78261987528039,20.185246231665516
51.802619875280385,7.4510568559491475
51.82261987528038,22.247816931188304
51.842619875280384,20.877108388866787
51.86261987528039,26.11134956902903
51.88261987528038,8.69050065649115
51.90261987528038,20.657940454533925
51.92261987528038,34.37446131595579
51.942619875280386,41.33101596792824
51.96261987528038,33.35622022602854
51.98261987528038,8.783135357838633
52.00261987528038,25.063313334439524
52.022619875280384,15.720270837673418
52.04261987528038,23.38970895307334
52.062619875280376,12.827526059273385
52.08261987528038,3.4139938564771626
52.10261987528038,17.1026961980459
52.12261987528038,27.773302458538375
52.142619875280374,23.427361416190067
52.16261987528038,24.578631387325444
52.18261987528038,22.718537186827913
52.20261987528038,24.615641125458254
52.22261987528037,25.90172321518085
52.242619875280376,17.940276993897598
52.26261987528038,21.68599950872635
52.282619875280375,38.632674444944186
52.30261987528037,23.28246518964663
52.322619875280374,23.51092015867131
52.34261987528038,26.276723492603395
52.36261987528037,26.72689160449269
52.38261987528037,30.46912472902013
52.40261987528037,46.05347186593081
52.422619875280375,52.39980091414566
52.44261987528037,74.97810722399386
52.46261987528037,93.93938778683389
52.48261987528037,135.2503898168212
52.502619875280374,178.96230947662727
52.52261987528037,215.26814437774055
52.542619875280366,244.45466648718312
52.56261987528037,317.02783890266943
52.58261987528037,354.2360786126205
52.60261987528037,376.1384571897373
52.622619875280364,414.3652334649823
52.64261987528037,398.37565827384407
52.66261987528037,413.0343817514777
52.682619875280366,377.864365851261
52.70261987528036,319.9854012314634
52.722619875280365,300.8974074995974
52.74261987528037,247.93544331205507
52.762619875280365,199.73932087087442
52.78261987528036,154.8741776832735
52.802619875280364,123.69265144676113
52.82261987528037,89.61755001598767
52.84261987528036,52.25787534114662
52.86261987528036,66.11887237060391
52.88261987528036,38.721990897571814
52.902619875280365,25.65602952392122
52.92261987528036,16.454796845820567
52.94261987528036,32.246618277167435
52.96261987528036,9.684858037848281
52.98261987528036,22.962976024364387
53.00261987528036,15.226293801186852
53.022619875280355,15.521024375060781
53.04261987528036,9.598125238538561
53.06261987528036,14.36369325341965
53.08261987528036,20.624646825691396
53.102619875280354,22.876311046519493
53.12261987528036,12.661540920148209
53.14261987528036,19.605657979389882
53.162619875280356,29.39842345989048
53.18261987528035,3.887003988924036
53.202619875280355,20.450218630156872
53.22261987528036,11.004771189746284
53.242619875280354,9.98550872036579
53.26261987528035,23.12222672014323
53.28261987528035,15.059373959466823
53.30261987528036,8.343648595229375
53.32261987528035,33.75431660811742
53.34261987528035,29.712198124286573
53.36261987528035,1.1880751350987744
53.382619875280355,5.766698554190452
53.40261987528035,26.445409103472873
53.42261987528035,17.661972041682127
53.44261987528035,35.51634222879089
53.46261987528035,26.673858621079106
53.48261987528035,23.505062167706598
53.502619875280345,10.291705753276908
53.52261987528035,25.424674817169112
53.54261987528035,7.752584978365663
53.56261987528035,33.56263598335683
53.58261987528034,24.731556134513887
53.60261987528035,12.261857549132635
53.62261987528035,28.55694415328535
53.642619875280346,42.9254388069931
53.66261987528034,18.334052455116556
53.682619875280345,26.014402387081486
53.70261987528035,16.1920378350171
53.722619875280344,21.363927260057583
53.74261987528034,5.438147051044972
53.76261987528034,20.505298604636724
53.782619875280346,20.94648165246279
53.80261987528034,38.500814268428016
53.82261987528034,2.560947055333031
53.84261987528034,17.70229881539887
53.862619875280345,33.39247435574566
53.88261987528034,18.09376954234165
53.90261987528034,18.798265050357504
53.92261987528034,12.179299573259808
53.94261987528034,11.18605902829762
53.96261987528034,2.2538117533429833
53.982619875280335,14.22044709278632
54.00261987528034,10.619312757324703
54.02261987528034,21.69352897072241
54.04261987528034,12.63674952689297
54.06261987528033,15.717826213644148
54.082619875280336,15.992000247281556
54.10261987528034,20.032734074085283
54.122619875280336,15.22950866210747
54.14261987528033,9.897229270583766
54.162619875280335,21.373127172423494
54.18261987528034,31.190681082292727
54.202619875280334,21.800910692450152
54.22261987528033,14.418457799691229
54.24261987528033,19.28562521572258
54.262619875280336,0.01120228909036669
54.28261987528033,19.123956869010893
54.30261987528033,16.514908695278876
54.32261987528033,11.184330482198309
54.342619875280334,12.998445873536907
54.36261987528033,16.417593378746233
54.38261987528033,30.445043818328354
54.40261987528033,31.441601561123463
54.42261987528033,11.24029578780759
54.44261987528033,15.341337360046747
54.462619875280325,15.596788891711464
54.48261987528033,28.618734679188368
54.50261987528033,21.978949799980217
54.52261987528033,21.452401344814124
54.54261987528032,25.887760995955652
54.562619875280326,14.561646623374477
54.58261987528033,34.16530600292593
54.602619875280325,20.509666946969908
54.62261987528032,11.968676034609729
54.642619875280324,18.23209875112507
54.66261987528033,32.84849884458365
54.682619875280324,16.2785223804666
54.70261987528032,30.026263596482906
54.72261987528032,14.27798327547533
54.742619875280326,12.875573567455811
54.76261987528032,27.128967711511006
54.78261987528032,11.794064811131143
54.80261987528032,28.760003476249405
54.822619875280324,24.051685270237286
54.84261987528032,11.800323992292476
54.862619875280316,19.822687708810545
54.88261987528032,15.050237812954284
54.90261987528032,24.028625616197516
54.92261987528032,39.41773559429282
54.942619875280315,16.833613978445314
54.96261987528032,25.87934337887119
54.98261987528032,20.786921463311785
55.00261987528032,20.784040259962836
55.02261987528031,18.892373983975826
55.042619875280316,11.97122647188461
55.06261987528032,23.897789957327994
55.082619875280315,17.659976282213925
55.10261987528031,11.500410051494555
55.122619875280314,30.691174412138704
55.14261987528032,21.540582713444877
55.16261987528031,18.270555408400245
55.18261987528031,33.95318342596755
55.20261987528031,2.1928880236842225
55.222619875280316,33.283011323191026
55.24261987528031,11.75403751030047
55.26261987528031,22.67236992291881
55.28261987528031,14.67754832841947
55.302619875280314,11.329330622112474
55.32261987528031,33.69937526182514
55.342619875280306,39.12385847240007
55.36261987528031,18.35063291131523
55.38261987528031,23.91884688445173
55.40261987528031,21.135236651313726
55.422619875280304,37.87163061004921
55.44261987528031,0.0
55.46261987528031,24.340314350269757
55.48261987528031,13.299096399460694
55.5026198752803,0.0
55.522619875280306,16.967659288896108
55.54261987528031,39.05476929513695
55.562619875280305,14.015124448529935
55.5826198752803,28.484620230189485
55.602619875280304,32.565049794502265
55.62261987528031,20.45273630608477
55.6426198752803,21.785650875622398
55.6626198752803,3.419519837839392
55.6826198752803,13.422278337431575
55.702619875280305,29.655425134148523
55.7226198752803,21.19358564027074
55.7426198752803,24.26166872228888
55.7626198752803,21.921303603036055
55.782619875280304,42.511254609387336
55.8026198752803,16.287518078042496
55.822619875280296,36.648331907970565
55.8426198752803,21.930792654374216
55.8626198752803,37.53929299964322
55.8826198752803,8.349079051380942
55.902619875280294,22.44695258022854
55.9226198752803,16.665147095665887
55.9426198752803,21.998336596559163
55.962619875280296,32.82898804117158
55.98261987528029,24.394947518911916
56.002619875280296,32.81231829183339
56.0226198752803,13.9079342614657
56.042619875280295,12.38346829898038
56.06261987528029,20.774545163896946
56.082619875280294,20.2286680860991
56.1026198752803,18.758305499278617
56.12261987528029,11.03230512915666
56.14261987528029,32.60687536432663
56.16261987528029,16.993738421748716
56.182619875280295,34.88465649550963
56.20261987528029,20.7530876543992
56.22261987528029,27.111735923766084
56.24261987528029,26.206349543396783
56.26261987528029,12.388326093790564
56.28261987528029,24.304936982266838
56.302619875280286,39.91808536721997
56.32261987528029,23.152740496145334
56.34261987528029,29.651261290500468
56.36261987528029,27.57310215810127
56.382619875280284,23.7127840009248
56.40261987528029,22.508992187705196
56.42261987528029,26.119292083169736
56.442619875280286,28.280907326718392
56.46261987528028,7.128400550115341
56.482619875280285,23.125043159025882
56.50261987528029,18.813222496869464
56.522619875280284,16.7407337929889
56.54261987528028,33.61766083383455
56.562619875280284,13.328583265791444
56.58261987528029,6.714397734969726
56.60261987528028,28.621307072208342
56.62261987528028,6.462276621574361
56.64261987528028,1.3888686645790038
56.662619875280285,29.753074489169563
56.68261987528028,22.259732127781323
56.70261987528028,25.401831816200787
56.72261987528028,16.252499602193673
56.74261987528028,6.8348677281084935
56.76261987528028,8.823224488535796
56.782619875280275,17.961389096752914
56.80261987528028,7.961444863574039
56.82261987528028,23.75821174969247
56.84261987528028,16.0653264195848
56.862619875280274,22.54250327786687
56.88261987528028,22.245874973696406
56.90261987528028,24.56465400513217
56.922619875280276,25.69376238473276
56.94261987528027,17.262223735733222
56.962619875280275,22.543228721461322
56.98261987528028,23.06593762998541
57.002619875280274,0.0
57.02261987528027,27.175796019292427
57.04261987528027,22.21232244525821
57.06261987528028,26.355764933122803
57.08261987528027,7.849229998075211
57.10261987528027,17.562337745931558
57.12261987528027,9.807192348933315
57.142619875280275,28.170931964617964
57.16261987528027,6.676197939372809
57.18261987528027,11.443274566834983
57.20261987528027,26.075436561935277
57.22261987528027,14.441036715443493
57.24261987528027,11.453376093817024
57.262619875280265,29.806991443701584
57.28261987528027,30.219443062481957
57.30261987528027,27.965579630440537
57.32261987528027,29.23452051159837
57.34261987528026,18.43420090713273
57.36261987528027,18.706647730034863
57.38261987528027,14.274362324900956
57.402619875280266,22.435078273520876
57.42261987528026,15.481428659816325
57.442619875280265,16.432389059371275
57.46261987528027,26.764708491113307
57.482619875280264,32.613763484334406
57.50261987528026,24.75365429320846
57.52261987528026,38.71690496576981
57.542619875280266,13.721298995443634
57.56261987528026,2.399430563728103
57.58261987528026,27.928191927382166
57.60261987528026,13.066327414256957
57.622619875280265,18.05050426369691
57.64261987528026,3.0922391503327162
57.66261987528026,11.800893175386307
57.68261987528026,5.7735267053617125
57.70261987528026,16.455587282032702
57.72261987528026,16.85593784298493
57.742619875280255,21.703903581058732
57.76261987528026,33.20438960872223
57.78261987528026,27.57909692718384
57.80261987528026,4.591226040148719
57.82261987528025,26.895978690975653
57.842619875280256,21.93628704789556
57.86261987528026,19.843405295250463
57.882619875280255,20.597617659284204
57.90261987528025,22.873094380858173
57.922619875280255,13.91167312683455
57.94261987528026,19.01001719163675
57.962619875280254,32.67591552591745
57.98261987528025,13.800478750289084
58.00261987528025,10.543682924956155
58.022619875280256,20.228529081898408
58.04261987528025,9.542991645881838
58.06261987528025,3.623892427662099
58.08261987528025,17.410133073204182
58.102619875280254,35.34411866132181
58.12261987528025,20.474967595585632
58.142619875280246,22.64990200137063
58.16261987528025,0.0
58.18261987528025,25.251672265441183
58.20261987528025,21.807239729388126
58.222619875280245,14.227610362315541
58.24261987528025,22.680454631041176
58.26261987528025,22.584371107485776
58.28261987528025,10.291494412448666
58.30261987528024,24.208143461796624
58.322619875280246,32.86420665166264
58.34261987528025,18.616697635011807
58.362619875280245,12.223444056194172
58.38261987528024,19.12687279729062
58.402619875280244,29.452106581043076
58.42261987528025,8.646101089250912
58.44261987528024,26.698200634971883
58.46261987528024,14.135815736222845
58.48261987528024,23.339947115185215
58.502619875280246,15.27937323278838
58.52261987528024,15.2558998123759
58.54261987528024,36.16041559973808
58.56261987528024,6.842011296616617
58.582619875280244,25.78996342841996
58.60261987528024,38.252983895682604
58.622619875280236,27.798410863200612
58.64261987528024,7.635686894547828
58.66261987528024,8.134331152646682
58.68261987528024,13.437375298482863
58.702619875280234,22.53621466543009
58.72261987528024,23.22008263435997
58.74261987528024,8.247223947441654
58.76261987528024,12.240162352408523
58.78261987528023,12.856473158689614
58.802619875280236,19.167404679788167
58.82261987528024,40.825415702756516
58.842619875280235,11.650192474569234
58.86261987528023,11.21610042800302
58.882619875280234,9.657905059591064
58.90261987528024,27.34839659370613
58.92261987528023,20.583191402009273
58.94261987528023,12.038011977558028
58.96261987528023,17.376005319953297
58.982619875280236,13.092555446743358
59.00261987528023,23.970282162186606
59.02261987528023,47.85885990286884
59.04261987528023,26.527475962286488
59.062619875280234,20.092698405768473
59.08261987528023,14.376593909594213
59.102619875280226,7.596126764507103
59.12261987528023,28.37081726257695
59.14261987528023,27.831267658731125
59.16261987528023,16.380535390995064
59.182619875280224,33.178718221424276
59.20261987528023,21.260294361111896
59.22261987528023,28.80069244751397
59.242619875280226,24.01892877106591
59.26261987528022,19.28948713979959
59.282619875280226,11.5159005387661
59.30261987528023,19.613294961624316
59.322619875280225,29.493095322437306
59.34261987528022,15.995178772205257
59.362619875280224,25.477898609022514
59.38261987528023,10.257094093192515
59.40261987528022,28.889018028361182
59.42261987528022,24.22184327326062
59.44261987528022,9.07533104343543
59.462619875280225,18.860315596579984
59.48261987528022,30.41890559591448
59.50261987528022,8.518220232417601
59.52261987528022,10.403105848511888
59.542619875280224,20.42171473657059
59.56261987528022,42.45408108652785
59.582619875280216,14.399095881873253
59.60261987528022,26.08173309463595
59.62261987528022,23.73447698187889
59.64261987528022,15.242067134949803
59.662619875280214,22.75275630589593
59.68261987528022,16.66724623025093
59.70261987528022,17.571728419872095
59.722619875280216,4.541254163760836
59.74261987528021,20.91382110779972
59.762619875280215,30.1533421760354
59.78261987528022,21.740901893153087
59.802619875280215,32.07597216511225
59.82261987528021,26.978432797604086
59.842619875280214,20.58402241956365
59.86261987528022,14.90447045463017
59.88261987528021,16.325392683674874
59.90261987528021,6.487242294866741
59.92261987528021,18.525888668125553
59.942619875280215,22.66100902106932
59.96261987528021,38.35958960467646
59.98261987528021,26.492952369118846
60.00261987528021,12.56559315640115
60.02261987528021,6.8248473292268415
60.04261987528021,19.157419637527624
60.062619875280205,29.34500869483813
60.08261987528021,19.025637861700343
60.10261987528021,26.656093259110605
60.12261987528021,19.42946056846371
60.142619875280204,28.41519622474985
60.16261987528021,5.277101724942776
60.18261987528021,37.29600647874632
60.202619875280206,10.133867364260864
60.2226198752802,29.200554949944642
60.242619875280205,18.545934742015234
60.26261987528021,20.114051943938723
60.282619875280204,18.86588136255349
60.3026198752802,23.837528956024034
60.3226198752802,25.861324423004945
60.34261987528021,31.874303187335546
60.3626198752802,35.37479916096204
60.3826198752802,24.618161248329145
60.4026198752802,38.441336790188814
60.422619875280205,22.238981609686704
60.4426198752802,32.08833474456599
60.4626198752802,25.60581594186134
60.4826198752802,15.831274132030687
60.5026198752802,23.140376358785204
60.5226198752802,26.36448108645847
60.542619875280195,21.015521613823253
60.5626198752802,25.470821836795825
60.5826198752802,30.000653083899735
60.6026198752802,21.118072001636317
60.62261987528019,0.0
60.6426198752802,38.144104058995225
60.6626198752802,18.39030741780692
60.682619875280196,13.13825175368367
60.70261987528019,10.134796305655328
60.722619875280195,18.016298589300725
60.7426198752802,15.758150692257963
60.762619875280194,14.020418793732343
60.78261987528019,14.574148187633547
60.80261987528019,26.697749598477614
60.822619875280196,41.70887924992596
60.84261987528019,29.615897304154156
60.86261987528019,32.64111264959881
60.88261987528019,17.645992951378453
60.902619875280195,22.471722362660053
60.92261987528019,25.694881160016166
60.94261987528019,14.839479552794067
60.96261987528019,17.182772107851374
60.98261987528019,29.990619665033286
61.00261987528019,32.353067836893686
61.022619875280185,22.129296112620363
61.04261987528019,9.508687660159891
61.06261987528019,18.50941859663732
61.08261987528019,7.05711894645664
61.10261987528018,22.22755914581029
61.122619875280186,24.03468380074676
61.14261987528019,18.77867899418613
61.162619875280186,23.90803881219316
61.18261987528018,25.665095221531004
61.202619875280185,24.06987235186229
61.22261987528019,9.491130932884104
61.242619875280184,18.97898536591401
61.26261987528018,25.615265992142053
61.28261987528018,37.309174325318686
61.302619875280186,18.808032318046365
61.32261987528018,27.04093782950329
61.34261987528018,30.319313736246805
61.36261987528018,19.57678920361468
61.382619875280184,33.03242800180302
61.40261987528018,33.5753859409624
61.422619875280176,35.362804817965014
61.44261987528018,26.14860175968994
61.46261987528018,45.1709878914439
61.48261987528018,15.422132315546687
61.502619875280175,42.82110006728854
61.52261987528018,29.268692559044556
61.54261987528018,34.994957164969804
61.56261987528018,18.396105137403197
61.58261987528017,30.046641237009688
61.602619875280176,35.87706003552504
61.62261987528018,10.739168810598008
61.642619875280175,19.98494192653701
61.66261987528017,0.21113999755103308
61.682619875280174,19.84581187524324
61.70261987528018,13.474547092053902
61.722619875280174,19.462452139268272
61.74261987528017,50.88207518690177
61.76261987528017,38.82920186062822
61.782619875280176,7.262229187540294
61.80261987528017,27.219637902693265
61.82261987528017,29.65712864984439
61.84261987528017,18.294422355262157
61.862619875280174,23.462057237521083
61.88261987528017,24.444403794317957
61.902619875280166,8.224081026385196
61.92261987528017,11.38252675954537
61.94261987528017,23.424425530716086
61.96261987528017,22.70113416241377
61.982619875280164,14.627144744963537
62.00261987528017,13.77468598721309
62.02261987528017,20.826342835520265
62.04261987528017,30.591345258167042
62.06261987528016,20.97069085430992
62.082619875280166,37.96858213460831
62.10261987528017,14.788806034780341
62.122619875280165,23.683859617406828
62.14261987528016,18.215569801152693
62.162619875280164,27.64390843308825
62.18261987528017,13.954207400414026
62.20261987528016,41.049863382736675
62.22261987528016,4.87557378804199
62.24261987528016,38.94232453688842
62.262619875280166,22.693243487116074
62.28261987528016,27.323453593439147
62.30261987528016,35.150318100140744
62.32261987528016,30.387557616716087
62.342619875280164,14.516559674782094
62.36261987528016,27.823622274024984
62.382619875280156,40.503376886632104
62.40261987528016,12.961642736903077
62.42261987528016,43.02477991711844
62.44261987528016,25.703466849043267
62.462619875280154,17.52012368088121
62.48261987528016,12.925479180276238
62.50261987528016,19.631486113067577
62.52261987528016,2.317569570687265
62.54261987528015,17.72391639739653
62.562619875280156,19.25310902723685
62.58261987528016,11.144277512526008
62.602619875280155,29.372910639398214
62.62261987528015,19.712852636777093
62.642619875280154,15.548639019186023
62.66261987528016,18.65932618034455
62.68261987528015,25.469833433592196
62.70261987528015,22.65707606684155
62.72261987528015,14.92123042396436
62.742619875280155,23.19364545740669
62.76261987528015,21.436492611524777
62.78261987528015,10.554763472403243
62.80261987528015,19.070524320504152
62.822619875280154,27.75513153488142
62.84261987528015,27.689321016539427
62.862619875280146,19.674496680610496
62.88261987528015,28.748081528071502
62.90261987528015,12.187024162725663
62.92261987528015,12.502938268053956
62.942619875280144,19.48651648775006
62.96261987528015,36.98098889373811
62.98261987528015,23.64411714007168
63.002619875280146,19.264228037627355
63.02261987528014,37.46556331181609
63.042619875280145,19.161108007111313
63.06261987528015,44.38414567336664
63.082619875280145,16.930314875619537
63.10261987528014,11.932203488559002
63.122619875280144,20.39222754765448
63.14261987528015,19.57137303665906
63.16261987528014,13.991396052012865
63.18261987528014,48.09472857701986
63.20261987528014,25.267657250671185
63.222619875280145,26.730302871538395
63.24261987528014,17.475441798412447
63.26261987528014,16.323979717746553
63.28261987528014,32.362707965917316
63.30261987528014,5.3551692621479745
63.32261987528014,10.69141656281393
63.342619875280135,19.65346224825225
63.36261987528014,35.6435180727581
63.38261987528014,18.394384684790793
63.40261987528014,26.307591058755303
63.422619875280134,22.42989501232078
63.44261987528014,35.12173672854229
63.46261987528014,6.318478433463866
63.482619875280136,29.531908292268653
63.50261987528013,20.18986620740376
63.522619875280135,31.43428829143358
63.54261987528014,13.999227723514677
63.562619875280134,22.44259348750857
63.58261987528013,21.180221243383055
63.60261987528013,12.187570749354059
63.62261987528014,9.414443976674544
63.64261987528013,16.42112065172357
63.66261987528013,23.53121723219572
63.68261987528013,14.66946686579458
63.702619875280135,18.944548126849377
63.72261987528013,3.394016329233473
63.74261987528013,18.552208241754535
63.76261987528013,32.50130292784122
63.78261987528013,29.323980165631824
63.80261987528013,21.409709396172016
63.822619875280125,24.722219280070544
63.84261987528013,14.00986272721453
63.86261987528013,38.5436395457761
63.88261987528013,42.983675170891416
63.90261987528012,23.961095155560564
63.92261987528013,48.22653728836479
63.94261987528013,15.524686614756945
63.962619875280126,9.822560641472249
63.98261987528012,15.243969509510945
64.00261987528012,20.15216969074815
64.02261987528013,45.47461441381451
64.04261987528012,19.549245443706983
64.06261987528012,13.771177647825697
64.08261987528013,13.390057466700013
64.10261987528013,33.781788684385106
64.12261987528012,32.3615177497192
64.14261987528012,17.54066229326594
64.16261987528011,3.6445580599673377
64.18261987528012,11.123429997582484
64.20261987528012,39.628781189811704
64.22261987528012,29.311410162830427
64.24261987528013,23.084944693959766
64.26261987528012,41.125673395561996
64.28261987528012,42.02762620855631
64.30261987528012,22.092000353983437
64.32261987528011,22.282722724220324
64.34261987528012,16.645028513131102
64.36261987528012,19.62652849884802
64.38261987528011,7.616388675805959
64.40261987528012,7.5828627386317375
64.42261987528012,5.267236870502323
64.44261987528012,33.344305666104574
64.46261987528011,6.894034369198549
64.48261987528011,42.014811536640025
64.50261987528012,15.218552524423547
64.52261987528011,39.90298431238112
64.54261987528011,18.88610653102208
64.56261987528012,6.881957858229605
64.58261987528012,35.38880103410641
64.60261987528011,36.576865679654205
64.62261987528011,13.504907599937889
64.6426198752801,19.25611397086813
64.66261987528011,13.521907125918778
64.68261987528011,21.38184020756121
64.7026198752801,23.672650078523308
64.72261987528012,19.087790241716
64.74261987528011,4.419979869879139
64.76261987528011,16.807384411319493
64.7826198752801,29.658659669029802
64.8026198752801,20.541781796930657
64.82261987528011,19.363686840067317
64.8426198752801,13.33765424679904
64.8626198752801,16.552243260384536
64.88261987528011,36.749585932440326
64.90261987528011,11.26969085701035
64.9226198752801,29.88306357956023
64.9426198752801,23.15276462377108
64.9626198752801,25.137709447385262
64.98261987528011,15.373440991894647
65.0026198752801,19.18664169686267
65.0226198752801,22.65463566532262
65.04261987528011,17.512600469988524
65.0626198752801,26.041034329731506
65.0826198752801,27.308557133009575
65.1026198752801,44.46869738436912
65.1226198752801,25.53100609698462
65.1426198752801,3.634164366956096
65.1626198752801,34.39427729767096
65.1826198752801,20.7328860731526
65.2026198752801,42.89836253690966
65.2226198752801,37.495880253093645
65.2426198752801,17.741499098544907
65.2626198752801,30.020748353731783
65.28261987528009,16.869726973230115
65.3026198752801,22.8437549914357
65.3226198752801,29.58427347283143
65.34261987528009,33.96201630168738
65.3626198752801,31.791671736417562
65.3826198752801,23.597119251865482
65.4026198752801,47.689081681998665
65.42261987528009,19.212268612021752
65.44261987528009,6.7981065884237815
65.4626198752801,8.73077039779831
65.4826198752801,37.62550129624478
65.50261987528009,22.12656562661408
65.5226198752801,24.491350804862524
65.5426198752801,17.483228177715837
65.56261987528009,18.3891434741943
65.58261987528009,15.052921069672706
65.60261987528008,27.643109330333445
65.6226198752801,21.965533629522795
65.64261987528009,27.297128264862266
65.66261987528009,26.349210080061635
65.6826198752801,18.703800672763435
65.70261987528009,8.383053564412217
65.72261987528009,7.520145675903507
65.74261987528008,53.25244936535343
65.76261987528008,37.775469683101896
65.78261987528009,36.40337266009122
65.80261987528009,16.2633006193209
65.82261987528008,23.11229765436095
65.84261987528009,14.871413933768102
65.86261987528009,9.912072343914623
65.88261987528008,17.153019410639907
65.90261987528008,36.31047543208432
65.92261987528008,31.463960498679235
65.94261987528009,13.363917676793541
65.96261987528008,19.9241378705729
65.98261987528008,30.571440569816282
66.00261987528009,17.378415159630855
66.02261987528009,23.89192158719104
66.04261987528008,27.12247338670484
66.06261987528008,27.021253945025098
66.08261987528007,25.661361930821396
66.10261987528008,16.590904843682463
66.12261987528008,17.626109317582355
66.14261987528008,11.807344955893868
66.16261987528009,7.53847546483958
66.18261987528008,22.01236154549385
66.20261987528008,31.330462287885886
66.22261987528007,9.373068980461937
66.24261987528007,25.913661726859967
66.26261987528008,31.03828734992822
66.28261987528008,4.8326930084243145
66.30261987528007,20.50228470906494
66.32261987528008,39.67827224519884
66.34261987528008,28.743664447901704
66.36261987528007,4.527776292042795
66.38261987528007,29.8238453848179
66.40261987528007,15.771195245200323
66.42261987528008,30.169754346959767
66.44261987528007,16.363998653334573
66.46261987528007,22.742632546263074
66.48261987528008,17.9056793564665
66.50261987528008,23.320843684783696
66.52261987528007,17.624633480071072
66.54261987528007,21.070230894763412
66.56261987528006,11.557750630511507
66.58261987528007,28.228593366064157
66.60261987528007,25.083055474452276
66.62261987528007,7.173096883604295
66.64261987528008,33.27580970657732
66.66261987528007,21.591997213914567
66.68261987528007,24.980743687393502
66.70261987528006,31.016988551233105
66.72261987528006,26.662055534412943
66.74261987528007,35.03993513186653
66.76261987528007,20.463227900802558
66.78261987528006,33.74876568243762
66.80261987528007,24.64201579979384
66.82261987528007,28.49741075508989
66.84261987528006,27.46568419553418
66.86261987528006,35.84502072986806
66.88261987528006,30.66017525569942
66.90261987528007,19.024939776863185
66.92261987528006,17.050076198720184
66.94261987528006,22.97356620278461
66.96261987528007,15.878463271542456
66.98261987528007,12.96593461856669
67.00261987528006,2.215719816518945
67.02261987528006,8.0120137193113
67.04261987528005,43.3671105894737
67.06261987528006,16.956459037688195
67.08261987528006,42.56448794487416
67.10261987528006,27.569863210101694
67.12261987528007,23.049178055407104
67.14261987528006,8.54915698022528
67.16261987528006,23.610355766398456
67.18261987528005,42.49397191011077
67.20261987528005,39.156977860011466
67.22261987528006,26.33148185787117
67.24261987528006,12.110905296518588
67.26261987528005,14.034437823334807
67.28261987528006,15.088683839681542
67.30261987528006,36.40467120444909
67.32261987528005,39.948854590451575
67.34261987528005,25.599115500773554
67.36261987528005,20.617928322633578
67.38261987528006,39.14439175809406
67.40261987528005,13.880114065099589
67.42261987528005,24.19265398243386
67.44261987528006,28.312660466735302
67.46261987528005,15.063582678239413
67.48261987528005,17.34104331040458
67.50261987528005,16.571414984016336
67.52261987528004,37.88467304626049
67.54261987528005,42.86969940797893
67.56261987528005,24.88258251294834
67.58261987528005,21.061110317057572
67.60261987528006,17.753532799741624
67.62261987528005,23.778062413188554
67.64261987528005,18.267045841661446
67.66261987528004,22.807633339643292
67.68261987528004,27.918944711688525
67.70261987528005,19.742176064929474
67.72261987528005,21.908122152025538
67.74261987528004,21.958163468322745
67.76261987528005,20.64578774958312
67.78261987528005,19.415665322751163
67.80261987528004,31.46084031794794
67.82261987528004,6.140252375384922
67.84261987528004,39.599157793916596
67.86261987528005,25.22040851813333
67.88261987528004,29.974052452849666
67.90261987528004,31.13342543725063
67.92261987528005,16.810835005321636
67.94261987528004,14.756628111957959
67.96261987528004,13.586315944739734
67.98261987528004,21.447131641049022
68.00261987528003,30.918670014533745
68.02261987528004,18.09782199921554
68.04261987528004,30.023585779376823
68.06261987528003,0.2738922699572264
68.08261987528005,20.106275455611268
68.10261987528004,35.642172085084674
68.12261987528004,22.269944350025348
68.14261987528003,15.697087588806752
68.16261987528003,17.428966298860043
68.18261987528004,0.0
68.20261987528004,13.897151458207746
68.22261987528003,34.596482921518785
68.24261987528004,18.20694734463599
68.26261987528004,19.396444974747876
68.28261987528003,0.7326880503099886
68.30261987528003,7.7513610409885985
68.32261987528003,35.96916751583075
68.34261987528004,30.25056098117792
68.36261987528003,11.112181972617037
68.38261987528003,17.78980813213673
68.40261987528004,23.812776007814577
68.42261987528003,12.152197115890335
68.44261987528003,4.081018192324404
68.46261987528003,22.539343314019522
68.48261987528002,29.866530522633592
68.50261987528003,30.06802334278379
68.52261987528003,32.91083675812551
68.54261987528002,8.63191053528249
68.56261987528003,24.75552997538297
68.58261987528003,21.50103241298995
68.60261987528003,23.322381813069388
68.62261987528002,22.085822359489846
68.64261987528002,17.60821431299233
68.66261987528003,0.0
68.68261987528003,35.84912327914954
68.70261987528002,27.539814220063427
68.72261987528003,9.40610149872506
68.74261987528003,28.98941001001754
68.76261987528002,19.794146793591572
68.78261987528002,20.086580340735622
68.80261987528002,16.601273369373384
68.82261987528003,29.66384720841498
68.84261987528002,16.30543706285039
68.86261987528002,13.34446339191149
68.88261987528003,35.63940299254132
68.90261987528002,22.542292561490537
68.92261987528002,22.865401651058654
68.94261987528002,31.274072744831038
68.96261987528001,17.682737604041463
68.98261987528002,19.68625301590322
69.00261987528002,27.43412460895447
69.02261987528001,8.972390075963338
69.04261987528002,26.60635775669501
69.06261987528002,16.847460865144765
69.08261987528002,32.968516508966495
69.10261987528001,29.88964591983966
69.12261987528001,28.577725207424137
69.14261987528002,8.371891037788721
69.16261987528001,23.416766336484056
69.18261987528001,12.687304308076165
69.20261987528002,24.10058734541625
69.22261987528002,1.3256928880707335
69.24261987528001,9.079437053635573
69.26261987528001,36.387372684653364
69.28261987528,28.196851973410695
69.30261987528002,20.97745209363987
69.32261987528001,15.437474414412625
69.34261987528001,13.691672235719457
69.36261987528002,26.54507940998016
69.38261987528001,21.116515867558146
69.40261987528001,40.028634537597966
69.42261987528,22.723855861478476
69.44261987528,25.168034937035163
69.46261987528001,10.705138862514637
69.48261987528001,20.992531374847438
69.50261987528,26.378794295504267
69.52261987528001,20.890386265118146
69.54261987528001,19.771327667700184
69.56261987528,27.90608535908395
69.58261987528,39.794604470835374
69.60261987528,26.105454342897993
69.62261987528001,36.107018870919845
69.64261987528,30.89058159897679
69.66261987528,35.527499728739215
69.68261987528001,18.596181256959103
69.70261987528,22.633526378443396
69.72261987528,22.684492767386438
69.74261987528,30.184434275671304
69.76261987528,32.655229834752994
69.78261987528,25.991109473294603
69.80261987528,33.51706551173099
69.82261987528,19.126143349510123
69.84261987528001,33.62269821450374
69.86261987528,34.93648783766202
69.88261987528,31.56283374869104
69.90261987528,26.1390511204787
69.92261987527999,31.94007570773342
69.94261987528,15.876292910308022
69.96261987528,26.80946144547619
69.98261987528,27.84045084864179
70.00261987528,11.54970274587389
70.02261987528,29.600221201393573
70.04261987528,12.37571668651436
70.06261987527999,20.594252191393352
70.08261987527999,25.28058192530673
70.10261987528,17.58515156223614
70.12261987528,25.727604763799235
70.14261987527999,25.577189123032138
70.16261987528,16.719363517211786
70.18261987528,30.610491021228214
70.20261987527999,17.298753731143634
70.22261987527999,47.82964063077604
70.24261987527998,23.86469253629795
70.26261987528,13.256128951764016
70.28261987527999,15.13524809639006
70.30261987527999,36.46407146607914
70.32261987528,20.906357065070804
70.34261987528,11.369847888575876
70.36261987527999,33.5542314830889
70.38261987527999,20.8709887981203
70.40261987527998,31.57055204916192
70.42261987527999,34.40165203338195
70.44261987527999,27.800267559335506
70.46261987527998,49.02435205688658
70.48261987528,7.827504612599306
70.50261987527999,16.905085722972863
70.52261987527999,22.534748834002635
70.54261987527998,47.7156520197821
70.56261987527998,43.09361471638948
70.58261987527999,38.01017737766616
70.60261987527998,17.191713369991
70.62261987527998,18.367494817487724
70.64261987527999,16.866736644188684
70.66261987527999,17.327768216871686
70.68261987527998,40.09878857162087
70.70261987527998,22.74378194497634
70.72261987527997,24.07618746964229
70.74261987527998,32.944758158103106
70.76261987527998,8.575336935508545
70.78261987527998,25.74680646824944
70.80261987527999,14.261367719792254
70.82261987527998,22.295677701664363
70.84261987527998,19.38536699663891
70.86261987527998,18.87951861163984
70.88261987527997,27.524901359941605
70.90261987527998,27.49097960138498
70.92261987527998,23.090407011796366
70.94261987527997,29.005228681242677
70.96261987527998,16.622017188919227
70.98261987527998,32.13380361129756
71.00261987527998,23.2657419784832
71.02261987527997,20.500888791912335
71.04261987527997,17.39973342192459
71.06261987527998,22.943148950723064
71.08261987527997,44.07332300938468
71.10261987527997,24.743604472849455
71.12261987527998,13.942523371105938
71.14261987527998,34.58457076305816
71.16261987527997,20.686921882233936
71.18261987527997,28.253627189157083
71.20261987527996,19.369267285632098
71.22261987527997,38.24344631261404
71.24261987527997,19.5379606412473
71.26261987527997,39.433987723455246
71.28261987527998,14.972656474008515
71.30261987527997,22.546057473583883
71.32261987527997,39.48494280924404
71.34261987527996,27.17659540357901
71.36261987527996,48.219385343707074
71.38261987527997,22.82319874558265
71.40261987527997,28.094913600427134
71.42261987527996,44.585864122817696
71.44261987527997,10.405030043161027
71.46261987527997,9.176657141848683
71.48261987527997,17.6089753975452
71.50261987527996,33.707688171299054
71.52261987527996,9.48535793916836
71.54261987527997,31.564273201057297
71.56261987527996,30.87076678832262
71.58261987527996,45.75752370650482
71.60261987527997,36.07839646171129
71.62261987527997,29.273979692702184
71.64261987527996,39.23474103739735
71.66261987527996,31.042389700126293
71.68261987527995,21.06259255873038
71.70261987527996,14.22718234139008
71.72261987527996,19.98953525060067
71.74261987527996,25.292407864403
71.76261987527997,27.453290110304714
71.78261987527996,4.3611136253578096
71.80261987527996,23.527433886763433
71.82261987527995,26.01882661950476
71.84261987527995,31.218359096901043
71.86261987527996,42.02097321118908
71.88261987527996,27.61948347036587
71.90261987527995,16.677307052811244
71.92261987527996,7.602133626048559
71.94261987527996,32.663032615162535
71.96261987527996,17.112048914230684
71.98261987527995,34.4812956363543
72.00261987527995,39.7971346006409
72.02261987527996,10.392196469793976
72.04261987527995,31.381884581789045
72.06261987527995,38.77920175398626
72.08261987527996,36.053393329294686
72.10261987527996,4.909231880507502
72.12261987527995,17.34653569972142
72.14261987527995,13.091284690821606
72.16261987527994,31.137854580769115
72.18261987527995,30.04643420310598
72.20261987527995,0.0
72.22261987527995,22.924944517462425
72.24261987527996,33.95051081298724
72.26261987527995,27.43312776922826
72.28261987527995,27.426095945596096
72.30261987527994,22.323552300834578
72.32261987527994,15.394145676117274
72.34261987527995,25.82306624581444
72.36261987527995,26.52463185152359
72.38261987527994,32.16631883112824
72.40261987527995,32.98885257111877
72.42261987527995,26.892550609457558
72.44261987527995,36.99310652017695
72.46261987527994,22.304865993854555
72.48261987527994,11.623960099207025
72.50261987527995,30.844838914406086
72.52261987527994,27.34819746327377
72.54261987527994,31.0638200297754
72.56261987527995,13.460097575673199
72.58261987527995,44.02268133955161
72.60261987527994,33.22985717190316
72.62261987527994,23.254979871453017
72.64261987527993,16.79053620978356
72.66261987527994,36.92672378099401
72.68261987527994,15.147616959969074
72.70261987527994,48.78909120658935
72.72261987527995,20.053524789283
72.74261987527994,43.40076059289996
72.76261987527994,24.361107861048946
72.78261987527993,42.023453048672664
72.80261987527993,18.877444102047335
72.82261987527994,26.42463910415182
72.84261987527994,34.29391768466401
72.86261987527993,32.87734770745503
72.88261987527994,37.274349505234724
72.90261987527994,21.402167696767634
72.92261987527993,27.13513307471689
72.94261987527993,38.78109841027505
72.96261987527993,19.2548237171446
72.98261987527994,32.04295818683857
73.00261987527993,24.136116753786915
73.02261987527993,28.396634505190953
73.04261987527994,27.19357258049414
73.06261987527994,18.47541855195521
73.08261987527993,23.761500425784796
73.10261987527993,27.827939776001404
73.12261987527992,25.36156477462293
73.14261987527993,42.12635434173822
73.16261987527993,36.50874304680256
73.18261987527993,29.31918762845122
73.20261987527994,18.798118488468404
73.22261987527993,18.199549553329604
73.24261987527993,46.1880934434793
73.26261987527992,16.361333787254594
73.28261987527992,27.608991802926603
73.30261987527993,30.090092631697928
73.32261987527993,23.377581210707596
73.34261987527992,16.478994664824594
73.36261987527993,18.66228283050055
73.38261987527993,21.05641840957734
73.40261987527992,19.436761232945855
73.42261987527992,39.81911760345533
73.44261987527992,26.460879718214738
73.46261987527993,21.324356833482582
73.48261987527992,27.642178663515026
73.50261987527992,33.2623898226808
73.52261987527993,23.146868396180817
73.54261987527993,35.623115214802844
73.56261987527992,13.902073422147296
73.58261987527992,38.336818463042505
73.60261987527991,26.54450177092632
73.62261987527992,26.164146705608808
73.64261987527992,19.724374037759596
73.66261987527992,14.386265018451994
73.68261987527993,10.00829796559222
73.70261987527992,19.0575035704708
73.72261987527992,32.572257315352445
73.74261987527991,17.092997625850145
73.76261987527991,11.231558598493729
73.78261987527992,17.635647798530663
73.80261987527992,22.888230004423022
73.82261987527991,23.291815023835493
73.84261987527992,25.46816401450367
73.86261987527992,37.09342415644116
73.88261987527991,39.27017440538155
73.90261987527991,46.842526113487025
73.9226198752799,10.54910061134306
73.94261987527992,18.249608954328345
73.96261987527991,33.8035757452958
73.98261987527991,22.28868965110927
74.00261987527992,35.4471457281744
74.02261987527991,28.920696122816334
74.04261987527991,42.65188625968329
74.0626198752799,37.29728915894416
74.0826198752799,37.490579645153154
74.10261987527991,22.771984129201584
74.12261987527991,25.926380046641203
74.1426198752799,23.85874365142288
74.16261987527992,11.862647918930058
74.18261987527991,41.649554423246386
74.20261987527991,34.396028831079605
74.2226198752799,23.502179714650484
74.2426198752799,40.00867255828568
74.26261987527991,20.669368836808303
74.2826198752799,8.601999709639294
74.3026198752799,37.06734225930568
74.32261987527991,14.21834395859585
74.34261987527991,25.056494393051185
74.3626198752799,29.085783393749523
74.3826198752799,30.889511523939653
74.4026198752799,35.52917486017964
74.4226198752799,32.86398589028314
74.4426198752799,32.56470530749541
74.4626198752799,19.168571697299207
74.48261987527991,30.028835605169665
74.5026198752799,12.041211862176224
74.5226198752799,42.728401069857426
74.5426198752799,13.09168933917606
74.56261987527989,23.663253628108304
74.5826198752799,13.949224986906009
74.6026198752799,19.846620780109816
74.6226198752799,27.292884931669033
74.6426198752799,21.881337784657227
74.6626198752799,38.62170017452318
74.6826198752799,29.45856738361781
74.7026198752799,22.570780347189885
74.72261987527989,25.874379516672146
74.7426198752799,39.41752530224522
74.7626198752799,36.31955219502379
74.78261987527989,15.853457744619904
74.8026198752799,20.444973534954126
74.8226198752799,32.00971350062913
74.8426198752799,30.80580643422615
74.86261987527989,16.778651019747837
74.88261987527989,34.78405876306341
74.9026198752799,18.394378457747937
74.92261987527989,40.35171511801252
74.94261987527989,32.61826696887302
74.9626198752799,16.0148594108044
74.9826198752799,22.053665874334637
75.00261987527989,21.890156153075974
75.02261987527989,28.96385933532806
75.04261987527988,25.33565335753306
75.06261987527989,15.930863787464556
75.08261987527989,13.453492387811739
75.10261987527988,32.89664844476045
75.1226198752799,30.27911529601469
75.14261987527989,28.48245404771827
75.16261987527989,30.144729143127194
75.18261987527988,21.25855138554194
75.20261987527988,29.297998952083216
75.22261987527989,52.853463720837865
75.24261987527989,39.22441213510757
75.26261987527988,24.60498941150945
75.28261987527989,22.265689557250624
75.30261987527989,0.0
75.32261987527988,38.207015020880675
75.34261987527988,35.396460338101576
75.36261987527988,22.1024604380005
75.38261987527989,13.2339966303502
75.40261987527988,16.00873233037622
75.42261987527988,32.0157186418676
75.44261987527989,26.688665863748103
75.46261987527988,34.508326465098165
75.48261987527988,28.46717064356407
75.50261987527988,37.280660410961616
75.52261987527987,31.31915615954467
75.54261987527988,35.921691035819066
75.56261987527988,6.747235393201763
75.58261987527987,15.310945832129077
75.60261987527988,24.021216616239084
75.62261987527988,38.47075266231474
75.64261987527988,46.49069326922894
75.66261987527987,26.05336905382204
75.68261987527987,21.590256758707046
75.70261987527988,8.166702102527275
75.72261987527988,36.362354937832535
75.74261987527987,22.235140878492654
75.76261987527988,57.330722215559405
75.78261987527988,20.363664748241263
75.80261987527987,48.82078285573516
75.82261987527987,35.262033150345744
75.84261987527987,17.506042214268657
75.86261987527988,30.12045042946789
75.88261987527987,35.52314356349611
75.90261987527987,25.567141524067694
75.92261987527988,36.209815079155824
75.94261987527987,35.9998834415523
75.96261987527987,33.81402005535156
75.98261987527987,27.696223874071435
76.00261987527986,16.121878447295096
76.02261987527987,27.11374662897146
76.04261987527987,29.652567298693203
76.06261987527986,9.14173144029919
76.08261987527987,29.604911987955532
76.10261987527987,26.954864022419873
76.12261987527987,14.966932947160421
76.14261987527986,24.613445851487775
76.16261987527986,24.83536148926417
76.18261987527987,47.265084564451826
76.20261987527986,30.175636012815264
76.22261987527986,38.34521741223245
76.24261987527987,26.81692320565591
76.26261987527987,9.266221414031488
76.28261987527986,34.73911435967821
76.30261987527986,21.444136798844596
76.32261987527986,24.680309929198927
76.34261987527987,17.516904760305977
76.36261987527986,28.78460077800927
76.38261987527986,38.71900948423839
76.40261987527987,37.404909500795654
76.42261987527986,43.94972483769122
76.44261987527986,45.37772445586627
76.46261987527986,7.649686439868034
76.48261987527985,16.18252072587118
76.50261987527986,10.047106848147457
76.52261987527986,34.45862171205237
76.54261987527985,21.21879340435982
76.56261987527986,23.268100192520468
76.58261987527986,26.004220071673082
76.60261987527986,32.00619074019227
76.62261987527985,13.337561412880236
76.64261987527985,15.612423842564615
76.66261987527986,28.224305629459632
76.68261987527985,40.209086517204526
76.70261987527985,27.977935187918547
76.72261987527986,20.325592671631146
76.74261987527986,6.770381874348274
76.76261987527985,37.789501874854636
76.78261987527985,20.91370525813567
76.80261987527985,16.80892668058518
76.82261987527986,11.140315994866242
76.84261987527985,13.91283088169688
76.86261987527985,18.70196581157726
76.88261987527986,25.935887943541807
76.90261987527985,16.247223790652555
76.92261987527985,30.201984966981318
76.94261987527985,25.89068914317901
76.96261987527984,50.58534956011465
76.98261987527985,11.331253783949883
77.00261987527985,30.00073566749066
77.02261987527984,30.13624580785852
77.04261987527985,18.10087462518676
77.06261987527985,29.369223829191178
77.08261987527985,36.12289401537266
77.10261987527984,29.402117716604362
77.12261987527984,42.29209453147279
77.14261987527985,6.680886031096119
77.16261987527984,20.045822557004485
77.18261987527984,43.22937742769189
77.20261987527985,37.610425838932905
77.22261987527985,33.908312180948485
77.24261987527984,40.852353166207934
77.26261987527984,9.38056745842043
77.28261987527983,36.54745937690012
77.30261987527985,39.31990895231793
77.32261987527984,22.25203817226872
77.34261987527984,55.44065235109011
77.36261987527985,31.683197976139564
77.38261987527984,8.810746619100918
77.40261987527984,36.295846523906384
77.42261987527984,28.14797934732661
77.44261987527983,51.493056964638136
77.46261987527984,52.069419971665084
77.48261987527984,50.270958759690544
77.50261987527983,84.452837576144
77.52261987527984,95.91736520423044
77.54261987527984,99.27467692169947
77.56261987527984,130.4829480258909
77.58261987527983,163.88616069289154
77.60261987527983,182.27242411699274
77.62261987527984,207.9998953513204
77.64261987527983,232.9302091669504
77.66261987527983,236.6656338905232
77.68261987527984,231.63229151892116
77.70261987527984,254.08951559685488
77.72261987527983,220.9163158574852
77.74261987527983,212.6072044615433
77.76261987527982,181.18645029603678
77.78261987527983,155.81107378343822
77.80261987527983,149.36980900654703
77.82261987527983,117.15268652052195
77.84261987527984,93.99245312932692
77.86261987527983,64.3746239619938
77.88261987527983,55.91668797047
77.90261987527983,54.93192624505863
77.92261987527982,42.5657366658024
77.94261987527983,45.80945720391118
77.96261987527983,43.65682920000062
77.98261987527982,29.264456223937955
78.00261987527983,11.949375424322191
78.02261987527983,22.162181084417245
78.04261987527983,28.351789727589626
78.06261987527982,21.36016858752207
78.08261987527982,18.482160295180815
78.10261987527983,29.684949482935533
78.12261987527982,53.277132471371935
78.14261987527982,24.092022329411815
78.16261987527983,28.95160412746285
78.18261987527983,15.867649937003108
78.20261987527982,41.43143874956337
78.22261987527982,37.75470348044044
78.24261987527981,37.074619435228335
78.26261987527982,42.625297542509784
78.28261987527982,24.76400484316452
78.30261987527982,26.02332281549624
78.32261987527983,46.15636784109529
78.34261987527982,35.394942362206876
78.36261987527982,6.885518719835133
78.38261987527981,33.6360189103556
78.40261987527981,23.280897322294756
78.42261987527982,38.089661473713264
78.44261987527982,33.19990971414518
78.46261987527981,11.722635644970701
78.48261987527982,31.826419705291254
78.50261987527982,31.25444641545388
78.52261987527982,32.792841555276254
78.54261987527981,34.92354914018486
78.56261987527981,44.137960510080575
78.58261987527982,33.327227436871645
78.60261987527981,29.427355090068605
78.62261987527981,40.688075265217684
78.64261987527982,51.645832468357334
78.66261987527982,38.379154532084435
78.68261987527981,31.30052624296534
78.70261987527981,33.57378466131935
78.7226198752798,31.81892712836169
78.74261987527981,29.453680217613513
78.76261987527981,50.93020704795699
78.7826198752798,21.797963773024005
78.80261987527982,40.84755067497384
78.82261987527981,28.04991391275498
78.84261987527981,14.51427863424566
78.8626198752798,27.44527592211223
78.8826198752798,23.870674047079692
78.90261987527981,35.12418057757018
78.9226198752798,30.271380588734427
78.9426198752798,19.148076632262995
78.96261987527981,44.088387225942334
78.98261987527981,40.2896068516945
79.0026198752798,45.2587767152754
79.0226198752798,31.77781847175266
79.0426198752798,29.06078741232613
79.06261987527981,36.463664990609274
79.0826198752798,23.66324780767125
79.1026198752798,30.748527177653447
79.12261987527981,27.70108198989604
79.1426198752798,14.857442880918903
79.1626198752798,30.75226186595699
79.1826198752798,25.077954337919017
79.2026198752798,27.0720137040023
79.2226198752798,33.14529251858768
79.2426198752798,42.24267772696081
79.2626198752798,21.039544391771138
79.2826198752798,26.171557619322257
79.3026198752798,21.896202821662065
79.3226198752798,21.255109441277348
79.3426198752798,23.62110691423512
79.36261987527979,27.612170029613214
79.3826198752798,35.44526138726009
79.4026198752798,32.800869858874314
79.42261987527979,19.03770502270146
79.4426198752798,42.55773644333955
79.4626198752798,39.07010982587018
79.4826198752798,20.62397915641685
79.50261987527979,41.88678880580337
79.52261987527979,32.9249035375547
79.5426198752798,28.100801186437486
79.5626198752798,33.25598472193158
79.58261987527979,29.42730161793208
79.6026198752798,35.14561662991362
79.6226198752798,31.57780101946323
79.64261987527979,26.340196138911022
79.66261987527979,9.465995092233332
79.68261987527978,35.00588923942976
79.7026198752798,26.00730730388588
79.72261987527979,37.533117522571516
79.74261987527979,34.580188449322605
79.7626198752798,26.29657715590329
79.78261987527979,40.01287763797123
79.80261987527979,31.841183802533333
79.82261987527978,31.438962090566115
79.84261987527978,28.43118813584589
79.86261987527979,46.65760844508243
79.88261987527979,22.69913526190472
79.90261987527978,26.614803297886137
79.92261987527979,17.47793820921366
79.94261987527979,37.12833626721442
79.96261987527978,24.049266089278742
79.98261987527978,25.180125797934714
80.00261987527978,24.720835537965286
80.02261987527979,30.52713602505176
80.04261987527978,17.402030761848227
80.06261987527978,7.486878409133986
80.08261987527979,34.50607060210503
80.10261987527979,8.803146999078184
80.12261987527978,38.489790387372565
80.14261987527978,45.543373161622355
80.16261987527977,28.325535356439264
80.18261987527978,42.97237518203281
80.20261987527978,29.744548406641652
80.22261987527978,45.989185627009164
80.24261987527979,25.44425147488393
80.26261987527978,6.367262365852781
80.28261987527978,29.226607966358046
80.30261987527977,47.11499675066467
80.32261987527977,35.39468172575026
80.34261987527978,24.901394650205887
80.36261987527978,33.353261295929684
80.38261987527977,39.785115032191676
80.40261987527978,29.22731365903252
80.42261987527978,56.3569846368966
80.44261987527977,24.928504267230988
80.46261987527977,40.13738539437262
80.48261987527977,37.741239151693264
80.50261987527978,23.133175403216196
80.52261987527977,25.896624069349393
80.54261987527977,40.33158451850952
80.56261987527978,31.60804240787704
80.58261987527978,33.55044045343986
80.60261987527977,13.819603448670794
80.62261987527977,36.74881146111457
80.64261987527976,33.07133537736394
80.66261987527977,29.568802819486855
80.68261987527977,33.826351847231095
80.70261987527977,26.134780356604434
80.72261987527978,24.317450619782882
80.74261987527977,27.827132571677325
80.76261987527977,25.61346231214906
80.78261987527976,52.07028986998991
80.80261987527976,39.393195648348126
80.82261987527977,20.599287135861065
80.84261987527977,50.656418308363826
80.86261987527976,25.974367955297993
80.88261987527977,30.60695738117204
80.90261987527977,39.296039124923816
80.92261987527976,10.63143901719738
80.94261987527976,27.9705170580936
80.96261987527976,24.616881859230794
80.98261987527977,32.410459755132315
81.00261987527976,34.06958811186044
81.02261987527976,29.605923653478797
81.04261987527977,29.15146404006211
81.06261987527976,41.0486641300992
81.08261987527976,33.42161673522822
81.10261987527976,30.83040818622564
81.12261987527975,31.90425825924389
81.14261987527976,48.793830163459276
81.16261987527976,32.17106136556926
81.18261987527976,25.309211497194877
81.20261987527977,11.373074134931723
81.22261987527976,16.13305325748182
81.24261987527976,25.811523505971522
81.26261987527975,29.40736293788235
81.28261987527975,24.944259143279382
81.30261987527976,34.021249292705605
81.32261987527976,24.834058260560806
81.34261987527975,21.38356856785775
81.36261987527976,36.66421554618571
81.38261987527976,44.24103142430056
81.40261987527975,19.484713060169643
81.42261987527975,33.00284355574882
81.44261987527975,11.52492749682266
81.46261987527976,15.838875189186288
81.48261987527975,24.70587387296116
81.50261987527975,41.95190535074764
81.52261987527976,22.825002801940276
81.54261987527975,22.46031360096293
81.56261987527975,30.99143957463693
81.58261987527975,31.01064441158111
81.60261987527974,22.797728234126833
81.62261987527975,50.520486393001335
81.64261987527975,28.013857824938007
81.66261987527974,31.812555272964833
81.68261987527976,26.66811700130284
81.70261987527975,35.09482794645395
81.72261987527975,43.053880865430045
81.74261987527974,47.350128158312764
81.76261987527974,23.100013313476943
81.78261987527975,41.73979364350581
81.80261987527975,36.23781480748934
81.82261987527974,40.4955303352709
81.84261987527975,29.84052201975632
81.86261987527975,28.89805037733735
81.88261987527974,40.13474076839197
81.90261987527974,40.33364839070302
81.92261987527974,46.45305078563955
81.94261987527975,32.79043529661572
81.96261987527974,29.744920819300226
81.98261987527974,6.224631387946921
82.00261987527975,14.719654619158504
82.02261987527974,26.89882945778027
82.04261987527974,19.839834387251905
82.06261987527974,39.00080020408224
82.08261987527973,17.76834842429058
82.10261987527974,25.8645708675814
82.12261987527974,26.26639793177707
82.14261987527973,42.943134990727856
82.16261987527974,24.82235052204302
82.18261987527974,35.43788559062154
82.20261987527974,32.87984460614939
82.22261987527973,39.96467960955695
82.24261987527973,39.44294918431609
82.26261987527974,30.615393906972894
82.28261987527974,13.995838727129112
82.30261987527973,28.650356229879353
82.32261987527974,30.77718230035869
82.34261987527974,33.845797113391136
82.36261987527973,23.619111733326882
82.38261987527973,42.41262512145233
82.40261987527973,31.148751201199282
82.42261987527974,21.816518930176887
82.44261987527973,26.448141701430774
82.46261987527973,50.32476658012241
82.48261987527974,37.69203117336063
82.50261987527973,41.541722235615694
82.52261987527973,20.65018363236898
82.54261987527973,24.186645251494692
82.56261987527972,24.26960013351228
82.58261987527973,32.93663374325148
82.60261987527973,29.36154336850655
82.62261987527972,26.215474996674864
82.64261987527973,27.478572712931104
82.66261987527973,23.18775837974669
82.68261987527973,29.338551046821728
82.70261987527972,42.277925465336054
82.72261987527972,16.023193845527775
82.74261987527973,34.62819143533021
82.76261987527973,44.973125770736644
82.78261987527972,29.349121525363486
82.80261987527973,25.901017855883836
82.82261987527973,40.44087057156822
82.84261987527972,21.365106417662776
82.86261987527972,30.989171252018025
82.88261987527972,20.82639878458587
82.90261987527973,12.53257517846285
82.92261987527972,29.722479155508537
82.94261987527972,18.61709991131216
82.96261987527973,31.143065948299547
82.98261987527972,42.418779641423086
83.00261987527972,49.81974154020729
83.02261987527972,32.221176129786
83.04261987527971,41.4867291496011
83.06261987527972,35.29287657437447
83.08261987527972,27.480784863438963
83.10261987527971,12.072820058650056
83.12261987527972,47.59416111293048
83.14261987527972,20.84686182334515
83.16261987527972,45.17423031581723
83.18261987527971,36.723226572743826
83.20261987527971,21.60364308071399
83.22261987527972,34.4923667606372
83.24261987527971,52.71009750238761
83.26261987527971,46.7461079647415
83.28261987527972,26.271038362491417
83.30261987527972,24.286939592587267
83.32261987527971,32.41739726278615
83.34261987527971,29.768740761462368
83.3626198752797,43.42980449724184
83.38261987527972,38.83686600460327
83.40261987527971,14.527094016410782
83.42261987527971,36.044789350829156
83.44261987527972,29.67564530826673
83.46261987527971,31.846145734920906
83.48261987527971,33.97299529421429
83.5026198752797,43.47934728255111
83.5226198752797,41.278470226599076
83.54261987527971,24.01158781078673
83.56261987527971,30.931361414465783
83.5826198752797,27.04072426571437
83.60261987527971,14.715926819429363
83.62261987527971,30.449120940066127
83.6426198752797,49.998800974735005
83.6626198752797,14.439244602335929
83.6826198752797,31.32747358370596
83.70261987527971,31.01511416865317
83.7226198752797,34.4622455470173
83.7426198752797,21.96602754847539
83.76261987527971,17.35054857613249
83.7826198752797,17.824046328864927
83.8026198752797,44.927719926076946
83.8226198752797,21.799873060701245
83.8426198752797,26.639452347312254
83.8626198752797,52.68973268984925
83.8826198752797,24.30917353859173
83.9026198752797,35.08404043369857
83.92261987527971,42.30646649593379
83.9426198752797,41.833847785102314
83.9626198752797,18.369169423156574
83.9826198752797,24.55968647005013
84.00261987527969,34.725119520806196
84.0226198752797,50.99991398367663
84.0426198752797,24.10288329793731
84.0626198752797,26.790101323329836
84.0826198752797,35.9302074467909
84.1026198752797,37.93926834554246
84.1226198752797,38.553439708015844
84.14261987527969,23.29554534596222
84.16261987527969,26.44681767344563
84.1826198752797,33.9304967912381
84.2026198752797,44.406774354696566
84.22261987527969,29.406987510034675
84.2426198752797,31.57696708366498
84.2626198752797,21.548850099767456
84.28261987527969,50.44854179303766
84.30261987527969,33.36703254772855
84.32261987527968,42.610071056290934
84.3426198752797,32.13960609102694
84.36261987527969,32.70140596065352
84.38261987527969,16.85373822886026
84.4026198752797,10.357290783987928
84.4226198752797,44.392034440281776
84.44261987527969,32.66162778616184
84.46261987527969,33.95338065878358
84.48261987527968,19.406606139241305
84.50261987527969,22.874536545795895
84.52261987527969,42.53622341096445
84.54261987527968,49.32265658057091
84.5626198752797,25.716484586922753
84.58261987527969,38.652053824037445
84.60261987527969,33.84545682959229
84.62261987527968,30.747894994349725
84.64261987527968,50.48074180263985
84.66261987527969,27.437092643162163
84.68261987527968,44.3841832563523
84.70261987527968,35.79922810311882
84.72261987527969,31.824030002809593
84.74261987527969,45.72101348131909
84.76261987527968,34.91009547407984
84.78261987527968,31.05237412750559
84.80261987527967,45.8189602747592
84.82261987527968,44.525040366141255
84.84261987527968,44.059920472286194
84.86261987527968,0.0
84.88261987527969,36.45776276411821
84.90261987527968,34.185008218569685
84.92261987527968,31.72303361194139
84.94261987527968,38.17728242504561
84.96261987527967,34.69286479431654
84.98261987527968,38.8731702617865
85.00261987527968,29.42326804938803
85.02261987527967,47.09247247022257
85.04261987527968,39.90787811474632
85.06261987527968,37.55146210173976
85.08261987527968,37.07099848824618
85.10261987527967,43.714499119740175
85.12261987527967,42.36629373088308
85.14261987527968,31.02941504996945
85.16261987527967,42.06794900886181
85.18261987527967,33.91306709167815
85.20261987527968,51.349501956490286
85.22261987527968,43.16519134598263
85.24261987527967,25.939489071943157
85.26261987527967,55.51034798638372
85.28261987527966,11.190491362858637
85.30261987527967,38.59207554118747
85.32261987527967,25.263683016986295
85.34261987527967,51.05557717467964
85.36261987527968,34.76944255137542
85.38261987527967,24.311024626410443
85.40261987527967,29.59161923678265
85.42261987527966,25.12482854133745
85.44261987527966,29.213939783134496
85.46261987527967,28.99278950714686
85.48261987527967,24.7752527171691
85.50261987527966,34.99498488366988
85.52261987527967,36.21411337572525
85.54261987527967,22.346322397515657
85.56261987527967,15.734202827937636
85.58261987527966,35.43394869217121
85.60261987527966,37.651072943103976
85.62261987527967,39.64150784645814
85.64261987527966,37.85854635622603
85.66261987527966,48.0814221144223
85.68261987527967,42.33237453131747
85.70261987527967,59.16740840418308
85.72261987527966,63.38301864436379
85.74261987527966,14.802930478522569
85.76261987527965,10.419969149448079
85.78261987527966,32.32483100308016
85.80261987527966,37.44844619802714
85.82261987527966,31.654639109840502
85.84261987527967,39.45665032923714
85.86261987527966,29.72577113664599
85.88261987527966,25.496019616817023
85.90261987527965,27.013943336314227
85.92261987527965,30.448482236796146
85.94261987527966,40.89259265463921
85.96261987527966,27.5973548132336
85.98261987527965,29.582356581132135
86.00261987527966,38.181483131031364
86.02261987527966,30.49861103066403
86.04261987527966,43.66093004872539
86.06261987527965,23.306000962121896
86.08261987527965,21.144653653512027
86.10261987527966,35.56179866901606
86.12261987527965,36.565599224625714
86.14261987527965,23.880315082306225
86.16261987527966,45.973048591163014
86.18261987527966,51.79363634952366
86.20261987527965,26.272888902159824
86.22261987527965,47.43158962709635
86.24261987527964,8.744402125155823
86.26261987527965,43.33397651960264
86.28261987527965,24.002345196028287
86.30261987527965,42.34780781533506
86.32261987527966,22.981418243570197
86.34261987527965,31.916388869455467
86.36261987527965,24.507183353826864
86.38261987527964,30.476596421784077
86.40261987527964,50.92169673203985
86.42261987527965,31.550120468666517
86.44261987527965,53.73954560045324
86.46261987527964,28.785423597615164
86.48261987527965,47.56820500077052
86.50261987527965,16.40062954463055
86.52261987527964,29.799451582047524
86.54261987527964,27.310417673810033
86.56261987527964,48.055537777611974
86.58261987527965,34.53792271013147
86.60261987527964,11.811545057220624
86.62261987527964,19.59801092045196
86.64261987527965,22.579604484256325
86.66261987527965,42.0536382122402
86.68261987527964,40.77010716982075
86.70261987527964,29.722923821254604
86.72261987527963,27.248694774194526
86.74261987527964,39.90453840673142
86.76261987527964,21.45227707661899
86.78261987527964,37.33103848451911
86.80261987527965,36.48635806571777
86.82261987527964,30.022100232855568
86.84261987527964,36.751582541612535
86.86261987527963,33.80254179730676
86.88261987527963,37.76257722398175
86.90261987527964,19.45413182263482
86.92261987527964,38.946935951647845
86.94261987527963,43.07467927498865
86.96261987527964,36.0249186007015
86.98261987527964,38.83428988838695
87.00261987527963,31.729653742982475
87.02261987527963,41.74887666041324
87.04261987527963,33.494714887311716
87.06261987527964,21.36951190869008
87.08261987527963,41.05775591078131
87.10261987527963,16.52079000560182
87.12261987527964,35.69669651937333
87.14261987527964,29.033305636001565
87.16261987527963,28.40090015070284
87.18261987527963,34.60865709674426
87.20261987527962,25.8024880646772
87.22261987527963,38.02401890237428
87.24261987527963,33.47650227567202
87.26261987527963,26.742162011088887
87.28261987527964,46.3034511761536
87.30261987527963,34.97602389123576
87.32261987527963,39.242737784489236
87.34261987527962,47.10713474406042
87.36261987527962,46.94954013024704
87.38261987527963,38.7521049458473
87.40261987527963,29.93415233147663
87.42261987527962,18.67016868734357
87.44261987527963,35.040574063083085
87.46261987527963,43.92595897406809
87.48261987527962,36.52970101711669
87.50261987527962,0.0
87.52261987527962,41.70001308580338
87.54261987527963,42.3207847678094
87.56261987527962,29.999961165879228
87.58261987527962,42.90217792715098
87.60261987527963,39.30458156624461
87.62261987527963,26.176213911278868
87.64261987527962,45.75063556006199
87.66261987527962,20.369185870544936
87.68261987527961,32.477827222842905
87.70261987527962,31.486557753046093
87.72261987527962,24.808494410358563
87.74261987527962,36.10709775222951
87.76261987527963,46.17911929508036
87.78261987527962,45.55910830982552
87.80261987527962,40.32457908691321
87.82261987527961,16.1349472635959
87.84261987527961,19.740872749389865
87.86261987527962,34.76829840263662
87.88261987527962,32.770456250528596
87.90261987527961,28.138195840457982
87.92261987527962,52.17840153019682
87.94261987527962,34.18993450209908
87.96261987527961,38.56161176000177
87.98261987527961,43.022562486719124
88.0026198752796,33.699335443037356
88.02261987527962,59.066487822986936
88.04261987527961,23.75824623409798
88.06261987527961,27.10734437974931
88.08261987527962,23.745882010380793
88.10261987527961,48.80678885494372
88.12261987527961,41.20711940197479
88.1426198752796,27.750784062109908
88.1626198752796,24.559569818416165
88.18261987527961,47.05325679062327
88.20261987527961,36.82723498142251
88.2226198752796,47.32053137330949
88.24261987527962,32.620839843024214
88.26261987527961,38.34365603239075
88.28261987527961,36.236536600204765
88.3026198752796,26.999091715236734
88.3226198752796,31.80469624264436
88.34261987527961,21.409024909128
88.3626198752796,38.19903484949052
88.3826198752796,40.876350063666685
88.40261987527961,43.17135830628246
88.42261987527961,39.94106664823361
88.4426198752796,31.99937545829678
88.4626198752796,48.8070300656898
88.4826198752796,42.21624295791224
88.5026198752796,47.184443226337336
88.5226198752796,47.81765703645488
88.5426198752796,32.054590862920435
88.56261987527961,37.195167040864185
88.5826198752796,41.06779698403949
88.6026198752796,21.83648756156415
88.6226198752796,22.063921601229637
88.64261987527959,20.346272343030847
88.6626198752796,32.26411097522514
88.6826198752796,30.01765189488705
88.7026198752796,18.999814389458958
88.7226198752796,34.855788683363
88.7426198752796,32.41169051149361
88.7626198752796,45.195942179827654
88.7826198752796,53.5089795887265
88.80261987527959,37.949328027700226
88.8226198752796,26.4241427337638
88.8426198752796,39.86330253241259
88.86261987527959,33.49468628127983
88.8826198752796,31.005990267015534
88.9026198752796,24.79680480744959
88.9226198752796,28.776176289181016
88.94261987527959,31.646014668661643
88.96261987527959,41.47042423104287
88.9826198752796,38.54523905962424
89.00261987527959,51.69625503937048
89.02261987527959,40.18937210172195
89.0426198752796,37.69442575096837
89.0626198752796,30.39464537194139
89.08261987527959,23.087779099111366
89.10261987527959,27.768921749936524
89.12261987527958,26.474904142140634
89.14261987527959,7.8696445325957
89.16261987527959,23.39780415968241
89.18261987527958,49.511616194480524
89.2026198752796,37.18090461825872
89.22261987527959,29.735035146117404
89.24261987527959,37.49043042555527
89.26261987527958,13.97693273580592
89.28261987527958,36.3372882217326
89.30261987527959,46.29655401839746
89.32261987527959,32.315779502425514
89.34261987527958,15.812338544625018
89.36261987527959,29.398110531377494
89.38261987527959,46.33540513013494
89.40261987527958,36.13433827048383
89.42261987527958,19.370184485773116
89.44261987527958,57.234808159736986
89.46261987527959,21.025649332649508
89.48261987527958,31.139693990245064
89.50261987527958,23.20027228630171
89.52261987527959,23.219291796436444
89.54261987527958,29.06296759843939
89.56261987527958,39.951134313143314
89.58261987527958,46.50008826568225
89.60261987527957,29.738220323152156
89.62261987527958,23.503581854115335
89.64261987527958,38.39651302889404
89.66261987527957,38.694845223144796
89.68261987527958,36.02404945758784
89.70261987527958,36.382747987418234
89.72261987527958,32.50473623079838
89.74261987527957,34.61694714679046
89.76261987527957,31.82395228466595
89.78261987527958,44.34791286521374
89.80261987527958,55.93506967174628
89.82261987527957,35.451992289177795
89.84261987527958,33.59471142908926
89.86261987527958,36.22400772342046
89.88261987527957,27.09112322720105
89.90261987527957,41.32505912320704
89.92261987527957,38.091960674555196
89.94261987527958,29.480402663247908
89.96261987527957,42.71066807429811
