two_theta_deg,intensity
20.018994002961207,28.59228631029729
20.038994002961207,43.459356798579805
20.058994002961207,25.16710640358389
20.078994002961206,31.45773479811259
20.098994002961206,32.44052680437729
20.118994002961205,16.616649549226892
20.138994002961205,32.09108433334679
20.158994002961204,13.046765810082787
20.178994002961204,20.72997494697642
20.198994002961204,37.744530560341246
20.218994002961203,30.55593485928148
20.238994002961203,23.94465114850118
20.258994002961202,31.455082909775555
20.278994002961202,26.3905798953753
20.2989940029612,27.118303278988925
20.3189940029612,33.561705614890656
20.3389940029612,19.72083124576331
20.3589940029612,27.398847227823822
20.3789940029612,23.873761964238163
20.3989940029612,11.141357123322244
20.4189940029612,17.793766489769343
20.4389940029612,42.68130793271903
20.458994002961198,30.847382247633874
20.478994002961198,13.765157960390818
20.498994002961197,11.598375324544255
20.518994002961197,25.881144429663017
20.538994002961196,42.61549935254561
20.558994002961196,25.13688950821343
20.578994002961196,40.07528947446853
20.598994002961195,30.525410984750824
20.618994002961195,31.719403446430917
20.638994002961194,13.650475624951456
20.658994002961194,36.38367804752109
20.678994002961193,23.659882834736884
20.698994002961193,35.64086838991465
20.718994002961193,18.868970952658408
20.738994002961192,28.781877442250334
20.75899400296119,30.532112980651345
20.77899400296119,25.472436032744916
20.79899400296119,31.0588931733491
20.81899400296119,24.350128824990566
20.83899400296119,20.52414667510199
20.85899400296119,43.0702089599895
20.87899400296119,37.50552102393826
20.89899400296119,19.407948443695997
20.91899400296119,32.70162879343684
20.938994002961188,19.590973347168255
20.958994002961187,15.171477931576849
20.978994002961187,37.35696757753452
20.998994002961187,9.978412027770869
21.018994002961186,36.2884888701351
21.038994002961186,24.493214392295535
21.058994002961185,24.905465608554
21.078994002961185,31.11892429878506
21.098994002961184,32.83386703176822
21.118994002961184,18.758900303149666
21.138994002961184,34.20002767318873
21.158994002961183,28.156902839160644
21.178994002961183,14.463061766791895
21.198994002961182,25.325263463992755
21.218994002961182,40.83718343189959
21.23899400296118,43.79071261197599
21.25899400296118,34.198606940027005
21.27899400296118,15.12203160245209
21.29899400296118,31.931866019264266
21.31899400296118,35.5347229388784
21.33899400296118,34.283497038741544
21.35899400296118,34.87624980210116
21.37899400296118,30.65961382651553
21.398994002961178,26.3031221784922
21.418994002961178,20.94381955928032
21.438994002961177,8.048374708457896
21.458994002961177,30.424369364289934
21.478994002961176,28.888688370832526
21.498994002961176,32.60411303816078
21.518994002961175,13.653098796048212
21.538994002961175,33.4788701897073
21.558994002961175,47.57430826394909
21.578994002961174,27.813499105437867
21.598994002961174,26.412471549408924
21.618994002961173,30.119261715247983
21.638994002961173,47.35270828875259
21.658994002961172,16.792946791528223
21.678994002961172,29.061566594279427
21.69899400296117,19.032982379465697
21.71899400296117,21.55955523177318
21.73899400296117,26.533731700292186
21.75899400296117,40.502886040708795
21.77899400296117,45.03956498899859
21.79899400296117,31.511072303533364
21.81899400296117,23.263682025381705
21.83899400296117,51.95698284916274
21.85899400296117,22.75400083110708
21.878994002961168,21.318124502583736
21.898994002961167,9.279977748054538
21.918994002961167,40.99023498559696
21.938994002961167,36.711672873619705
21.958994002961166,51.207156531117825
21.978994002961166,13.13373843698523
21.998994002961165,41.61053739825171
22.018994002961165,27.730028452448774
22.038994002961164,35.08950596913755
22.058994002961164,10.550549515488271
22.078994002961164,41.70894287769438
22.098994002961163,34.893082494080545
22.118994002961163,26.638591573971276
22.138994002961162,33.47858235704141
22.158994002961162,19.37225265234232
22.17899400296116,21.232541619269796
22.19899400296116,22.39221978742881
22.21899400296116,8.49909739797372
22.23899400296116,35.6436576970625
22.25899400296116,38.94169229236338
22.27899400296116,20.011984710199734
22.29899400296116,30.507113092850396
22.31899400296116,24.369321587446613
22.338994002961158,30.30709603620488
22.358994002961158,20.7482007728418
22.378994002961157,18.189325088155265
22.398994002961157,37.54391567452764
22.418994002961156,26.38403783617691
22.438994002961156,47.243396783692155
22.458994002961155,27.48495723220612
22.478994002961155,17.76061421804357
22.498994002961155,39.29032715820966
22.518994002961154,33.32843054950867
22.538994002961154,34.288654808022564
22.558994002961153,38.925416978511066
22.578994002961153,20.490918032900034
22.598994002961152,25.74580543280934
22.618994002961152,25.303284535929016
22.63899400296115,14.109748593735086
22.65899400296115,24.380730364468537
22.67899400296115,40.37983114622679
22.69899400296115,29.388809112261626
22.71899400296115,13.554193115440732
22.73899400296115,11.455777416794003
22.75899400296115,43.66128408778316
22.77899400296115,26.109672199266225
22.798994002961148,20.538085888370638
22.818994002961148,24.271582789467043
22.838994002961147,12.237722245260285
22.858994002961147,41.24103749799441
22.878994002961146,23.078829713448883
22.898994002961146,40.68263433268549
22.918994002961146,27.524383052938834
22.938994002961145,41.302419402134454
22.958994002961145,29.573265297369268
22.978994002961144,35.53785449634193
22.998994002961144,34.19565280722847
23.018994002961144,33.23681441333302
23.038994002961143,30.482416860712355
23.058994002961143,24.673720207270783
23.078994002961142,46.15571651306804
23.098994002961142,17.931128932602952
23.11899400296114,27.04269135850024
23.13899400296114,27.14757681194615
23.15899400296114,31.022215699448694
23.17899400296114,22.70215880263652
23.19899400296114,30.143412410589416
23.21899400296114,25.306574601475134
23.23899400296114,11.174513391827688
23.25899400296114,27.088586563595133
23.278994002961138,15.986422535926746
23.298994002961138,9.647217445621994
23.318994002961137,28.358794527904294
23.338994002961137,31.867868047493765
23.358994002961136,32.25497541842721
23.378994002961136,32.65864950990085
23.398994002961135,7.659986753338703
23.418994002961135,13.374629295944656
23.438994002961135,46.718921653215325
23.458994002961134,16.510515500739164
23.478994002961134,33.089896344301685
23.498994002961133,20.110979871354495
23.518994002961133,27.775940668113943
23.538994002961132,20.645515581204904
23.558994002961132,32.5923006284828
23.57899400296113,28.343448892443273
23.59899400296113,22.491615787305406
23.61899400296113,16.47158530776638
23.63899400296113,29.649828645587014
23.65899400296113,14.843666040531081
23.67899400296113,31.244419015646656
23.69899400296113,53.233199460489864
23.71899400296113,40.46877987967551
23.738994002961128,34.14927446326959
23.758994002961128,26.1084260836487
23.778994002961127,7.5756635063738
23.798994002961127,13.73900379056522
23.818994002961126,39.78846155078918
23.838994002961126,19.06162470500942
23.858994002961126,19.965304326710697
23.878994002961125,25.29994764853753
23.898994002961125,16.334604218240585
23.918994002961124,14.685981176224411
23.938994002961124,26.447516832107127
23.958994002961123,18.035539384002377
23.978994002961123,19.539211845866085
23.998994002961123,19.136038446793407
24.018994002961122,32.1700892724731
24.03899400296112,24.623756025911785
24.05899400296112,25.157806429186323
24.07899400296112,32.911485648681364
24.09899400296112,25.520118560659625
24.11899400296112,24.15645233549825
24.13899400296112,31.641956372327723
24.15899400296112,33.617881478059
24.17899400296112,25.46360571241444
24.19899400296112,27.738843577779992
24.218994002961118,19.11327609730252
24.238994002961118,18.32274800500337
24.258994002961117,34.61944097728122
24.278994002961117,31.375761593010225
24.298994002961116,31.47768786073639
24.318994002961116,29.731596981992375
24.338994002961115,27.38342379035195
24.358994002961115,33.88383500736761
24.378994002961115,36.26911631598564
24.398994002961114,36.02860891420532
24.418994002961114,25.90683741958049
24.438994002961113,40.782819165382634
24.458994002961113,29.19576155173017
24.478994002961112,33.23316711941736
24.498994002961112,29.728522163115706
24.51899400296111,29.375936002721115
24.53899400296111,19.546562321077825
24.55899400296111,33.91579153583872
24.57899400296111,55.353415673937064
24.59899400296111,23.150697203678117
24.61899400296111,27.606758997416367
24.63899400296111,22.43291076680771
24.65899400296111,22.01290364799003
24.678994002961108,42.33572439506504
24.698994002961108,20.15963409457097
24.718994002961107,22.14664191464028
24.738994002961107,11.010608516766867
24.758994002961106,19.30749735461191
24.778994002961106,9.797681267528802
24.798994002961106,33.19778054821175
24.818994002961105,54.87474690646091
24.838994002961105,23.20901566753998
24.858994002961104,10.206240985093029
24.878994002961104,35.87182147630044
24.898994002961103,19.600567576865295
24.918994002961103,39.861266634154504
24.938994002961103,24.045474852626565
24.958994002961102,20.545564292259787
24.9789940029611,25.082089340080728
24.9989940029611,34.437364094505334
25.0189940029611,24.583309649649774
25.0389940029611,21.88817629712397
25.0589940029611,24.86500257028723
25.0789940029611,14.132649948644254
25.0989940029611,30.819388940167876
25.1189940029611,8.979666043820856
25.1389940029611,22.40356445662619
25.158994002961098,34.43646607110572
25.178994002961097,29.870919770717464
25.198994002961097,32.74145361752414
25.218994002961097,26.185590106056292
25.238994002961096,38.53129559966749
25.258994002961096,36.07860073676487
25.278994002961095,31.290781825221185
25.298994002961095,36.10258061574961
25.318994002961094,34.32909750451456
25.338994002961094,22.427954014705158
25.358994002961094,13.381315300655553
25.378994002961093,31.021629038991556
25.398994002961093,32.27659155741273
25.418994002961092,37.71809874652206
25.438994002961092,17.44783380022741
25.45899400296109,17.744391814992763
25.47899400296109,31.40534908153331
25.49899400296109,26.092308706323085
25.51899400296109,7.943982843380994
25.53899400296109,30.550289130878156
25.55899400296109,8.272575089894811
25.57899400296109,17.341823681934102
25.59899400296109,40.30877611685183
25.618994002961088,45.038313992900896
25.638994002961088,14.630509808014567
25.658994002961087,23.49069606019914
25.678994002961087,27.208362882787107
25.698994002961086,44.59192143399892
25.718994002961086,21.84846548709136
25.738994002961086,22.00580585561586
25.758994002961085,42.259381117176325
25.778994002961085,23.021701790507073
25.798994002961084,33.98906654362855
25.818994002961084,11.993064302868227
25.838994002961083,25.04959938950615
25.858994002961083,10.16337971269709
25.878994002961083,16.202419953749352
25.898994002961082,35.14616939673874
25.91899400296108,26.25248844360624
25.93899400296108,23.557859898363684
25.95899400296108,19.258784466514484
25.97899400296108,24.537071842230656
25.99899400296108,29.752104592771314
26.01899400296108,36.56746382524744
26.03899400296108,0.48415226324723193
26.05899400296108,18.41531322289996
26.07899400296108,28.32118177949756
26.098994002961078,25.738871133901853
26.118994002961077,30.758536211649897
26.138994002961077,29.397436710581584
26.158994002961077,23.670603865557315
26.178994002961076,21.447987778235117
26.198994002961076,24.25873069303741
26.218994002961075,38.19838356383692
26.238994002961075,19.388083847994103
26.258994002961074,26.0772877066028
26.278994002961074,28.535957501923246
26.298994002961074,42.303213760873575
26.318994002961073,23.693779669668277
26.338994002961073,36.28207530520645
26.358994002961072,39.01093798745749
26.378994002961072,26.0507252447695
26.39899400296107,24.57819078747996
26.41899400296107,23.39194529861581
26.43899400296107,24.12134088840841
26.45899400296107,35.21904983286301
26.47899400296107,28.983818794103883
26.49899400296107,29.023672719595705
26.51899400296107,15.415585956072768
26.53899400296107,16.98995455748141
26.558994002961068,48.096346703548406
26.578994002961068,24.880633194443433
26.598994002961067,18.90817136396089
26.618994002961067,40.96387274280053
26.638994002961066,29.46794524957236
26.658994002961066,32.42837652982567
26.678994002961065,25.263313143401962
26.698994002961065,23.453998476088938
26.718994002961065,24.941800107166927
26.738994002961064,12.807205558150537
26.758994002961064,25.752225588750512
26.778994002961063,29.588731882136223
26.798994002961063,45.12992390001871
26.818994002961063,27.4821616968082
26.838994002961062,3.2772691593552743
26.85899400296106,25.67604285209587
26.87899400296106,54.00778518757481
26.89899400296106,35.27324197527252
26.91899400296106,18.49751506299239
26.93899400296106,32.51428364214113
26.95899400296106,19.17988738120213
26.97899400296106,13.058738716837357
26.99899400296106,23.109901726579917
27.01899400296106,27.505630376828243
27.038994002961058,7.865570779054984
27.058994002961057,15.09228192493828
27.078994002961057,26.683968711656288
27.098994002961057,22.49560880663968
27.118994002961056,30.52217001652086
27.138994002961056,14.424080037015042
27.158994002961055,33.70859608188987
27.178994002961055,14.726552207961946
27.198994002961054,42.98816009086309
27.218994002961054,9.399897446137132
27.238994002961054,15.628590144854673
27.258994002961053,30.724482792964587
27.278994002961053,43.18973856165273
27.298994002961052,29.69445707685378
27.318994002961052,32.169215986459946
27.33899400296105,26.71260528521086
27.35899400296105,16.26984064107427
27.37899400296105,21.629020058510843
27.39899400296105,14.407874159762905
27.41899400296105,13.736428975559978
27.43899400296105,30.5375646304798
27.45899400296105,15.284831905704802
27.47899400296105,29.70867760364552
27.498994002961048,13.491425359759903
27.518994002961048,29.46998797966404
27.538994002961047,21.61582655162329
27.558994002961047,40.56529162203974
27.578994002961046,29.73279888245039
27.598994002961046,38.84990210992465
27.618994002961045,18.932058896631702
27.638994002961045,27.046401987211258
27.658994002961045,16.670529185915758
27.678994002961044,22.341770195832456
27.698994002961044,23.85319194141243
27.718994002961043,19.212053212476885
27.738994002961043,14.311997801840434
27.758994002961042,12.328233860760141
27.778994002961042,3.0622963988513057
27.79899400296104,15.892673146816247
27.81899400296104,32.72742675744779
27.83899400296104,10.463842278122414
27.85899400296104,12.763928757618237
27.87899400296104,44.350462384497675
27.89899400296104,20.072825471603693
27.91899400296104,29.64454522136029
27.93899400296104,32.85354563188623
27.958994002961038,33.05191439527086
27.978994002961038,11.199779631253534
27.998994002961037,24.10858390343447
28.018994002961037,10.233156713507732
28.038994002961037,50.874846661200024
28.058994002961036,10.459144068492503
28.078994002961036,15.925713145680135
28.098994002961035,15.994315416930617
28.118994002961035,11.429917850408819
28.138994002961034,39.91865040493451
28.158994002961034,50.61336906151745
28.178994002961034,21.627567670621925
28.198994002961033,13.176986294319489
28.218994002961033,4.008111776694044
28.238994002961032,23.93241869835185
28.258994002961032,23.205980906285202
28.27899400296103,19.85279327964075
28.29899400296103,28.5756166556978
28.31899400296103,30.30969530049677
28.33899400296103,29.58488640822992
28.35899400296103,23.188885282194462
28.37899400296103,15.329986112128495
28.39899400296103,33.00059604136451
28.41899400296103,26.46345357887153
28.438994002961028,35.21793243681945
28.458994002961028,34.23114418602204
28.478994002961027,12.108789819244558
28.498994002961027,11.980200585750932
28.518994002961026,18.76301797236111
28.538994002961026,15.751763941787043
28.558994002961025,33.86291903155644
28.578994002961025,29.81947167766389
28.598994002961025,37.29417891725456
28.618994002961024,30.263161647521308
28.638994002961024,28.380734235343496
28.658994002961023,38.28747162925579
28.678994002961023,30.983373115221546
28.698994002961022,26.96302574403042
28.718994002961022,41.082453357366376
28.73899400296102,27.425629291543082
28.75899400296102,23.22630240329252
28.77899400296102,17.887354424630516
28.79899400296102,33.29171074727909
28.81899400296102,38.62782132118048
28.83899400296102,25.74729225292142
28.85899400296102,39.32816350520546
28.87899400296102,6.54468860060242
28.898994002961018,25.686127495044182
28.918994002961018,25.835525131938383
28.938994002961017,18.962334243009025
28.958994002961017,50.06668278245321
28.978994002961016,25.561931249988778
28.998994002961016,22.142325791027275
29.018994002961016,26.47502134484427
29.038994002961015,6.183020319245635
29.058994002961015,18.608226752946894
29.078994002961014,36.03504482800541
29.098994002961014,19.908921554033476
29.118994002961013,17.90534430523963
29.138994002961013,39.28506400578088
29.158994002961013,39.58805425253059
29.178994002961012,31.351108479472785
29.19899400296101,21.625714862315427
29.21899400296101,23.777852943914453
29.23899400296101,18.12673033680691
29.25899400296101,16.21615610244553
29.27899400296101,15.715370750138288
29.29899400296101,19.97463092381982
29.31899400296101,15.803595478900835
29.33899400296101,10.50937564771362
29.35899400296101,28.33606604911964
29.378994002961008,28.48359876773207
29.398994002961008,43.14116525684737
29.418994002961007,19.44543982712554
29.438994002961007,29.085406387172593
29.458994002961006,29.247094423955915
29.478994002961006,23.577152338087533
29.498994002961005,33.55441435073232
29.518994002961005,33.85891205930837
29.538994002961005,29.376264101954906
29.558994002961004,23.54128030825644
29.578994002961004,22.517891749508845
29.598994002961003,12.411160608980879
29.618994002961003,18.025019876286073
29.638994002961002,19.859611810632803
29.658994002961002,14.835450152302231
29.678994002961,30.46987952828939
29.698994002961,38.0323820121014
29.718994002961,16.98093385391779
29.738994002961,28.891418801974037
29.758994002961,15.71133074709413
29.778994002961,22.998649579636986
29.798994002961,19.139996110914396
29.818994002961,32.05766048772235
29.838994002960998,19.2462258658039
29.858994002960998,36.146106865785185
29.878994002960997,23.567681656861915
29.898994002960997,19.524230520943313
29.918994002960996,13.482584793884058
29.938994002960996,28.54304391618681
29.958994002960996,34.95853584528687
29.978994002960995,28.73490903054355
29.998994002960995,48.385349422313865
30.018994002960994,40.29023524522401
30.038994002960994,22.912402723588688
30.058994002960993,22.8027173893725
30.078994002960993,30.675262004005965
30.098994002960993,17.59339783023227
30.118994002960992,37.63175928740358
30.13899400296099,29.580159809005455
30.15899400296099,28.524013867218315
30.17899400296099,32.824223422670975
30.19899400296099,43.17823940196638
30.21899400296099,27.65473976918635
30.23899400296099,24.810020092117487
30.25899400296099,41.02284948084625
30.27899400296099,35.60637876639713
30.29899400296099,22.716289492419605
30.318994002960988,25.97315762237579
30.338994002960987,27.87029950333438
30.358994002960987,29.529808985685694
30.378994002960987,12.340862232381777
30.398994002960986,10.477187891283041
30.418994002960986,17.02329902115175
30.438994002960985,16.244972146277796
30.458994002960985,19.4492658542258
30.478994002960984,32.22975393378454
30.498994002960984,24.188489588996184
30.518994002960984,27.836852981203144
30.538994002960983,13.624990768130008
30.558994002960983,21.246712954505043
30.578994002960982,31.730813913173847
30.598994002960982,31.802856405513722
30.61899400296098,18.60268030507806
30.63899400296098,27.460121468358718
30.65899400296098,47.827047430612105
30.67899400296098,25.65765318732396
30.69899400296098,18.896818914681226
30.71899400296098,24.08611271013237
30.73899400296098,26.740548257404022
30.75899400296098,24.302126323677065
30.778994002960978,25.495288461682474
30.798994002960978,11.369385245736153
30.818994002960977,16.17255863908936
30.838994002960977,24.300513641681658
30.858994002960976,24.136181401660632
30.878994002960976,20.121955929272037
30.898994002960976,24.008692899072344
30.918994002960975,26.38394992142084
30.938994002960975,34.662901084964034
30.958994002960974,24.771606884437436
30.978994002960974,29.749706590760695
30.998994002960973,20.33761442820273
31.018994002960973,31.469510206577123
31.038994002960973,29.500784117676353
31.058994002960972,34.39657200686555
31.07899400296097,32.86792011524522
31.09899400296097,31.6155779372479
31.11899400296097,24.738946561102786
31.13899400296097,28.167404598702635
31.15899400296097,36.347986054429114
31.17899400296097,19.187028298385798
31.19899400296097,19.418566228574427
31.21899400296097,27.511820838611
31.23899400296097,29.845159445586596
31.258994002960968,17.4461460942224
31.278994002960967,24.934426876630592
31.298994002960967,24.736899092232843
31.318994002960967,3.5189129220034303
31.338994002960966,23.470594368652733
31.358994002960966,24.088169075586546
31.378994002960965,24.05322409826406
31.398994002960965,39.81009539426514
31.418994002960964,13.487761804979503
31.438994002960964,17.39430425919734
31.458994002960964,0.0
31.478994002960963,20.82091287083465
31.498994002960963,21.668408411613523
31.518994002960962,20.519829729707947
31.538994002960962,36.69112556806253
31.55899400296096,34.21527123690341
31.57899400296096,26.382400276806102
31.59899400296096,21.892432719799093
31.61899400296096,35.855183377990194
31.63899400296096,25.390424781158735
31.65899400296096,17.400012934031654
31.67899400296096,8.414929773423129
31.69899400296096,21.15896813598648
31.718994002960958,33.11323909525373
31.738994002960958,48.326873009758515
31.758994002960957,26.172266129562463
31.778994002960957,17.89727745268776
31.798994002960956,13.695843860516051
31.818994002960956,31.05970166950547
31.838994002960955,7.8886423897198625
31.858994002960955,31.032897599162364
31.878994002960955,33.70119980416564
31.898994002960954,29.881508935612644
31.918994002960954,23.316721871440727
31.938994002960953,31.157362860119942
31.958994002960953,27.211951336549763
31.978994002960953,17.71593409458945
31.998994002960952,43.99589423272984
32.01899400296095,21.969569337073967
32.03899400296095,33.238471910870544
32.05899400296095,1.2893855221944577
32.078994002960954,38.23481030994154
32.09899400296095,40.152305772489385
32.118994002960946,25.757566772499594
32.13899400296095,31.04149357604382
32.15899400296095,31.033483145000694
32.17899400296095,19.015037526302187
32.198994002960944,30.90863198512967
32.21899400296095,17.345633775014164
32.23899400296095,19.338892636017796
32.25899400296095,36.69041057982161
32.27899400296094,35.16206722720976
32.298994002960946,18.34624038964278
32.31899400296095,18.068731005286303
32.338994002960945,18.94302140495506
32.35899400296094,32.71987006401363
32.378994002960944,15.388107562543079
32.39899400296095,28.949556754642476
32.41899400296094,32.845367507512165
32.43899400296094,24.4889079992942
32.45899400296094,35.46645665703598
32.478994002960945,22.31716928570807
32.49899400296094,23.216160389912556
32.51899400296094,15.576693655790192
32.53899400296094,35.51536317958042
32.558994002960944,17.672813159889223
32.57899400296094,28.83015794419156
32.598994002960936,24.613695465257752
32.61899400296094,14.793436128055333
32.63899400296094,19.22464021785393
32.65899400296094,39.138793238767505
32.678994002960934,27.32103978344917
32.69899400296094,15.207348789780461
32.71899400296094,28.346517282025506
32.738994002960936,23.826470677588564
32.75899400296093,59.82244600205313
32.778994002960935,28.1275858013849
32.79899400296094,21.46445876913016
32.818994002960935,39.46534073419987
32.83899400296093,6.849048685876792
32.858994002960934,26.196955232287362
32.87899400296094,45.19237645342155
32.89899400296093,24.0804310508948
32.91899400296093,7.903740406939061
32.93899400296093,21.271892760601375
32.958994002960935,39.77056897927423
32.97899400296093,28.980395332901086
32.99899400296093,16.825443730969575
33.01899400296093,18.3558768884715
33.03899400296093,19.605597082084707
33.05899400296093,28.808868188001256
33.078994002960926,38.573134972701524
33.09899400296093,35.70968283056817
33.11899400296093,29.73984836778402
33.13899400296093,11.857547596550525
33.158994002960924,11.888933535415886
33.17899400296093,30.495037214995524
33.19899400296093,11.702059221823827
33.218994002960926,22.89534808106779
33.23899400296092,28.186765758055916
33.258994002960925,13.763559282394036
33.27899400296093,14.891108789206799
33.298994002960924,24.186749362414773
33.31899400296092,30.158685758743268
33.33899400296092,35.73158848476544
33.35899400296093,31.181148068790836
33.37899400296092,25.841387676427743
33.39899400296092,17.637077282963233
33.41899400296092,14.38415306038199
33.438994002960925,19.97864546576635
33.45899400296092,29.180960680716517
33.47899400296092,28.44202555235832
33.49899400296092,4.070947479040811
33.51899400296092,17.207371120582657
33.53899400296092,37.1033862247821
33.558994002960915,25.844625752473917
33.57899400296092,10.876545991128866
33.59899400296092,48.59900208965885
33.61899400296092,24.745523427631962
33.638994002960914,28.87242616840384
33.65899400296092,29.01847532941629
33.67899400296092,21.341409692093304
33.698994002960916,17.7357595330893
33.71899400296091,46.22237363430415
33.738994002960915,35.03180536876539
33.75899400296092,33.21323705110031
33.778994002960914,30.75087082499724
33.79899400296091,14.94891439428173
33.81899400296091,37.751495149584954
33.838994002960916,16.5389671524793
33.85899400296091,27.797257802591815
33.87899400296091,8.564582464957521
33.89899400296091,4.543980343642659
33.918994002960915,28.12956386114007
33.93899400296091,16.84973782311904
33.95899400296091,5.043129140526428
33.97899400296091,30.33496996138846
33.99899400296091,46.123748462859204
34.01899400296091,38.81260492263999
34.038994002960905,22.337880854776298
34.05899400296091,24.99356595316458
34.07899400296091,33.776224463039306
34.09899400296091,36.11448695488332
34.1189940029609,21.451890304037974
34.13899400296091,25.223061281837108
34.15899400296091,27.881464743189284
34.178994002960906,30.408108370072746
34.1989940029609,23.5326052018433
34.218994002960905,23.65653761102537
34.23899400296091,38.6497298062643
34.258994002960904,36.940626009584165
34.2789940029609,29.61353324756591
34.2989940029609,42.024522815297416
34.318994002960906,20.962975190689864
34.3389940029609,41.05116411537683
34.3589940029609,30.24057702104167
34.3789940029609,57.51967292715112
34.398994002960904,12.878577741467886
34.4189940029609,17.90392599863809
34.4389940029609,28.979334543840807
34.4589940029609,28.7576707844381
34.4789940029609,44.28069036329471
34.4989940029609,18.08952025183382
34.518994002960895,33.81641515375604
34.5389940029609,36.38581923665391
34.5589940029609,31.801623098421377
34.5789940029609,15.139133329062446
34.59899400296089,38.8206331810038
34.618994002960896,37.03023925220314
34.6389940029609,30.726776400346516
34.658994002960895,26.76834581311794
34.67899400296089,26.979883277644852
34.698994002960895,23.92537601097208
34.7189940029609,31.11451257446354
34.738994002960894,25.011933624788867
34.75899400296089,16.209255792479063
34.77899400296089,14.20250615810354
34.798994002960896,17.16197376239073
34.81899400296089,26.897569071564526
34.83899400296089,24.400595305967713
34.85899400296089,26.817495327030954
34.878994002960894,29.666089175491805
34.89899400296089,18.378645771311447
34.918994002960886,39.30235067145337
34.93899400296089,21.962531464631677
34.95899400296089,20.29925744651045
34.97899400296089,29.451274061516322
34.998994002960885,6.256190915497811
35.01899400296089,16.709826572818645
35.03899400296089,34.41977409006876
35.05899400296089,7.228698770504579
35.07899400296088,35.772528935883024
35.098994002960886,39.702018505605494
35.11899400296089,20.88996233187105
35.138994002960885,27.496503267700845
35.15899400296088,35.76310336312348
35.178994002960884,19.898194615819403
35.19899400296089,33.23769276625154
35.21899400296088,17.842297780147803
35.23899400296088,19.771608096961153
35.25899400296088,16.54810883690721
35.278994002960886,27.961785095654413
35.29899400296088,36.10884044926445
35.31899400296088,22.681854641368517
35.33899400296088,11.804323644059188
35.358994002960884,13.683575565360854
35.37899400296088,28.450463834081432
35.398994002960876,42.939456896272965
35.41899400296088,28.429363229949214
35.43899400296088,20.616965560009294
35.45899400296088,32.141585942711124
35.478994002960874,22.078572526732668
35.49899400296088,20.684516740798063
35.51899400296088,14.876585335525537
35.53899400296088,38.53946978193483
35.55899400296087,0.0
35.578994002960876,32.4211757341784
35.59899400296088,19.798931843880577
35.618994002960875,20.32676895786279
35.63899400296087,41.34712046692425
35.658994002960874,17.27644822275532
35.67899400296088,17.610855471928797
35.69899400296087,23.101390141733507
35.71899400296087,28.537589581843946
35.73899400296087,19.97433879048692
35.758994002960875,8.64808591748297
35.77899400296087,15.723469766019726
35.79899400296087,37.187564256890944
35.81899400296087,25.11576548927171
35.838994002960874,28.87264015174395
35.85899400296087,21.74132279374468
35.878994002960866,17.75432331135977
35.89899400296087,41.118758059185936
35.91899400296087,22.454906179862093
35.93899400296087,19.896885070529983
35.958994002960864,35.28576459316163
35.97899400296087,17.09449237601703
35.99899400296087,18.364575556211904
36.018994002960866,24.40806688046842
36.03899400296086,24.302050167529153
36.058994002960866,26.88920975494696
36.07899400296087,45.203532404981274
36.098994002960865,27.643067318435694
36.11899400296086,0.4937867029987473
36.138994002960864,27.531055395066637
36.15899400296087,24.640603713486264
36.17899400296086,24.690040020489604
36.19899400296086,26.70874710282252
36.21899400296086,23.9562236104601
36.238994002960865,23.710616304428303
36.25899400296086,30.360908372861118
36.27899400296086,18.803385658751164
36.29899400296086,14.741055968198737
36.318994002960864,54.449457906044316
36.33899400296086,17.046791381562308
36.358994002960856,25.200515790847177
36.37899400296086,9.236203434679682
36.39899400296086,25.35120782445171
36.41899400296086,14.84798437387175
36.438994002960854,19.74922515842661
36.45899400296086,34.618314473148295
36.47899400296086,28.881475273095646
36.498994002960856,29.83918517733131
36.51899400296085,6.43675048134989
36.538994002960855,42.51145811169195
36.55899400296086,12.217399489598884
36.578994002960854,39.41552558809297
36.59899400296085,34.33905963466882
36.618994002960854,29.890650629009098
36.63899400296086,15.561176368044862
36.65899400296085,25.620622344001198
36.67899400296085,19.3892082838019
36.69899400296085,24.38251539857491
36.718994002960855,21.587093207827937
36.73899400296085,3.693405693077377
36.75899400296085,35.29104609679119
36.77899400296085,23.255825740694178
36.79899400296085,19.212584944582304
36.81899400296085,18.451007181977072
36.838994002960845,27.63256480494744
36.85899400296085,15.104094172759611
36.87899400296085,1.48358949189549
36.89899400296085,28.10032965924751
36.918994002960844,29.213747209951944
36.93899400296085,22.02008366261205
36.95899400296085,12.531056935376736
36.978994002960846,24.893123996042533
36.99899400296084,9.352126948974105
37.018994002960845,13.718825878386586
37.03899400296085,16.477832884675376
37.058994002960844,32.41788257749696
37.07899400296084,20.3460612205994
37.09899400296084,19.487184724228182
37.11899400296085,43.50645139688285
37.13899400296084,27.477827922306837
37.15899400296084,27.336824092809227
37.17899400296084,20.24354692672856
37.198994002960845,17.970512469441847
37.21899400296084,2.063838911995063
37.23899400296084,33.60898222025003
37.25899400296084,28.398346993045962
37.27899400296084,22.11726250656606
37.29899400296084,22.5303274154379
37.318994002960835,31.25770856652684
37.33899400296084,8.342836261383853
37.35899400296084,17.98479428619666
37.37899400296084,12.514249166785165
37.39899400296083,41.58604042211546
37.41899400296084,32.621172348019726
37.43899400296084,1.831359704213476
37.458994002960836,8.714338612230843
37.47899400296083,22.522166608244625
37.498994002960835,19.114889407552685
37.51899400296084,10.589137380377974
37.538994002960834,43.274249540078785
37.55899400296083,26.945693798529085
37.57899400296083,28.562125198311826
37.598994002960836,16.88747962733095
37.61899400296083,31.024037603546667
37.63899400296083,19.99063541934862
37.65899400296083,20.9551980979319
37.678994002960835,29.892316170681443
37.69899400296083,7.485987613979557
37.71899400296083,39.73990853312591
37.73899400296083,25.587188752916344
37.75899400296083,36.56640538871941
37.77899400296083,12.996432477288726
37.798994002960825,14.512645616228802
37.81899400296083,12.118961547166254
37.83899400296083,26.23460751323371
37.85899400296083,24.385130969103173
37.87899400296082,19.074847084005512
37.898994002960826,13.571940860068645
37.91899400296083,11.04033781357046
37.938994002960825,23.21512946062829
37.95899400296082,19.03776887954791
37.978994002960825,16.8312352407373
37.99899400296083,39.15186881645206
38.018994002960824,22.85138628909694
38.03899400296082,36.368741874395454
38.05899400296082,18.32946054375514
38.078994002960826,26.1034154385179
38.09899400296082,23.09456308554878
38.11899400296082,6.666771241280358
38.13899400296082,37.92004895135467
38.158994002960824,22.278801857684435
38.17899400296082,31.08819267380355
38.198994002960816,16.097396335627813
38.21899400296082,21.962913383649646
38.23899400296082,14.936507818980827
38.25899400296082,35.958691067305764
38.278994002960815,26.706475161451895
38.29899400296082,27.25659304996693
38.31899400296082,37.161576022482315
38.33899400296082,35.13682498387887
38.35899400296081,31.220515558007403
38.378994002960816,9.34349564944178
38.39899400296082,16.59765761235147
38.418994002960815,13.509247922748695
38.43899400296081,30.817147505215942
38.458994002960814,25.242012106413526
38.47899400296082,9.624051329526678
38.49899400296081,21.63541739270736
38.51899400296081,8.575420925786645
38.53899400296081,22.978665088697287
38.558994002960816,6.950191565304472
38.57899400296081,28.78587914725753
38.59899400296081,27.270919077530845
38.61899400296081,42.56446737306845
38.638994002960814,31.9574059986978
38.65899400296081,19.243222274420773
38.678994002960806,31.646758582187296
38.69899400296081,9.483112767738003
38.71899400296081,13.828720602149426
38.73899400296081,26.77856817857427
38.758994002960804,1.8583436293652404
38.77899400296081,23.06293100974826
38.79899400296081,13.225605766426117
38.81899400296081,24.435010317002888
38.8389940029608,12.638278535246794
38.858994002960806,27.65182713595876
38.87899400296081,23.5963249622519
38.898994002960805,37.40041620008789
38.9189940029608,23.457810042550875
38.938994002960804,15.697745709777791
38.95899400296081,20.909025669605544
38.9789940029608,9.929232159851573
38.9989940029608,27.426682035890877
39.0189940029608,29.257526790502308
39.038994002960806,48.04470103550073
39.0589940029608,17.128098629471484
39.0789940029608,20.662232214432613
39.0989940029608,17.57631369419874
39.118994002960804,25.448758532014395
39.1389940029608,27.138251065337176
39.158994002960796,22.781323116800767
39.1789940029608,34.17205823405076
39.1989940029608,17.13273321867609
39.2189940029608,33.157999635677754
39.238994002960794,28.67497032634128
39.2589940029608,23.163426979678768
39.2789940029608,20.12809593837253
39.2989940029608,47.5378779020265
39.31899400296079,15.094853600503985
39.338994002960796,26.238013518209062
39.3589940029608,15.750234557031762
39.378994002960795,41.10237814985705
39.39899400296079,32.108181272019095
39.418994002960794,16.45016845511494
39.4389940029608,28.35336839937297
39.45899400296079,25.7981288843088
39.47899400296079,18.048679266134414
39.49899400296079,30.79032630326027
39.518994002960795,27.095497340774095
39.53899400296079,25.353191943886518
39.55899400296079,22.770771167331322
39.57899400296079,27.494278802788575
39.598994002960794,25.471378233937294
39.61899400296079,23.762204859534062
39.638994002960786,16.754884470591357
39.65899400296079,40.096480353042196
39.67899400296079,12.648395063498384
39.69899400296079,27.4227354968071
39.718994002960784,19.93774697831695
39.73899400296079,40.72941049427204
39.75899400296079,14.092898153938409
39.778994002960786,15.768878985738707
39.79899400296078,13.417121421467325
39.818994002960785,26.343745410717855
39.83899400296079,9.37238357183178
39.858994002960785,18.31140292821817
39.87899400296078,1.566829820285946
39.898994002960784,25.488504250675284
39.91899400296079,18.07594729270035
39.93899400296078,8.191336144879449
39.95899400296078,33.92180787369635
39.97899400296078,9.982857698436222
39.998994002960785,31.022779022211786
40.01899400296078,16.036751945744662
40.03899400296078,39.056694675046685
40.05899400296078,30.5303096653205
40.07899400296078,12.948151639495093
40.09899400296078,13.851633613223717
40.118994002960775,29.071542712274166
40.13899400296078,20.38634363793677
40.15899400296078,21.310536942817766
40.17899400296078,35.72019050440582
40.198994002960774,15.504755854966128
40.21899400296078,23.898427863387678
40.23899400296078,32.52561650476147
40.258994002960776,31.06436477498077
40.27899400296077,21.370917457720697
40.298994002960775,20.07184250774689
40.31899400296078,5.566606838572525
40.338994002960774,12.386174671411275
40.35899400296077,26.126083007467383
40.37899400296077,21.557538027923954
40.39899400296078,23.679502933189934
40.41899400296077,33.31664355118184
40.43899400296077,11.044754771232842
40.45899400296077,20.55006436880422
40.478994002960775,24.7928616993301
40.49899400296077,15.858040530914607
40.51899400296077,37.2083020772642
40.53899400296077,31.973293197865072
40.55899400296077,25.782655931294027
40.57899400296077,40.81754118980152
40.598994002960765,7.880174616457655
40.61899400296077,22.78577191996877
40.63899400296077,26.52031506373547
40.65899400296077,13.705308897198098
40.67899400296076,25.851922143891375
40.69899400296077,11.77287254069817
40.71899400296077,29.73819482891078
40.738994002960766,33.40489693220991
40.75899400296076,25.54381432654133
40.778994002960765,4.28643671094412
40.79899400296077,13.140417700671104
40.818994002960764,28.449394521997586
40.83899400296076,23.008226051705314
40.85899400296076,0.0
40.878994002960766,35.21244444572751
40.89899400296076,24.14466157805068
40.91899400296076,14.581309422599096
40.93899400296076,32.71557524630791
40.958994002960765,15.98458603289295
40.97899400296076,15.869435582833606
40.99899400296076,26.33145759382696
41.01899400296076,40.55229375111095
41.03899400296076,38.971762785891954
41.05899400296076,26.326991637425582
41.078994002960755,27.34772269611756
41.09899400296076,30.63284872695238
41.11899400296076,10.142019812401163
41.13899400296076,29.147340981335866
41.15899400296075,15.359127878052329
41.178994002960756,25.87865210528363
41.19899400296076,20.413207989430866
41.218994002960756,27.69398433737559
41.23899400296075,23.85695651174559
41.258994002960755,0.0
41.27899400296076,24.452892642429536
41.298994002960754,29.079537960914923
41.31899400296075,27.11132891716035
41.33899400296075,21.620227072971932
41.358994002960756,39.061748683180156
41.37899400296075,25.747912433544094
41.39899400296075,27.004967694428032
41.41899400296075,33.06721137696368
41.438994002960754,26.24228439323837
41.45899400296075,13.630243059848217
41.47899400296075,0.0
41.49899400296075,17.8273567710971
41.51899400296075,30.202100093699983
41.53899400296075,19.055764890307227
41.558994002960745,30.592599644875254
41.57899400296075,24.062189768788123
41.59899400296075,35.44966519165585
41.61899400296075,19.610938311151408
41.63899400296074,27.233358977176266
41.658994002960746,27.610171143741333
41.67899400296075,37.56145349125228
41.698994002960745,5.473180469719221
41.71899400296074,17.949594079113453
41.738994002960744,31.012965715454186
41.75899400296075,37.980901863487965
41.778994002960744,24.916789185317267
41.79899400296074,19.583174018780902
41.81899400296074,30.075545586572723
41.838994002960746,31.185539543526808
41.85899400296074,18.896051572270892
41.87899400296074,25.789901746595763
41.89899400296074,34.28626623473573
41.918994002960744,41.3797532708396
41.93899400296074,29.89538742136112
41.958994002960736,22.904906071748847
41.97899400296074,21.916949427694362
41.99899400296074,28.025855671596894
42.01899400296074,21.289355436757536
42.038994002960735,24.33668748565544
42.05899400296074,11.855723377660935
42.07899400296074,35.39926643073486
42.09899400296074,11.02106057414875
42.11899400296073,18.096008579505845
42.138994002960736,23.387282111158434
42.15899400296074,42.315446621936786
42.178994002960735,18.172981318331004
42.19899400296073,15.733891416022006
42.218994002960734,16.88012383758756
42.23899400296074,38.971513230411944
42.25899400296073,0.0
42.27899400296073,12.343673869894051
42.29899400296073,49.67820501970421
42.318994002960736,28.268407773869512
42.33899400296073,11.294011851995748
42.35899400296073,21.928961047125647
42.37899400296073,23.016971291533764
42.398994002960734,30.79796811182058
42.41899400296073,40.72603098424371
42.438994002960726,26.21082837480991
42.45899400296073,16.921734462021142
42.47899400296073,30.184773188771512
42.49899400296073,15.325718441662874
42.518994002960724,11.969192481109154
42.53899400296073,4.6978061616765885
42.55899400296073,6.639943807324917
42.57899400296073,13.32111451431797
42.59899400296072,10.502012195210042
42.618994002960726,25.406624437317507
42.63899400296073,10.274595712627061
42.658994002960725,0.0
42.67899400296072,11.818222472334577
42.698994002960724,17.533115223506854
42.71899400296073,16.19159390529275
42.73899400296072,37.4357182823699
42.75899400296072,16.099434244785648
42.77899400296072,31.038488482345137
42.798994002960725,22.033827551625212
42.81899400296072,21.795011696305117
42.83899400296072,13.858667196760695
42.85899400296072,21.61906045033624
42.878994002960724,14.550348347829669
42.89899400296072,23.895981200814752
42.918994002960716,19.82767598533476
42.93899400296072,12.738333065811574
42.95899400296072,32.09800173474255
42.97899400296072,26.441914952796477
42.998994002960714,17.687340521809126
43.01899400296072,23.617361960988664
43.03899400296072,21.318675840708803
43.058994002960716,13.47546720679539
43.07899400296071,22.850820372847565
43.098994002960715,15.9302280381628
43.11899400296072,12.685500754897046
43.138994002960715,5.901665375406459
43.15899400296071,18.53777077260579
43.178994002960714,27.788062617514115
43.19899400296072,15.166280306138269
43.21899400296071,47.31448470510557
43.23899400296071,30.95878440976805
43.25899400296071,35.139765456425955
43.278994002960715,30.04343669473741
43.29899400296071,40.61420497587784
43.31899400296071,14.210090273270797
43.33899400296071,0.0
43.35899400296071,17.607982557217206
43.37899400296071,27.645998088776754
43.398994002960706,23.573562054967454
43.41899400296071,24.807704783593827
43.43899400296071,35.25667138987859
43.45899400296071,25.862746170480143
43.478994002960704,30.025905158410197
43.49899400296071,12.63576033512718
43.51899400296071,11.072069167681722
43.538994002960706,38.161770051811516
43.5589940029607,23.02427741078586
43.578994002960705,15.77760795909515
43.59899400296071,15.790599109270143
43.618994002960704,15.507963616919717
43.6389940029607,14.90426196919546
43.6589940029607,9.157038078155727
43.67899400296071,6.978982605090534
43.6989940029607,20.02781999277923
43.7189940029607,16.043288847413
43.7389940029607,33.03883084593211
43.758994002960705,24.892701644943408
43.7789940029607,24.60981573400786
43.7989940029607,14.520145399083155
43.8189940029607,20.73578259892188
43.8389940029607,25.550801836054127
43.8589940029607,29.097479021019673
43.878994002960695,20.991340984189744
43.8989940029607,32.71624148959666
43.9189940029607,21.999648074070958
43.9389940029607,29.84298432060004
43.958994002960694,17.010756081891206
43.9789940029607,3.7781664365540344
43.9989940029607,24.582418839368056
44.018994002960696,29.146855391378057
44.03899400296069,27.64188084735018
44.058994002960695,26.105073919498682
44.0789940029607,18.392144511359824
44.098994002960694,13.805365848656216
44.11899400296069,27.384933300609347
44.13899400296069,26.12695731727204
44.158994002960696,16.24834179980799
44.17899400296069,32.9464604815896
44.19899400296069,13.01853905967496
44.21899400296069,16.00716734433451
44.238994002960695,38.20245131092108
44.25899400296069,30.5212842611368
44.27899400296069,18.256151394353928
44.29899400296069,24.718922151527313
44.31899400296069,23.419807370933587
44.33899400296069,0.0
44.358994002960685,13.01431911715389
44.37899400296069,21.86490214469881
44.39899400296069,19.38718434677965
44.41899400296069,26.519514109921545
44.43899400296068,37.33014193626268
44.45899400296069,26.28601927938896
44.47899400296069,24.74161284305874
44.498994002960686,47.95769383814053
44.51899400296068,56.02512155731491
44.538994002960685,79.49815415142517
44.55899400296069,109.35527105275486
44.578994002960684,177.64637829511457
44.59899400296068,189.46871773103797
44.61899400296068,279.44773103423796
44.638994002960686,369.2824870258815
44.65899400296068,459.86736651254864
44.67899400296068,583.0581298084114
44.69899400296068,690.0990692413405
44.718994002960684,782.7568501680055
44.73899400296068,866.2445970868514
44.75899400296068,929.5831734858957
44.77899400296068,960.8668409438831
44.79899400296068,958.2186716299569
44.81899400296068,920.1674590426932
44.838994002960675,857.3518211767649
44.85899400296068,771.7102269964753
44.87899400296068,646.5371276498006
44.89899400296068,537.5496737990538
44.91899400296067,422.7594802798271
44.938994002960676,350.65886258079394
44.95899400296068,260.05514814393166
44.978994002960675,193.84194469630114
44.99899400296067,121.27681218704397
45.018994002960675,114.18999834350763
45.03899400296068,62.659094058454784
45.058994002960674,51.89049044908548
45.07899400296067,46.84161767450074
45.09899400296067,21.10507771715584
45.118994002960676,21.200051410333923
45.13899400296067,26.022265371477385
45.15899400296067,51.48877829204122
45.17899400296067,25.24115935744999
45.198994002960674,37.951353730963746
45.21899400296067,33.77898569788306
45.238994002960666,25.324146623939477
45.25899400296067,11.715130992257325
45.27899400296067,32.18633058574683
45.29899400296067,6.597485386129838
45.318994002960665,37.58049532953491
45.33899400296067,23.566293759383694
45.35899400296067,0.0
45.37899400296067,18.151399376815657
45.39899400296066,28.091218636594586
45.418994002960666,19.176811955123153
45.43899400296067,28.69243441642518
45.458994002960665,13.037470763297428
45.47899400296066,8.473233844629215
45.498994002960664,20.813957227832027
45.51899400296067,21.83943005519056
45.53899400296066,18.035300415074293
45.55899400296066,33.78743436346029
45.57899400296066,13.007836560785943
45.598994002960666,24.63696226218399
45.61899400296066,22.18041025692563
45.63899400296066,5.928963878390681
45.65899400296066,8.301242933852297
45.678994002960664,21.60608483840588
45.69899400296066,41.29441312101757
45.718994002960656,27.27055828243706
45.73899400296066,4.216967530578984
45.75899400296066,0.0
45.77899400296066,28.794788789739247
45.798994002960654,20.497599525793138
45.81899400296066,32.8678842074055
45.83899400296066,12.643544142343977
45.85899400296066,24.94835586318892
45.87899400296065,29.903481766050852
45.898994002960656,16.962635738909686
45.91899400296066,17.17195015588599
45.938994002960655,21.68097667638439
45.95899400296065,26.850663126126783
45.978994002960654,21.276119716359638
45.99899400296066,31.154992063749702
46.01899400296065,16.791254559745564
46.03899400296065,8.122241023470266
46.05899400296065,41.171542262158056
46.078994002960656,15.351055613556344
46.09899400296065,15.708585452553102
46.11899400296065,20.730595320294523
46.13899400296065,22.056070817093975
46.158994002960654,17.51306345115227
46.17899400296065,21.20121004563533
46.198994002960646,20.973584841184653
46.21899400296065,23.115067584882354
46.23899400296065,0.0
46.25899400296065,40.16699883010912
46.278994002960644,19.881046945940593
46.29899400296065,27.155859686092562
46.31899400296065,7.564332593190533
46.338994002960646,16.63106503698309
46.35899400296064,14.613639768692906
46.378994002960646,36.02977601829508
46.39899400296065,15.470151422443557
46.418994002960645,28.90484567143978
46.43899400296064,14.815608797525153
46.458994002960644,16.789400678230084
46.47899400296065,18.855874418856068
46.49899400296064,34.145622598091435
46.51899400296064,2.4044492785102527
46.53899400296064,8.142154152367215
46.558994002960645,1.8215611989843588
46.57899400296064,10.415424140667808
46.59899400296064,13.170286657521807
46.61899400296064,5.137325825566361
46.638994002960644,13.936521480297746
46.65899400296064,1.1267241170852174
46.678994002960636,11.089861085746072
46.69899400296064,33.26984115355865
46.71899400296064,25.297416139307156
46.73899400296064,23.132119908215817
46.758994002960634,11.225574858571647
46.77899400296064,5.88843756756221
46.79899400296064,9.853662657957889
46.818994002960636,20.809070935120097
46.83899400296063,29.918892344432038
46.858994002960635,30.25676363069993
46.87899400296064,27.53518758222182
46.898994002960634,13.849479417348713
46.91899400296063,21.466540102016417
46.938994002960634,18.003619833545297
46.95899400296064,19.20116050756164
46.97899400296063,41.58035978997936
46.99899400296063,3.5851108141015615
47.01899400296063,18.854387091132658
47.038994002960635,33.31469610754536
47.05899400296063,6.534353606010704
47.07899400296063,14.7518655764754
47.09899400296063,15.895035894751537
47.11899400296063,18.948614476117886
47.13899400296063,5.218040728179481
47.158994002960625,27.12658337294724
47.17899400296063,27.83271587412462
47.19899400296063,26.24972642903269
47.21899400296063,12.458376432541314
47.238994002960624,22.023370962940664
47.25899400296063,12.160020438259428
47.27899400296063,17.82462592060759
47.298994002960626,42.68145142608904
47.31899400296062,22.099915504253183
47.338994002960625,9.263895506322147
47.35899400296063,22.93872419084156
47.378994002960624,7.613631037767819
47.39899400296062,9.137715899696145
47.41899400296062,10.712828020079643
47.43899400296063,16.67721445660918
47.45899400296062,30.486258593707007
47.47899400296062,26.896820353428254
47.49899400296062,26.339071483291306
47.518994002960625,10.11616248047342
47.53899400296062,15.688564641447122
47.55899400296062,23.81802946375737
47.57899400296062,14.811138895665335
47.59899400296062,18.30700487244136
47.61899400296062,25.500596913682156
47.638994002960615,17.59563409204762
47.65899400296062,23.340317929198445
47.67899400296062,37.003377966594506
47.69899400296062,19.35388703448764
47.71899400296061,32.86224500485326
47.73899400296062,26.658969744961222
47.75899400296062,6.389261597718843
47.778994002960616,10.03673401264349
47.79899400296061,12.718578574757643
47.818994002960615,12.502631679255904
47.83899400296062,20.144537189026856
47.858994002960614,27.19033930621473
47.87899400296061,33.59195755691276
47.89899400296061,24.118609246101332
47.918994002960616,16.576558187138875
47.93899400296061,0.20744713531875192
47.95899400296061,21.732271600125056
47.97899400296061,21.280604522856002
47.998994002960615,22.848727342073797
48.01899400296061,42.07839050049379
48.03899400296061,33.41851121331076
48.05899400296061,28.859723688058843
48.07899400296061,11.38492250036808
48.09899400296061,15.872336161045403
48.118994002960605,20.050438007088427
48.13899400296061,13.241423846061199
48.15899400296061,25.99676194720728
48.17899400296061,24.557837417044563
48.1989940029606,10.102313853122535
48.218994002960606,32.95021237954411
48.23899400296061,22.001812792567726
48.258994002960605,3.6846728287574706
48.2789940029606,20.45864124502784
48.298994002960605,23.78083062536325
48.31899400296061,30.693396638240053
48.338994002960604,17.5874266851596
48.3589940029606,29.238301832908697
48.3789940029606,22.827078232260597
48.398994002960606,7.801862259028731
48.4189940029606,6.797501392733116
48.4389940029606,32.1715394150665
48.4589940029606,32.90256490578987
48.478994002960604,24.168608671296276
48.4989940029606,35.893387675667114
48.518994002960596,31.49923391667466
48.5389940029606,27.766248563624416
48.5589940029606,11.813683118608603
48.5789940029606,38.23793316227878
48.598994002960595,26.283518543252093
48.6189940029606,17.058985981752905
48.6389940029606,14.23155413325301
48.6589940029606,23.47898342583948
48.67899400296059,4.197457166859827
48.698994002960596,27.90169416762499
48.7189940029606,11.366177674446051
48.738994002960595,24.60490233945598
48.75899400296059,15.679564344063383
48.778994002960594,18.248538107472484
48.7989940029606,13.320595088792977
48.81899400296059,19.274379164985437
48.83899400296059,39.77745968988793
48.85899400296059,34.73126235960741
48.878994002960596,24.42246861885159
48.89899400296059,20.621760527245748
48.91899400296059,29.3137503518665
48.93899400296059,32.16848880989067
48.958994002960594,12.567658646212257
48.97899400296059,20.088522580761865
48.998994002960586,2.640408953221119
49.01899400296059,32.088103560017274
49.03899400296059,41.5044274732472
49.05899400296059,21.652124825228054
49.078994002960584,0.0
49.09899400296059,26.93446489633048
49.11899400296059,11.801815564926127
49.13899400296059,14.20637160366196
49.15899400296058,27.10280002358688
49.178994002960586,23.3797588110714
49.19899400296059,15.9503225711074
49.218994002960585,14.33255811866139
49.23899400296058,22.084190482028227
49.258994002960584,16.728401268085648
49.27899400296059,9.727923712074944
49.29899400296058,17.491912892950445
49.31899400296058,24.210732017843647
49.33899400296058,19.031043625745625
49.358994002960586,6.674276264334567
49.37899400296058,30.697303870770718
49.39899400296058,0.0
49.41899400296058,16.337631351343447
49.438994002960584,14.596628216543191
49.45899400296058,22.277742910657377
49.478994002960576,26.409925102178434
49.49899400296058,32.05831953422488
49.51899400296058,13.663998693688544
49.53899400296058,26.651258337117284
49.558994002960574,22.741017952958483
49.57899400296058,3.6648510192423807
49.59899400296058,39.78306962166385
49.61899400296058,6.387349703202132
49.63899400296057,24.967519231699466
49.658994002960576,24.669603120946107
49.67899400296058,23.523840322612788
49.698994002960575,15.819184160633032
49.71899400296057,29.034971651709117
49.738994002960574,5.15627424657781
49.75899400296058,20.099176645113204
49.77899400296057,15.116245024767325
49.79899400296057,13.979551353081161
49.81899400296057,25.037559369158306
49.838994002960575,31.52242939246195
49.85899400296057,17.31266057963611
49.87899400296057,28.54961510439336
49.89899400296057,21.23780865336465
49.918994002960574,11.81068949920226
49.93899400296057,18.156112062911568
49.958994002960566,17.738407314384855
49.97899400296057,13.764312159594205
49.99899400296057,25.013397481020586
50.01899400296057,23.072698840853466
50.038994002960564,4.817420622016561
50.05899400296057,4.206350176781491
50.07899400296057,24.9661590812216
50.098994002960566,12.564166588664532
50.11899400296056,23.735170674414857
50.138994002960565,28.52181508252713
50.15899400296057,8.000723048458019
50.178994002960565,6.592642952684521
50.19899400296056,37.450108364952925
50.218994002960564,24.21928739153222
50.23899400296057,16.50897300613658
50.25899400296056,11.359787059088939
50.27899400296056,15.592607122514991
50.29899400296056,8.789128301444748
50.318994002960565,29.52682149099419
50.33899400296056,12.923048349588976
50.35899400296056,31.623777962931833
50.37899400296056,16.680027149205234
50.39899400296056,10.25071085932018
50.41899400296056,16.419105257794115
50.438994002960555,0.0
50.45899400296056,19.47028858305025
50.47899400296056,18.974727230538086
50.49899400296056,28.92130353847938
50.518994002960554,1.808795874667375
50.53899400296056,32.28849000617654
50.55899400296056,28.87381276325914
50.578994002960556,33.18626104984176
50.59899400296055,20.1366294473129
50.618994002960555,30.80084154886923
50.63899400296056,5.947475076276067
50.658994002960554,27.788445522903768
50.67899400296055,12.944408934342052
50.69899400296055,4.1400971654908325
50.71899400296056,9.410801503242745
50.73899400296055,20.70562153799047
50.75899400296055,12.405433818802102
50.77899400296055,24.407289260475046
50.798994002960555,2.562318740029763
50.81899400296055,0.0
50.83899400296055,34.36488627950422
50.85899400296055,29.6771905548683
50.87899400296055,10.144410571195017
50.89899400296055,20.60558452238472
50.918994002960545,30.828865953688194
50.93899400296055,24.824028207509226
50.95899400296055,22.112492248190733
50.97899400296055,31.580053660506035
50.99899400296054,13.31965206607564
51.01899400296055,20.936837695503424
51.03899400296055,20.444855647107392
51.058994002960546,17.894022815208764
51.07899400296054,16.721901890587517
51.098994002960545,21.346965557183452
51.11899400296055,20.960696784290054
51.138994002960544,10.13069652622891
51.15899400296054,28.63129566945694
51.17899400296054,10.847860613508148
51.198994002960546,18.42776687832355
51.21899400296054,17.6556977511572
51.23899400296054,24.18795229144696
51.25899400296054,0.0
51.278994002960545,29.51287932276061
51.29899400296054,13.832329039277951
51.31899400296054,32.800329376677126
51.33899400296054,15.817523678647932
51.35899400296054,20.109226152555674
51.37899400296054,39.73402409760226
51.398994002960535,17.821295906657063
51.41899400296054,32.981703759340036
51.43899400296054,20.982195316246187
51.45899400296054,24.744484951126417
51.47899400296053,21.288447379069247
51.498994002960536,29.065955243435887
51.51899400296054,13.730713015605405
51.538994002960536,10.744146755339218
51.55899400296053,14.197485610286446
51.578994002960535,21.578979502354912
51.59899400296054,18.37232881456583
51.618994002960534,27.681919080964537
51.63899400296053,33.625153685175576
51.65899400296053,10.818132419101925
51.678994002960536,13.235719722813059
51.69899400296053,6.211518055522273
51.71899400296053,40.87635950729222
51.73899400296053,23.618054722440192
51.758994002960534,25.368125842811786
51.77899400296053,7.16677449166043
51.79899400296053,20.555926949189818
51.81899400296053,25.65888798726622
51.83899400296053,18.037625357197886
51.85899400296053,31.32106545464805
51.878994002960525,43.68114023995915
51.89899400296053,11.091033331876826
51.91899400296053,10.339634613271889
51.93899400296053,11.781804747675194
51.95899400296052,36.62022820147443
51.978994002960526,30.980673847072506
51.99899400296053,19.20073946007823
52.018994002960525,20.92052413765497
52.03899400296052,12.388413990286727
52.058994002960524,29.453057499817582
52.07899400296053,16.75271627146812
52.098994002960524,17.94993063668383
52.11899400296052,26.63756820215903
52.13899400296052,18.668708507023652
52.158994002960526,18.19799830759189
52.17899400296052,20.652423614633037
52.19899400296052,28.499251984398757
52.21899400296052,37.00966786704612
52.238994002960524,26.398651687246748
52.25899400296052,28.57599684863328
52.278994002960516,18.543392242162668
52.29899400296052,13.463045493564628
52.31899400296052,27.079990729055258
52.33899400296052,22.251653961580203
52.358994002960515,6.312089572372933
52.37899400296052,17.256823213307197
52.39899400296052,19.707705651772237
52.41899400296052,15.431266714558202
52.43899400296051,35.35238389561261
52.458994002960516,25.332613959481193
52.47899400296052,34.265181492322405
52.498994002960515,23.166906743397192
52.51899400296051,21.34576740274599
52.538994002960514,11.16515887987309
52.55899400296052,20.649693518926757
52.57899400296051,20.660211695814112
52.59899400296051,6.857820979500628
52.61899400296051,15.13298563914194
52.638994002960516,17.29474801240344
52.65899400296051,24.66169625002575
52.67899400296051,25.139741899832885
52.69899400296051,14.712409096825846
52.718994002960514,25.213656251746
52.73899400296051,18.703550423354223
52.758994002960506,0.0
52.77899400296051,15.676117949417545
52.79899400296051,31.312443746386556
52.81899400296051,3.7039320642756444
52.838994002960504,21.648347136989926
52.85899400296051,36.373506000757715
52.87899400296051,12.914236285717683
52.89899400296051,20.541341814886668
52.9189940029605,7.4791868779731505
52.938994002960506,36.79117255833465
52.95899400296051,19.685059821895344
52.978994002960505,20.984192735555343
52.9989940029605,34.060480450854456
53.018994002960504,27.131824509666952
53.03899400296051,11.76033129165401
53.0589940029605,14.043430721880501
53.0789940029605,25.46512765353259
53.0989940029605,14.274222009283598
53.118994002960505,0.0
53.1389940029605,19.98230042138159
53.1589940029605,5.7122397058928875
53.1789940029605,36.676855094459555
53.198994002960504,22.281598516916606
53.2189940029605,11.4616694975253
53.238994002960496,13.526807195620332
53.2589940029605,1.6188800987548824
53.2789940029605,9.517975109224121
53.2989940029605,30.675577372540417
53.318994002960494,42.82997154897699
53.3389940029605,27.775853355986726
53.3589940029605,19.591254356927198
53.378994002960496,16.191890901069616
53.39899400296049,10.946344837744855
53.418994002960495,41.10879369029422
53.4389940029605,18.62349281515302
53.458994002960495,41.667136690819135
53.47899400296049,34.44590546813782
53.498994002960494,3.102631471774565
53.5189940029605,13.850970678075296
53.53899400296049,13.819955687428244
53.55899400296049,19.711869030473856
53.57899400296049,19.907129337386856
53.598994002960495,50.472615479851754
53.61899400296049,9.73791190450855
53.63899400296049,22.79986960097537
53.65899400296049,26.67524074138659
53.67899400296049,20.49444982727024
53.69899400296049,21.611995693443326
53.718994002960486,10.062134510145192
53.73899400296049,21.575132436195375
53.75899400296049,25.624320993670835
53.77899400296049,23.786410926585415
53.798994002960484,26.21250169048036
53.81899400296049,34.6366727460577
53.83899400296049,29.880373773300093
53.858994002960486,21.2237826349549
53.87899400296048,8.79339466353375
53.898994002960485,14.511080659365469
53.91899400296049,18.314990658261156
53.938994002960484,23.034942813743687
53.95899400296048,15.728352765213529
53.978994002960484,11.154557830238033
53.99899400296049,8.630125939721825
54.01899400296048,4.000571821119195
54.03899400296048,18.163092531482175
54.05899400296048,5.816208887742887
54.078994002960485,10.507883792577754
54.09899400296048,16.57441282268726
54.11899400296048,7.154562970214878
54.13899400296048,24.311576062845127
54.15899400296048,27.916616533045875
54.17899400296048,15.020461028401895
54.198994002960475,16.144817093855067
54.21899400296048,25.889760434335884
54.23899400296048,13.375897947299825
54.25899400296048,12.688909618569458
54.278994002960474,32.481646963940356
54.29899400296048,29.358966653786702
54.31899400296048,26.53303001609495
54.338994002960476,29.77443057834047
54.35899400296047,0.7456651325099735
54.378994002960475,34.0572895301945
54.39899400296048,24.440050562694008
54.418994002960474,30.627752234200052
54.43899400296047,24.392078849427072
54.45899400296047,21.010245640124097
54.47899400296048,17.76845527976515
54.49899400296047,24.193554861342736
54.51899400296047,17.405209375551724
54.53899400296047,29.202040524338244
54.558994002960475,4.659317828142045
54.57899400296047,15.108744100460928
54.59899400296047,40.973367346510216
54.61899400296047,14.264976071759868
54.63899400296047,18.13960302875058
54.65899400296047,11.70130418767116
54.678994002960465,23.8862572253871
54.69899400296047,13.16585228768152
54.71899400296047,18.673106254434433
54.73899400296047,29.018609100655027
54.75899400296046,13.54305141788643
54.77899400296047,28.417552395842755
54.79899400296047,28.754503690832436
54.818994002960466,31.082554552761025
54.83899400296046,21.939200366768954
54.858994002960465,52.947191744400314
54.87899400296047,31.080762245424612
54.898994002960464,23.785039581036663
54.91899400296046,11.777871007936533
54.93899400296046,19.567389459808247
54.958994002960466,34.80212981850726
54.97899400296046,37.63509930100132
54.99899400296046,35.32395101172183
55.01899400296046,28.39350370758232
55.038994002960465,7.985912983680908
55.05899400296046,25.415081407587735
55.07899400296046,8.130401410761088
55.09899400296046,5.670689001592564
55.11899400296046,22.937977310275826
55.13899400296046,25.779388254105317
55.158994002960455,29.582181873689862
55.17899400296046,25.520804193516657
55.19899400296046,25.86634634384893
55.21899400296046,10.705019131908873
55.23899400296045,19.502850431657908
55.258994002960456,5.482535522669323
55.27899400296046,0.5211119918981879
55.298994002960455,27.962344100093382
55.31899400296045,13.025800590854026
55.338994002960455,29.283170891057114
55.35899400296046,31.6428168054371
55.378994002960454,14.367336755908818
55.39899400296045,26.464803744000214
55.41899400296045,13.9513221316896
55.438994002960456,2.105311116240543
55.45899400296045,21.79841817911331
55.47899400296045,15.857823439363045
55.49899400296045,16.166924064249628
55.518994002960454,40.32251111602281
55.53899400296045,5.311789713573312
55.558994002960446,24.400364335834173
55.57899400296045,10.624887891741006
55.59899400296045,29.656895478704666
55.61899400296045,23.559928714284595
55.638994002960445,24.370408656349515
55.65899400296045,11.129431647846
55.67899400296045,12.923825199396761
55.69899400296045,29.853599764968344
55.71899400296044,38.29047612052614
55.738994002960446,25.38699514139991
55.75899400296045,11.611141683134234
55.778994002960445,23.976179894520747
55.79899400296044,44.86297475122815
55.818994002960444,21.613955913394662
55.83899400296045,35.20962376035902
55.85899400296044,13.189422731541384
55.87899400296044,20.1733709617436
55.89899400296044,26.791412493562316
55.918994002960446,24.57058633646388
55.93899400296044,12.934973142850836
55.95899400296044,12.505255932613938
55.97899400296044,30.484858965927174
55.998994002960444,32.51912136456022
56.01899400296044,35.726660995729496
56.038994002960436,38.64615629786114
56.05899400296044,21.954685754789978
56.07899400296044,17.49815275188922
56.09899400296044,34.12172226200223
56.118994002960434,27.744187251040152
56.13899400296044,10.79063728333404
56.15899400296044,10.280542532331431
56.17899400296044,25.537924399426604
56.19899400296043,18.847612850967757
56.218994002960436,20.35781088067662
56.23899400296044,31.349208920484763
56.258994002960435,28.216025452208974
56.27899400296043,33.92617909980996
56.298994002960434,1.3138920500262934
56.31899400296044,23.165052669511095
56.33899400296043,27.579792990714015
56.35899400296043,5.368897355672072
56.37899400296043,14.087661552042047
56.398994002960436,12.233642271614531
56.41899400296043,20.85736542277858
56.43899400296043,36.92082710421557
56.45899400296043,40.87009905710674
56.478994002960434,12.503260961223909
56.49899400296043,25.913654366898
56.518994002960426,26.238019642049224
56.53899400296043,24.52827198320881
56.55899400296043,24.643797651734975
56.57899400296043,23.693427254019266
56.598994002960424,37.53371825161301
56.61899400296043,31.684710890110555
56.63899400296043,10.060549362087071
56.658994002960426,28.62135562715529
56.67899400296042,29.589948932227774
56.698994002960426,23.81797231568253
56.71899400296043,31.984641294297205
56.738994002960425,22.55324996514681
56.75899400296042,22.679312753275536
56.778994002960424,21.88918079676033
56.79899400296043,0.4964881862019972
56.81899400296042,19.87711268565373
56.83899400296042,14.000772346520044
56.85899400296042,8.820993660828885
56.878994002960425,35.02786552663116
56.89899400296042,25.731980985273566
56.91899400296042,20.393831994768338
56.93899400296042,15.046360180407834
56.958994002960424,23.658354307174303
56.97899400296042,30.613298045017906
56.998994002960416,12.431571208056267
57.01899400296042,20.655252332356916
57.03899400296042,29.386521334295388
57.05899400296042,1.3481792237766186
57.078994002960414,20.134840936643485
57.09899400296042,16.419986777580313
57.11899400296042,19.376977703136756
57.138994002960416,15.701380388828806
57.15899400296041,22.09631554962845
57.178994002960415,39.9587591188163
57.19899400296042,17.4856934632037
57.218994002960414,23.644473450998817
57.23899400296041,40.67728657014932
57.258994002960414,15.23213949548991
57.27899400296042,38.88153552750566
57.29899400296041,20.790512727978683
57.31899400296041,38.558759406949015
57.33899400296041,28.24433674602647
57.358994002960415,23.815951330854766
57.37899400296041,20.091116953329568
57.39899400296041,14.509579297721189
57.41899400296041,21.510492976044542
57.43899400296041,29.728789700437225
57.45899400296041,20.6266722863944
57.478994002960405,17.594183882456228
57.49899400296041,18.255225776863316
57.51899400296041,30.69047028711484
57.53899400296041,33.019985580189164
57.558994002960404,14.099546612823806
57.57899400296041,14.08786773886923
57.59899400296041,24.57004391244224
57.618994002960406,36.05449760339324
57.6389940029604,32.24181611461222
57.658994002960405,8.266140818925155
57.67899400296041,18.146666981531926
57.698994002960404,11.484168704648832
57.7189940029604,18.117870429691987
57.7389940029604,36.83990083150762
57.75899400296041,6.572613428405564
57.7789940029604,4.612799849012529
57.7989940029604,12.51875793124062
57.8189940029604,23.680265990930405
57.838994002960405,27.017582484613225
57.8589940029604,25.18740675086886
57.8789940029604,32.57267836715725
57.8989940029604,3.187884131141672
57.9189940029604,32.70503499920082
57.9389940029604,17.70365975819355
57.958994002960395,28.1425131980443
57.9789940029604,7.596286769338159
57.9989940029604,20.883092736973857
58.0189940029604,23.199231992889253
58.03899400296039,32.3970469695286
58.0589940029604,4.990016460629455
58.0789940029604,21.15312804598596
58.098994002960396,9.996303302023883
58.11899400296039,25.906684084288237
58.138994002960395,28.62697020851361
58.1589940029604,33.72960224076345
58.178994002960394,15.510714011270817
58.19899400296039,30.1363959137764
58.21899400296039,34.47628319493684
58.238994002960396,4.437947642477042
58.25899400296039,26.997030317274714
58.27899400296039,30.461871180510144
58.29899400296039,18.292686053143065
58.318994002960395,8.775419160655092
58.33899400296039,30.315931257124653
58.35899400296039,8.894517918419961
58.37899400296039,19.109338081282075
58.39899400296039,20.49487181171368
58.41899400296039,28.054766597605244
58.438994002960385,14.63635790018258
58.45899400296039,14.060137742120236
58.47899400296039,21.898444269854743
58.49899400296039,30.976522823327567
58.51899400296038,43.790460327959124
58.538994002960386,5.844504303600097
58.55899400296039,24.0761061611098
58.578994002960386,10.06071910084859
58.59899400296038,31.11757886945503
58.618994002960385,11.547431728859204
58.63899400296039,14.189819471141279
58.658994002960384,15.047031195829774
58.67899400296038,20.181202211274346
58.69899400296038,24.178633053526724
58.718994002960386,25.787150177885874
58.73899400296038,20.895953603119047
58.75899400296038,7.65822532582553
58.77899400296038,28.23851719657134
58.798994002960384,20.4346028538083
58.81899400296038,32.58508483702518
58.838994002960376,13.893910233690448
58.85899400296038,4.95212548742715
58.87899400296038,20.63820110301502
58.89899400296038,33.94159001364636
58.918994002960375,22.59510012552141
58.93899400296038,18.99261001930094
58.95899400296038,12.28948070470948
58.97899400296038,38.57427203236852
58.99899400296037,10.70425151040982
59.018994002960376,13.750018581454219
59.03899400296038,26.708000417160598
59.058994002960375,2.4511624514262564
59.07899400296037,33.76100048871888
59.098994002960374,27.26076304753768
59.11899400296038,30.014894274953207
59.138994002960374,26.60751890397028
59.15899400296037,19.4188924087919
59.17899400296037,10.402432846992365
59.198994002960376,19.636971462818316
59.21899400296037,11.289182240376777
59.23899400296037,25.906931492761924
59.25899400296037,29.117023277742064
59.278994002960374,35.821171405544696
59.29899400296037,24.774635156264424
59.318994002960366,30.306599504527835
59.33899400296037,18.093299279539547
59.35899400296037,16.28588950516908
59.37899400296037,25.80930754165685
59.398994002960364,17.21180116403044
59.41899400296037,23.772342541267307
59.43899400296037,10.472531020078339
59.45899400296037,12.272157842294591
59.47899400296036,27.446522918543906
59.498994002960366,29.9633393858614
59.51899400296037,11.243899142129301
59.538994002960365,27.810639607794993
59.55899400296036,15.781188908597095
59.578994002960364,21.27765999676433
59.59899400296037,35.28612844234199
59.61899400296036,29.19564612243539
59.63899400296036,29.08359660249016
59.65899400296036,40.21689668335066
59.678994002960366,14.0943294953674
59.69899400296036,11.278516387679783
59.71899400296036,13.920200085761273
59.73899400296036,18.600582317134332
59.758994002960364,0.0
59.77899400296036,19.079690824524068
59.798994002960356,15.712476137513818
59.81899400296036,29.000004783787883
59.83899400296036,24.69083793545663
59.85899400296036,15.163928279194579
59.878994002960354,27.074766791782952
59.89899400296036,28.412066081103546
59.91899400296036,13.498268086784249
59.93899400296036,16.25778728346473
59.95899400296035,0.0
59.978994002960356,10.290077825415967
59.99899400296036,13.776325831192
60.018994002960355,21.94704039274434
60.03899400296035,11.75592234273193
60.058994002960354,16.07961308728983
60.07899400296036,8.965223268588911
60.09899400296035,22.934079494886056
60.11899400296035,25.48451017240971
60.13899400296035,25.255454712842447
60.158994002960355,21.359862828107243
60.17899400296035,5.829985095971651
60.19899400296035,15.045655238665349
60.21899400296035,17.176615228814544
60.238994002960354,17.221232148079068
60.25899400296035,22.008514026396334
60.278994002960346,35.51864537635706
60.29899400296035,29.38873681555078
60.31899400296035,11.397153149120781
60.33899400296035,28.06092917522131
60.358994002960344,27.684506782166466
60.37899400296035,13.225404260680348
60.39899400296035,29.779347295459253
60.418994002960346,19.691543975535627
60.43899400296034,7.2004108804176745
60.458994002960345,25.856621644877187
60.47899400296035,23.47887441760717
60.498994002960345,19.037154830178476
60.51899400296034,20.944088362966873
60.538994002960344,14.132465657399726
60.55899400296035,27.429339852957863
60.57899400296034,20.898255966277958
60.59899400296034,23.001991367331605
60.61899400296034,24.913675901108988
60.638994002960345,9.801167346367537
60.65899400296034,12.408973202774726
60.67899400296034,0.0
60.69899400296034,27.008825128965587
60.71899400296034,9.244121482542543
60.73899400296034,22.696751060963173
60.758994002960335,25.085781511579032
60.77899400296034,27.404286001562376
60.79899400296034,9.345459867067191
60.81899400296034,20.738897251172343
60.838994002960334,38.09821509395677
60.85899400296034,38.54346815772256
60.87899400296034,31.27847578016445
60.898994002960336,24.785112712193538
60.91899400296033,11.36406691359933
60.938994002960335,28.606309519756373
60.95899400296034,19.844856419685865
60.978994002960334,27.03533987044174
60.99899400296033,15.1066239407006
61.01899400296033,19.710741684943258
61.03899400296034,23.086573682466767
61.05899400296033,23.912921200831185
61.07899400296033,26.392420562070264
61.09899400296033,15.66830962269816
61.118994002960335,8.032493907711874
61.13899400296033,37.7182806905133
61.15899400296033,46.3680767376966
61.17899400296033,25.954859800056358
61.19899400296033,8.24586225726279
61.21899400296033,13.758975419932344
61.238994002960325,26.5872585212023
61.25899400296033,34.91240803960391
61.27899400296033,9.37752751043484
61.29899400296033,20.268300412551945
61.31899400296032,23.47615685391906
61.33899400296033,30.167841125117434
61.35899400296033,18.091278876429545
61.378994002960326,5.8943889118029436
61.39899400296032,27.74977021153759
61.418994002960325,32.79102583905266
61.43899400296033,20.722435909478012
61.458994002960324,25.606048539717747
61.47899400296032,16.8140451830824
61.49899400296032,13.106552122575676
61.518994002960326,31.833872200340732
61.53899400296032,25.44992192133471
61.55899400296032,26.484010199517964
61.57899400296032,36.606849152406355
61.598994002960325,11.04266049151689
61.61899400296032,16.076220001226087
61.63899400296032,23.181227695719013
61.65899400296032,15.964186021268995
61.67899400296032,29.44412060056123
61.69899400296032,19.744212535651364
61.718994002960315,11.698338804891014
61.73899400296032,22.28685839561142
61.75899400296032,23.338016734722643
61.77899400296032,30.98694964789893
61.79899400296031,25.577050642329418
61.818994002960316,26.262630706254587
61.83899400296032,24.859621394618863
61.858994002960316,19.78002967377991
61.87899400296031,14.505626628139357
61.898994002960315,24.561776738901813
61.91899400296032,18.347733547099182
61.938994002960314,38.582807924578134
61.95899400296031,35.11201770273598
61.97899400296031,28.024211623922934
61.998994002960316,25.48612773923604
62.01899400296031,20.82751837278433
62.03899400296031,9.101534585664877
62.05899400296031,19.55672515253188
62.078994002960314,22.738135666284894
62.09899400296031,24.024400472780933
62.11899400296031,26.430912233936883
62.13899400296031,30.95457580702867
62.15899400296031,14.82547079447728
62.17899400296031,14.922005530768457
62.198994002960305,36.26709088962434
62.21899400296031,29.474114860888633
62.23899400296031,17.862376801332775
62.25899400296031,20.703774153276754
62.2789940029603,20.754558352053067
62.298994002960306,22.103263362899796
62.31899400296031,26.520189718413878
62.338994002960305,47.14913523696833
62.3589940029603,23.702634680847694
62.378994002960304,28.4369241693079
62.39899400296031,4.952061490811282
62.418994002960304,16.973726793610616
62.4389940029603,34.11678718745199
62.4589940029603,25.85771377207746
62.478994002960306,0.0
62.4989940029603,28.586674012519595
62.5189940029603,41.03404534637147
62.5389940029603,1.8992971651608492
62.558994002960304,37.058233613605445
62.5789940029603,0.0
62.598994002960296,31.256350538518536
62.6189940029603,21.795895205670565
62.6389940029603,0.0
62.6589940029603,26.35583696275248
62.678994002960295,33.408913006191554
62.6989940029603,25.545454503546033
62.7189940029603,27.76094190162612
62.7389940029603,17.80199757704311
62.75899400296029,3.3109664099613916
62.778994002960296,28.849621528210783
62.7989940029603,39.4346499114652
62.818994002960295,33.23906072946194
62.83899400296029,2.0706474078779067
62.858994002960294,6.80662718346742
62.8789940029603,13.502071412699136
62.89899400296029,6.038183904772913
62.91899400296029,22.416039200204825
62.93899400296029,25.914511632016964
62.958994002960296,7.684046300148204
62.97899400296029,29.7641012427425
62.99899400296029,28.010105560887006
63.01899400296029,16.52373628442972
63.038994002960294,20.286381014849777
63.05899400296029,2.519874377754757
63.078994002960286,18.701561736878883
63.09899400296029,22.104342100449955
63.11899400296029,23.724289252788594
63.13899400296029,25.83191523202873
63.158994002960284,24.491908213377734
63.17899400296029,19.41241032351653
63.19899400296029,24.924165070572396
63.21899400296029,32.08891574860817
63.23899400296028,21.120007062339045
63.258994002960286,25.257340480935454
63.27899400296029,20.226096508181374
63.298994002960285,15.626645304985948
63.31899400296028,27.329470234373893
63.338994002960284,16.55486496703826
63.35899400296029,25.975055997967488
63.37899400296028,22.40261500581807
63.39899400296028,19.087200539126364
63.41899400296028,18.851616694948376
63.438994002960285,17.05834449032866
63.45899400296028,5.6880637651232
63.47899400296028,25.981559170056787
63.49899400296028,24.47462085195741
63.518994002960284,30.662411140078014
63.53899400296028,16.857707231972935
63.558994002960276,41.13269175959641
63.57899400296028,18.38808687374317
63.59899400296028,13.44095236257087
63.61899400296028,12.261813590453537
63.638994002960274,4.8660643202132725
63.65899400296028,37.53820438648946
63.67899400296028,35.9292480138308
63.698994002960276,28.232685899202572
63.71899400296027,13.271017864487927
63.738994002960276,40.351265924430706
63.75899400296028,18.728092141910995
63.778994002960275,19.56173156180266
63.79899400296027,36.6312982509526
63.818994002960274,28.85454230639988
63.83899400296028,44.28320829347693
63.85899400296027,24.766151369633647
63.87899400296027,18.315384034141662
63.89899400296027,16.174417848558146
63.918994002960275,3.8292909409558256
63.93899400296027,19.520092377690325
63.95899400296027,33.75879223677463
63.97899400296027,28.308020654310553
63.99899400296027,22.529590395714425
64.01899400296027,12.384008603998486
64.03899400296027,24.6089372305795
64.05899400296026,32.47520939345179
64.07899400296027,26.66114146648472
64.09899400296027,24.02818841410017
64.11899400296026,14.39815924305385
64.13899400296027,31.046464203594507
64.15899400296027,0.0
64.17899400296027,26.21695735528029
64.19899400296026,48.098663966248026
64.21899400296026,7.318665347420422
64.23899400296027,19.99567089766167
64.25899400296026,22.337232913569014
64.27899400296026,17.79750317676995
64.29899400296027,32.79407336396652
64.31899400296027,27.161851807604457
64.33899400296026,23.967367205914513
64.35899400296026,30.424121985290103
64.37899400296025,22.62594742025871
64.39899400296026,54.26414022250723
64.41899400296026,23.98603071035818
64.43899400296026,24.432459419101136
64.45899400296027,5.38204600639579
64.47899400296026,17.059322293167273
64.49899400296026,33.97471244048808
64.51899400296026,9.153488189409067
64.53899400296025,0.9396171433142584
64.55899400296026,22.845487299152683
64.57899400296026,36.23693409854237
64.59899400296025,22.960474171874587
64.61899400296026,19.18261570037649
64.63899400296026,3.9662380343733226
64.65899400296026,27.08104563406788
64.67899400296025,29.178962483494573
64.69899400296025,4.7573643218714
64.71899400296026,33.93029231845445
64.73899400296025,30.25624715327561
64.75899400296025,33.945490914234504
64.77899400296026,28.498598086040108
64.79899400296026,29.276652009923886
64.81899400296025,28.090370173104457
64.83899400296025,31.831591273162253
64.85899400296024,5.429749792411332
64.87899400296025,9.415612054058784
64.89899400296025,18.402129302702196
64.91899400296025,26.57985995746539
64.93899400296026,34.96841013830078
64.95899400296025,38.98953671566054
64.97899400296025,53.368100928807564
64.99899400296025,62.22079650199995
65.01899400296024,52.77372802415681
65.03899400296025,76.7746542179328
65.05899400296025,80.53895807637458
65.07899400296024,102.78097074804936
65.09899400296025,123.52977253011863
65.11899400296025,100.65932422500339
65.13899400296025,170.81487486108767
65.15899400296024,160.71303052146226
65.17899400296024,153.00857587283303
65.19899400296025,177.34862142753772
65.21899400296024,149.02655245793937
65.23899400296024,144.1667933506769
65.25899400296025,125.19326120686752
65.27899400296025,131.86818724368587
65.29899400296024,98.85898497666776
65.31899400296024,86.3358042862271
65.33899400296023,83.04254407048484
65.35899400296024,64.81923528810368
65.37899400296024,48.459996099717735
65.39899400296024,52.23518569138956
65.41899400296025,60.568858269841634
65.43899400296024,34.05590968273849
65.45899400296024,29.06675420189753
65.47899400296023,27.622747405102874
65.49899400296023,37.756980049941774
65.51899400296024,17.88858646220624
65.53899400296024,20.645816315354974
65.55899400296023,7.8024903773445615
65.57899400296024,11.204820905726478
65.59899400296024,17.799568398159053
65.61899400296024,22.389003660473183
65.63899400296023,40.62915832971702
65.65899400296023,28.297763872879052
65.67899400296024,13.821136494159232
65.69899400296023,15.668303636821513
65.71899400296023,36.70271027388602
65.73899400296024,34.22883823681423
65.75899400296024,23.251911045903555
65.77899400296023,18.55289478350146
65.79899400296023,34.23526765099618
65.81899400296022,13.06046581671888
65.83899400296023,26.921851531570702
65.85899400296023,45.735958761382676
65.87899400296023,25.070757185005274
65.89899400296024,15.268947077311275
65.91899400296023,27.13658032548046
65.93899400296023,18.34066742503751
65.95899400296022,9.107467360444247
65.97899400296022,30.066867098204227
65.99899400296023,34.24274169852061
66.01899400296023,19.963231651423968
66.03899400296022,19.307852109488152
66.05899400296023,13.472475200286013
66.07899400296023,21.596703134188086
66.09899400296023,17.480315086824817
66.11899400296022,13.001621559551232
66.13899400296022,42.041595957914595
66.15899400296023,27.792804749002638
66.17899400296022,28.85980627306403
66.19899400296022,31.977839160424388
66.21899400296023,30.862203567460355
66.23899400296023,19.028749434428992
66.25899400296022,25.89339237172864
66.27899400296022,20.4855880793948
66.29899400296021,27.568565533383996
66.31899400296022,26.608884075675913
66.33899400296022,19.37342808799575
66.35899400296022,9.915108481209138
66.37899400296023,24.678540810270178
66.39899400296022,21.181559392254982
66.41899400296022,4.328625305578093
66.43899400296021,28.31706844958897
66.45899400296021,32.90198430991137
66.47899400296022,48.54024979812168
66.49899400296022,19.3528412861357
66.51899400296021,17.885838024892045
66.53899400296022,12.186896737703579
66.55899400296022,25.37568552226871
66.57899400296021,25.32061702476474
66.59899400296021,15.192649962440697
66.6189940029602,21.56450189357988
66.63899400296022,3.5353407430306767
66.65899400296021,32.59397086634549
66.67899400296021,15.63162602792414
66.69899400296022,23.000079590428253
66.71899400296022,9.087942597481742
66.73899400296021,17.53958373041867
66.75899400296021,20.575460295765975
66.7789940029602,23.266724641204803
66.79899400296021,28.185228702482654
66.81899400296021,37.78693395771887
66.8389940029602,30.731581247860788
66.85899400296022,33.03441505318308
66.87899400296021,37.88211760945436
66.89899400296021,29.126471282782113
66.9189940029602,23.07064552058285
66.9389940029602,33.53717058265704
66.95899400296021,34.18448743957821
66.9789940029602,29.948405018379017
66.9989940029602,8.92483170837191
67.01899400296021,15.064876151388452
67.03899400296021,20.739315591525322
67.0589940029602,31.29245471685835
67.0789940029602,23.291177106892807
67.0989940029602,34.881733312864085
67.1189940029602,36.67382782142878
67.1389940029602,35.52158963343477
67.1589940029602,35.593722843348765
67.17899400296021,13.176819225180973
67.1989940029602,28.381563142995375
67.2189940029602,17.488376401083805
67.2389940029602,7.081470926836495
67.2589940029602,20.705899099285716
67.2789940029602,36.8364649871679
67.2989940029602,28.205009056753383
67.3189940029602,43.784184991885255
67.3389940029602,25.38690372628726
67.3589940029602,48.10114946675115
67.3789940029602,25.406862484534496
67.3989940029602,23.864990112635063
67.41899400296019,10.85483179865015
67.4389940029602,34.76291419441189
67.4589940029602,18.644598184344346
67.47899400296019,17.20394431234293
67.4989940029602,36.49530610889972
67.5189940029602,35.27381543796298
67.5389940029602,35.020699196424445
67.55899400296019,20.086879435342553
67.57899400296019,23.207645833327113
67.5989940029602,23.12748266044953
67.61899400296019,31.559839017306707
67.63899400296019,39.27894287242775
67.6589940029602,27.433409101658654
67.6789940029602,43.509510132258846
67.69899400296019,32.74120753635996
67.71899400296019,21.42994182205132
67.73899400296018,32.073730542939046
67.7589940029602,40.854708279920885
67.77899400296019,43.78689261157986
67.79899400296019,35.6816217650366
67.8189940029602,24.0781666334245
67.83899400296019,21.663211552354067
67.85899400296019,29.599569324193787
67.87899400296018,40.58735761785981
67.89899400296018,28.194050426048477
67.91899400296019,28.410432604791467
67.93899400296019,24.38785523615544
67.95899400296018,20.603736979449746
67.97899400296019,22.27008153918817
67.99899400296019,25.254473526205675
68.01899400296018,41.09000875367623
68.03899400296018,21.52067415402689
68.05899400296018,24.452743858137264
68.07899400296019,15.281665647358697
68.09899400296018,31.110580042325324
68.11899400296018,37.61989624575204
68.13899400296019,40.20692593493132
68.15899400296018,26.004443655926153
68.17899400296018,29.723200073147062
68.19899400296018,22.45302072876804
68.21899400296017,29.27758531718124
68.23899400296018,27.145932455553602
68.25899400296018,24.597815034841826
68.27899400296018,25.401606119164256
68.29899400296019,28.552197847534792
68.31899400296018,21.100364246304487
68.33899400296018,21.625841999893737
68.35899400296017,41.13335910882975
68.37899400296017,51.17414341829705
68.39899400296018,12.033950689221871
68.41899400296018,11.491860243250763
68.43899400296017,14.524003769787434
68.45899400296018,23.071615287416858
68.47899400296018,33.071279547830464
68.49899400296017,30.034986447943133
68.51899400296017,25.851758556218563
68.53899400296017,29.429800370480173
68.55899400296018,17.228588579200554
68.57899400296017,21.717235185177863
68.59899400296017,23.966537669322758
68.61899400296018,8.334347488395055
68.63899400296017,12.572444008055204
68.65899400296017,12.978928055264722
68.67899400296017,31.844720932668963
68.69899400296016,26.66624560479165
68.71899400296017,30.332372918885593
68.73899400296017,5.834283175418161
68.75899400296016,9.404245704796509
68.77899400296018,30.88115377665509
68.79899400296017,0.0
68.81899400296017,36.513488439604316
68.83899400296016,6.043132069685022
68.85899400296016,32.718868303513496
68.87899400296017,15.408696234322706
68.89899400296017,34.792709929728204
68.91899400296016,56.39441939198244
68.93899400296017,1.5901785852701131
68.95899400296017,31.28487813776427
68.97899400296016,6.258638415043336
68.99899400296016,28.617120764239424
69.01899400296016,22.290882976984285
69.03899400296017,25.665607966990507
69.05899400296016,15.260109148443743
69.07899400296016,32.191577195566
69.09899400296017,9.911788909309058
69.11899400296016,36.82094808594584
69.13899400296016,20.32128751831318
69.15899400296016,10.396105877309674
69.17899400296015,40.38160987108082
69.19899400296016,23.76805099524276
69.21899400296016,43.52707999264251
69.23899400296015,36.67353120535236
69.25899400296016,16.487769327322162
69.27899400296016,23.628591647600633
69.29899400296016,25.698139134023744
69.31899400296015,39.760068596115886
69.33899400296015,28.881497347016236
69.35899400296016,26.278536779401133
69.37899400296016,22.526111770291774
69.39899400296015,24.028641053043998
69.41899400296016,37.58944271587815
69.43899400296016,24.58989247145635
69.45899400296015,20.612189991443458
69.47899400296015,18.926421405445105
69.49899400296015,19.04317847622821
69.51899400296016,10.5692135826407
69.53899400296015,17.095770543354046
69.55899400296015,39.593083001327635
69.57899400296016,22.552250771575046
69.59899400296015,31.67172968900349
69.61899400296015,0.0
69.63899400296015,30.32948474488427
69.65899400296014,23.042233596128582
69.67899400296015,19.850755807283377
69.69899400296015,26.484157398000285
69.71899400296014,19.72571344394043
69.73899400296015,3.4546312915419186
69.75899400296015,33.925280740006784
69.77899400296015,27.142404088515015
69.79899400296014,21.582237362553027
69.81899400296014,15.069247891909981
69.83899400296015,10.041972401104342
69.85899400296015,26.988926808652923
69.87899400296014,40.89386772157744
69.89899400296015,26.800587452922876
69.91899400296015,10.950777354875086
69.93899400296014,27.039037559828433
69.95899400296014,24.263923663199293
69.97899400296014,33.447278644426056
69.99899400296015,30.883669336810183
70.01899400296014,0.0
70.03899400296014,30.287768124675132
70.05899400296015,14.810065282347903
70.07899400296014,10.637091257511376
70.09899400296014,22.979169839596874
70.11899400296014,28.983146260787777
70.13899400296013,8.475626229675505
70.15899400296014,31.938279579139717
70.17899400296014,32.53545285291205
70.19899400296013,25.381381181664914
70.21899400296014,16.24494360852971
70.23899400296014,15.136966391091985
70.25899400296014,35.19964008000822
70.27899400296013,9.837670018470046
70.29899400296013,35.60418537779579
70.31899400296014,23.317078810359973
70.33899400296013,24.020320762099207
70.35899400296013,7.907389764962879
70.37899400296014,23.53070726096948
70.39899400296014,31.14334112698932
70.41899400296013,11.653003133291424
70.43899400296013,30.013086348419584
70.45899400296013,25.926479474758633
70.47899400296014,18.608435638497614
70.49899400296013,33.602363036163105
70.51899400296013,3.042710410247686
70.53899400296014,28.541737029368633
70.55899400296013,41.27893805642387
70.57899400296013,39.493680271048824
70.59899400296013,29.001983939086102
70.61899400296012,22.096782254058905
70.63899400296013,18.76524313825069
70.65899400296013,22.103694838393682
70.67899400296012,30.580714694371082
70.69899400296013,17.079898940999062
70.71899400296013,32.73627527778312
70.73899400296013,46.503347678894364
70.75899400296012,24.562620827660826
70.77899400296012,11.747221083248661
70.79899400296013,11.753442825704663
70.81899400296012,32.976272192964046
70.83899400296012,24.622886465953613
70.85899400296013,33.998393967161995
70.87899400296013,19.903484415654052
70.89899400296012,33.555809411629355
70.91899400296012,23.676334337455152
70.93899400296011,17.94404273963847
70.95899400296013,21.26886078943602
70.97899400296012,13.318069349903851
70.99899400296012,45.19198083714723
71.01899400296013,24.34434446186985
71.03899400296012,31.763085807725247
71.05899400296012,19.959040871351263
71.07899400296012,14.818246193493074
71.09899400296011,23.008516429775053
71.11899400296012,36.36904888918187
71.13899400296012,20.159612526942624
71.15899400296011,16.6714224465812
71.17899400296012,26.941201176231765
71.19899400296012,30.38660610238514
71.21899400296012,41.83468792868331
71.23899400296011,28.953541929357325
71.25899400296011,31.865799575210232
71.27899400296012,32.628465520385554
71.29899400296011,13.915404388380635
71.31899400296011,15.822087232984437
71.33899400296012,14.626299423239875
71.35899400296012,12.153663773822224
71.37899400296011,33.43958369888026
71.39899400296011,28.395354072403176
71.4189940029601,26.299686556565245
71.43899400296011,0.0
71.45899400296011,46.07925365700658
71.4789940029601,16.59165136079396
71.49899400296012,46.06238976997329
71.51899400296011,11.061742667150899
71.53899400296011,17.440045584073914
71.5589940029601,3.545467451469495
71.5789940029601,29.205119531914722
71.59899400296011,14.581214427324777
71.61899400296011,14.873698302450142
71.6389940029601,11.888479202741275
71.65899400296011,33.3970978339662
71.67899400296011,32.7481138333999
71.6989940029601,43.7637505966556
71.7189940029601,18.796284078247893
71.7389940029601,27.851486815470405
71.75899400296011,12.779888137859178
71.7789940029601,22.332801060178298
71.7989940029601,20.5046934770624
71.81899400296011,30.34760563176288
71.8389940029601,35.883287670407306
71.8589940029601,35.63370414431837
71.8789940029601,17.304886201834208
71.8989940029601,35.727663694332634
71.9189940029601,25.312113015047604
71.9389940029601,22.516979156943027
71.9589940029601,18.687820947099244
71.9789940029601,20.18356951844776
71.9989940029601,43.216061496001046
72.0189940029601,28.87703017394505
72.0389940029601,27.559044339752877
72.05899400296009,23.200464493645747
72.0789940029601,50.292730243966005
72.0989940029601,38.89306388266367
72.1189940029601,18.642356502604887
72.1389940029601,23.126849529445625
72.1589940029601,23.730580815902954
72.1789940029601,27.34177593048446
72.19899400296009,18.880829822011485
72.21899400296009,30.291292262915572
72.2389940029601,40.434049288644154
72.2589940029601,12.786931452805467
72.27899400296009,14.651793359820172
72.2989940029601,21.111726956603103
72.3189940029601,21.585412255908743
72.33899400296009,45.948085498056784
72.35899400296009,35.99058136817007
72.37899400296008,35.4267786080467
72.3989940029601,23.349967549585276
72.41899400296009,23.140563271304206
72.43899400296009,11.496719490144695
72.4589940029601,33.84125560864233
72.47899400296009,30.944482465913
72.49899400296009,38.90399652111148
72.51899400296008,23.945815541650592
72.53899400296008,24.64641433600039
72.55899400296009,27.774757505830387
72.57899400296009,35.003377674452175
72.59899400296008,11.392348652001974
72.6189940029601,33.46517239588623
72.63899400296009,25.90976483171286
72.65899400296009,15.538460355729782
72.67899400296008,5.288891254903611
72.69899400296008,24.780330550646482
72.71899400296009,40.63231950941222
72.73899400296008,42.91216144802159
72.75899400296008,29.729205065369616
72.77899400296009,45.80563082669879
72.79899400296009,25.766297617276393
72.81899400296008,35.738881228203915
72.83899400296008,21.703677071405316
72.85899400296007,21.08014077747101
72.87899400296008,19.461184149878456
72.89899400296008,5.64113491171522
72.91899400296008,39.127498939965925
72.93899400296009,19.850406777275726
72.95899400296008,18.262501047231318
72.97899400296008,14.487332530092024
72.99899400296007,24.253618284931505
73.01899400296007,43.942301839931545
73.03899400296008,47.25533608388173
73.05899400296008,9.719050393543583
73.07899400296007,22.793413479602073
73.09899400296008,16.00449271541267
73.11899400296008,36.241627471920054
73.13899400296008,29.234367819948538
73.15899400296007,20.012923981435996
73.17899400296007,27.114535567654407
73.19899400296008,21.62480862971875
73.21899400296007,42.55164842238791
73.23899400296007,31.888977793676638
73.25899400296008,33.12781452482781
73.27899400296008,0.0
73.29899400296007,25.782096302387085
73.31899400296007,47.29229773856688
73.33899400296006,39.7316863217882
73.35899400296007,8.0097096290081
73.37899400296007,23.356559398704718
73.39899400296007,14.485837651410973
73.41899400296008,43.622264824194126
73.43899400296007,28.96425125537671
73.45899400296007,18.85373432660929
73.47899400296006,26.883493107053916
73.49899400296006,0.47848436225618585
73.51899400296007,15.712754810392937
73.53899400296007,26.937035483106065
73.55899400296006,35.03958445426488
73.57899400296007,7.179924250783209
73.59899400296007,22.7917491860194
73.61899400296006,36.710398550901104
73.63899400296006,12.10924889814564
73.65899400296006,28.925853516490257
73.67899400296007,27.304015254186126
73.69899400296006,43.798320485974145
73.71899400296006,24.363404392469754
73.73899400296007,24.959011339995428
73.75899400296007,35.23486779161554
73.77899400296006,13.432038428835472
73.79899400296006,24.49694978338818
73.81899400296005,22.158790347331717
73.83899400296006,25.337182779857525
73.85899400296006,35.220627669094554
73.87899400296006,32.28844210128075
73.89899400296007,19.270270011644552
73.91899400296006,28.134352729194504
73.93899400296006,41.6820461654719
73.95899400296005,18.47424407162076
73.97899400296005,28.24984158229887
73.99899400296006,24.876841388305404
74.01899400296006,26.18867401633049
74.03899400296005,10.522425583865513
74.05899400296006,40.94690957280412
74.07899400296006,19.10604281278623
74.09899400296005,37.12056386085062
74.11899400296005,20.656361939142187
74.13899400296005,20.625366860605737
74.15899400296006,39.02193272079321
74.17899400296005,36.83983454110316
74.19899400296005,28.997937216736272
74.21899400296006,34.53307485349232
74.23899400296006,24.04633406572706
74.25899400296005,26.858479465458583
74.27899400296005,20.336207030821672
74.29899400296004,36.00339697668855
74.31899400296005,20.038911992606334
74.33899400296005,41.834907843570576
74.35899400296005,23.83530304717129
74.37899400296006,27.209031929919167
74.39899400296005,34.601529255834365
74.41899400296005,27.26319719780774
74.43899400296004,24.05577493369893
74.45899400296004,26.744929820056964
74.47899400296005,35.99365516318386
74.49899400296005,20.437257820508087
74.51899400296004,25.813719445131472
74.53899400296005,27.189267305867844
74.55899400296005,35.74256351795385
74.57899400296004,26.108570346614766
74.59899400296004,45.20032852229552
74.61899400296004,25.5622662385208
74.63899400296005,24.761130993121043
74.65899400296004,25.43796242258902
74.67899400296004,13.99218649076842
74.69899400296005,16.801650302230396
74.71899400296005,21.87256869567603
74.73899400296004,38.54785571249114
74.75899400296004,26.868617045855714
74.77899400296003,22.363756920255547
74.79899400296004,39.48586818775182
74.81899400296004,42.742614691101736
74.83899400296004,39.79499129385162
74.85899400296005,18.7205907039986
74.87899400296004,22.30932911184886
74.89899400296004,45.40950127710294
74.91899400296003,29.693863353735686
74.93899400296003,24.61652222103639
74.95899400296004,34.48659947292027
74.97899400296004,37.38643805303023
74.99899400296003,21.609279697094166
75.01899400296004,29.52850350346093
75.03899400296004,36.61003358113934
75.05899400296003,15.751890838763682
75.07899400296003,27.48854669656615
75.09899400296003,16.231525807150813
75.11899400296004,17.54994795201428
75.13899400296003,21.765083075234458
75.15899400296003,32.177610479576536
75.17899400296004,24.196520363991713
75.19899400296003,20.94289722598389
75.21899400296003,27.952956186772177
75.23899400296003,15.978115578127992
75.25899400296002,31.74610755267088
75.27899400296003,38.78227569057829
75.29899400296003,26.686700517756027
75.31899400296003,25.46258398810574
75.33899400296004,31.233810560418718
75.35899400296003,7.225046037638794
75.37899400296003,32.888248057012376
75.39899400296002,58.549264837802085
75.41899400296002,26.313977919618218
75.43899400296003,26.35982312195817
75.45899400296003,34.99747676327031
75.47899400296002,44.02506669905299
75.49899400296003,37.33175164471459
75.51899400296003,6.036337503189845
75.53899400296002,33.236727636509706
75.55899400296002,53.33237354221352
75.57899400296002,33.84781522321685
75.59899400296003,16.087718101494758
75.61899400296002,30.462365746607276
75.63899400296002,14.847529023693006
75.65899400296003,39.99277020780395
75.67899400296002,18.116238933033067
75.69899400296002,28.427832355471775
75.71899400296002,19.11792685777234
75.73899400296001,22.241576822108936
75.75899400296002,42.577894003710256
75.77899400296002,28.76128894603787
75.79899400296001,22.14502189318022
75.81899400296003,16.29509581311063
75.83899400296002,9.040689084592032
75.85899400296002,15.255225551901653
75.87899400296001,28.89795172891485
75.89899400296001,37.59102389470896
75.91899400296002,22.195497618810013
75.93899400296002,43.5147743051816
75.95899400296001,20.644659226951255
75.97899400296002,25.449870744834048
75.99899400296002,17.04454464469318
76.01899400296001,37.7582523950888
76.03899400296001,48.83606369499217
76.05899400296,10.253109730994382
76.07899400296002,24.41997969737681
76.09899400296001,40.539719132035124
76.11899400296001,13.432784936421424
76.13899400296002,33.579397897752955
76.15899400296001,40.13759867259701
76.17899400296001,28.715481798578338
76.19899400296,33.44614046780667
76.21899400296,45.56284881888323
76.23899400296001,47.44840477052911
76.25899400296001,27.354780420696763
76.27899400296,22.660986406094132
76.29899400296001,18.795275139825435
76.31899400296001,37.77502808666945
76.33899400296,14.297940293552292
76.35899400296,25.500263714807986
76.37899400296,29.063208938622694
76.39899400296001,23.01659212427314
76.41899400296,30.855124788986913
76.43899400296,53.71235905094145
76.45899400296001,26.86154251258397
76.47899400296001,23.733773485565685
76.49899400296,38.25144812014369
76.51899400296,30.504265183905492
76.53899400296,42.51208404727626
76.55899400296,29.77589882961017
76.57899400296,25.655085528446136
76.59899400296,10.312362361405793
76.61899400296001,11.962556572842363
76.63899400296,9.81320748667661
76.65899400296,31.973875522127145
76.67899400296,14.568277094270202
76.69899400295999,40.75683212809932
76.71899400296,28.5138092127081
76.73899400296,25.77975796464316
76.75899400296,19.79335846838601
76.77899400296,34.46477721815353
76.79899400296,20.20749048230052
76.81899400296,18.408965983553035
76.83899400295999,40.15652095809396
76.85899400295999,31.829507445852617
76.87899400296,25.944273976971317
76.89899400296,34.71816884045363
76.91899400295999,28.403426747222397
76.93899400296,32.15450680999823
76.95899400296,20.16616181449515
76.97899400296,49.048890680566764
76.99899400295999,22.558966865396794
77.01899400295999,43.925589936895115
77.03899400296,26.486996451179916
77.05899400295999,36.45691250625699
77.07899400295999,35.73843085117033
77.09899400296,39.87496600640075
77.11899400296,20.01046203711602
77.13899400295999,39.183301812350635
77.15899400295999,46.90159301351531
77.17899400295998,25.860509407948076
77.19899400295999,28.804742535978534
77.21899400295999,23.233456049275045
77.23899400295998,25.013798484182928
77.25899400296,45.602625426869416
77.27899400295999,18.45628648442733
77.29899400295999,19.087675689207714
77.31899400295998,44.628103264779355
77.33899400295998,34.77480596051237
77.35899400295999,49.74324977826516
77.37899400295998,24.045384258161718
77.39899400295998,29.822803096902806
77.41899400295999,21.96344109160612
77.43899400295999,30.013438714458346
77.45899400295998,10.849674224832139
77.47899400295998,35.45039858213849
77.49899400295998,31.84580329383386
77.51899400295999,28.04572288017821
77.53899400295998,24.727830884575148
77.55899400295998,19.694136439642065
77.57899400295999,35.929005150634985
77.59899400295998,16.951173401713657
77.61899400295998,33.79122709636648
77.63899400295998,49.42697410701782
77.65899400295997,43.547864671582246
77.67899400295998,13.651557405066612
77.69899400295998,23.345640672650063
77.71899400295997,32.937710500887924
77.73899400295998,28.030563046656738
77.75899400295998,14.749501584936045
77.77899400295998,32.606892090237004
77.79899400295997,28.663734716157744
77.81899400295997,47.91732610655654
77.83899400295998,26.251950586231708
77.85899400295997,40.474434273566814
77.87899400295997,16.133676390228693
77.89899400295998,18.53462461445707
77.91899400295998,36.04149151141809
77.93899400295997,39.67233116465444
77.95899400295997,19.271244645807833
77.97899400295996,29.096091599440648
77.99899400295998,15.049668484812516
78.01899400295997,27.06340167738366
78.03899400295997,37.25496452923795
78.05899400295998,24.546285403814537
78.07899400295997,26.415654024944626
78.09899400295997,17.61817473507095
78.11899400295997,22.442669137296406
78.13899400295996,46.51748389050042
78.15899400295997,29.67574197707734
78.17899400295997,18.933530579135663
78.19899400295996,25.819000763841867
78.21899400295997,13.002552877847414
78.23899400295997,18.84533778118878
78.25899400295997,42.600434470204306
78.27899400295996,27.58231195458702
78.29899400295996,47.92453379724531
78.31899400295997,28.073846185631314
78.33899400295996,28.677626817134716
78.35899400295996,35.45644122455787
78.37899400295997,2.331706306198054
78.39899400295997,31.117054460900327
78.41899400295996,28.58787202400274
78.43899400295996,43.94819808185414
78.45899400295995,38.744671869849086
78.47899400295996,17.77102637126172
78.49899400295996,41.53939120612529
78.51899400295996,26.504918029368397
78.53899400295997,20.093585737371797
78.55899400295996,31.119201651648986
78.57899400295996,27.130523133990046
78.59899400295996,44.55291376133698
78.61899400295995,32.58452119677536
78.63899400295996,31.244926749588718
78.65899400295996,38.20484131387836
78.67899400295995,40.13711590426256
78.69899400295996,37.054476175432654
78.71899400295996,43.42308171855308
78.73899400295996,35.32528910402232
78.75899400295995,30.92499381089719
78.77899400295995,41.6502101552594
78.79899400295996,28.359534664058852
78.81899400295995,29.610963896339804
78.83899400295995,46.504266689157475
78.85899400295996,45.517733672099155
78.87899400295996,29.226725270527492
78.89899400295995,24.78295456257673
78.91899400295995,43.960188360062276
78.93899400295994,37.34261596377098
78.95899400295995,32.50421993536722
78.97899400295995,26.139651260249273
78.99899400295995,32.68531105588862
79.01899400295996,29.161223492168155
79.03899400295995,22.7448850112073
79.05899400295995,30.688644680183742
79.07899400295994,32.06241228746757
79.09899400295994,25.66416742593072
79.11899400295995,38.46631705051824
79.13899400295995,42.326321939990166
79.15899400295994,39.14690856700921
79.17899400295995,26.695377130969742
79.19899400295995,37.026001094701826
79.21899400295995,30.257320792166666
79.23899400295994,17.13016346969252
79.25899400295994,36.22482912916279
79.27899400295995,30.968759471657616
79.29899400295994,55.45282640778763
79.31899400295994,44.09995393003652
79.33899400295995,36.64864133996107
79.35899400295995,32.03873479814197
79.37899400295994,31.19413786984744
79.39899400295994,19.529902314401767
79.41899400295993,12.186800585766054
79.43899400295994,20.860953727669393
79.45899400295994,29.11924202932163
79.47899400295994,8.550882231444117
79.49899400295995,24.17291528144053
79.51899400295994,27.149856429855543
79.53899400295994,27.481570127659307
79.55899400295993,23.02844390472632
79.57899400295993,26.24038126777793
79.59899400295994,46.90429249692857
79.61899400295994,36.29663709204449
79.63899400295993,24.082001805205806
79.65899400295994,29.011352201479916
79.67899400295994,29.42151243162889
79.69899400295994,22.03490232423154
79.71899400295993,22.03296050640862
79.73899400295993,39.839304036377634
79.75899400295994,25.54601631258506
79.77899400295993,18.806687555810342
79.79899400295993,29.332034385870973
79.81899400295994,30.953316798754617
79.83899400295994,10.055953485259526
79.85899400295993,29.38530360599569
79.87899400295993,38.48233296026785
79.89899400295992,34.32458885869564
79.91899400295993,52.12000247463416
79.93899400295993,42.34289737598309
79.95899400295993,44.33088891998522
79.97899400295994,57.8521490191569
79.99899400295993,37.44258811171534
80.01899400295993,31.50145823218249
80.03899400295992,39.617884549511245
80.05899400295992,24.297837525587155
80.07899400295993,30.976780059377575
80.09899400295993,23.432350177656552
80.11899400295992,33.89917664578541
80.13899400295993,23.40993934797911
80.15899400295993,23.069439062498112
80.17899400295993,34.08314547865382
80.19899400295992,28.580981258465208
80.21899400295992,10.692562038622125
80.23899400295993,15.42187650170702
80.25899400295992,18.51444768745921
80.27899400295992,21.16705497509072
80.29899400295993,34.15066329080242
80.31899400295993,32.20546893088036
80.33899400295992,40.67851912441506
80.35899400295992,37.563383045975
80.37899400295991,40.76402822817266
80.39899400295992,36.13858885017556
80.41899400295992,32.16104269399727
80.43899400295992,41.06738407054271
80.45899400295993,39.277605965578225
80.47899400295992,33.854037459012716
80.49899400295992,42.81340254102729
80.51899400295991,6.654395748891176
80.53899400295991,27.217235045470765
80.55899400295992,27.073544993679462
80.57899400295992,41.667855517641826
80.59899400295991,45.86454801322357
80.61899400295992,15.658369829732
80.63899400295992,44.28139492765989
80.65899400295991,18.46482512545168
80.67899400295991,18.776672453885332
80.6989940029599,27.85550991326461
80.71899400295992,27.025838324572547
80.73899400295991,14.633260419471565
80.75899400295991,36.7257371627726
80.77899400295992,37.030499905883644
80.79899400295992,40.78640384970513
80.81899400295991,25.920940797553385
80.83899400295991,29.869167109833416
80.8589940029599,29.9702167108858
80.87899400295991,47.16393079026272
80.89899400295991,1.951010459423216
80.9189940029599,20.733490579770084
80.93899400295992,30.367812134447174
80.95899400295991,19.466164826455582
80.97899400295991,27.74812088346236
80.9989940029599,29.080020163804196
81.0189940029599,23.773359280977783
81.03899400295991,31.00434822071769
81.0589940029599,36.650584056784155
81.0789940029599,28.01585285649229
81.09899400295991,25.855989682164633
81.11899400295991,28.739701237206024
81.1389940029599,30.332393965431947
81.1589940029599,13.012962432361991
81.1789940029599,35.041091524255286
81.1989940029599,25.924927893689144
81.2189940029599,43.05967234383871
81.2389940029599,36.364231303276675
81.25899400295991,42.16372906323887
81.2789940029599,20.362389060682272
81.2989940029599,26.767916044894868
81.3189940029599,18.066546502849736
81.3389940029599,23.448561650088507
81.3589940029599,43.03086376733343
81.3789940029599,45.39404448486884
81.3989940029599,19.047128321167456
81.4189940029599,25.955000509438744
81.4389940029599,29.785129735280936
81.4589940029599,36.412445455732936
81.4789940029599,12.967582283305777
81.49899400295989,14.544973263076454
81.5189940029599,35.48051793518191
81.5389940029599,11.103146463553642
81.55899400295989,26.134826965587003
81.5789940029599,32.23298118458343
81.5989940029599,34.7779780479496
81.6189940029599,29.213385800254134
81.63899400295989,26.9822411096074
81.65899400295989,39.09475155883883
81.6789940029599,33.51032998402903
81.69899400295989,24.197325336589074
81.71899400295989,31.05393441566105
81.7389940029599,34.51760260520951
81.7589940029599,47.87748474047169
81.77899400295989,38.567541955429306
81.79899400295989,42.85905976439968
81.81899400295988,24.61659616345127
81.8389940029599,25.490013035264248
81.85899400295989,28.387207436009128
81.87899400295989,29.314440275667643
81.8989940029599,20.67907316175439
81.91899400295989,43.42781891855847
81.93899400295989,39.611183101916524
81.95899400295988,27.730150023855078
81.97899400295988,37.21351100374965
81.99899400295989,33.035415952401806
82.01899400295989,38.016032204626654
82.03899400295988,17.38900844988071
82.05899400295989,29.396366048144422
82.07899400295989,30.307249172581997
82.09899400295988,37.18627259711505
82.11899400295988,24.78045648436976
82.13899400295988,6.277031096524613
82.15899400295989,20.83947911122644
82.17899400295988,31.7072897315155
82.19899400295988,34.06490952551347
82.21899400295989,52.04890058169766
82.23899400295988,43.80008296713511
82.25899400295988,42.8856175205198
82.27899400295988,47.58027348058218
82.29899400295987,66.91397585015547
82.31899400295988,60.412743156789475
82.33899400295988,78.04319296457318
82.35899400295988,84.40863770619211
82.37899400295989,127.87186349948708
82.39899400295988,138.07141592153206
82.41899400295988,148.935977408852
82.43899400295987,177.25215976719025
82.45899400295987,205.3727211687729
82.47899400295988,218.02953494416602
82.49899400295988,232.69616328732664
82.51899400295987,245.15037119687915
82.53899400295988,263.9066837892334
82.55899400295988,260.1680509728826
82.57899400295987,256.40200637796255
82.59899400295987,238.69388106747707
82.61899400295987,238.30842518504036
82.63899400295988,216.47205569246583
82.65899400295987,192.4019690304482
82.67899400295987,173.07367904507163
82.69899400295988,153.7669454426141
82.71899400295987,129.68602109859353
82.73899400295987,106.90017810851344
82.75899400295987,80.71866118937378
82.77899400295986,62.56807605151605
82.79899400295987,46.21507057771234
82.81899400295987,42.11637674174051
82.83899400295986,42.1339140640409
82.85899400295988,29.92587300423351
82.87899400295987,36.05480801167742
82.89899400295987,23.765383543548563
82.91899400295986,15.815034886206117
82.93899400295986,40.05414020919873
82.95899400295987,26.81046112661701
82.97899400295987,23.02798750117548
82.99899400295986,20.38547278852136
83.01899400295987,35.52287864234512
83.03899400295987,45.03170486971328
83.05899400295986,27.25232200874219
83.07899400295986,29.13259391352791
83.09899400295986,42.01178879469188
83.11899400295987,13.199124830350836
83.13899400295986,50.98072506893193
83.15899400295986,55.76162671057779
83.17899400295987,4.265875679460692
83.19899400295986,30.36285556125647
83.21899400295986,24.15705213397751
83.23899400295986,28.707432934922288
83.25899400295985,27.17992033873436
83.27899400295986,39.48997415456512
83.29899400295986,30.255287826909488
83.31899400295985,22.28051001585496
83.33899400295986,29.676317311302203
83.35899400295986,36.554589544153885
83.37899400295986,19.5781036119937
83.39899400295985,14.96154116146539
83.41899400295985,51.35985864916864
83.43899400295986,25.01670784330104
83.45899400295986,30.07598016249981
83.47899400295985,27.48008273833432
83.49899400295986,36.94743195776183
83.51899400295986,49.20296360555068
83.53899400295985,37.28290356890055
83.55899400295985,16.308405754385184
83.57899400295985,17.659306321053567
83.59899400295986,27.51936746439052
83.61899400295985,28.83514909602981
83.63899400295985,14.306425498820484
83.65899400295986,39.72779571023975
83.67899400295985,20.679620437262244
83.69899400295985,46.4842723204016
83.71899400295985,49.76600451189061
83.73899400295984,29.085556193984857
83.75899400295985,35.966222026931774
83.77899400295985,19.26541860853208
83.79899400295984,37.83004038720584
83.81899400295985,26.619730249788326
83.83899400295985,20.737669680927652
83.85899400295985,28.72503246023232
83.87899400295984,26.969252720266184
83.89899400295984,28.383480233806438
83.91899400295985,41.1402057318831
83.93899400295984,23.798654179998962
83.95899400295984,49.01027445192807
83.97899400295985,18.417753401425188
83.99899400295985,47.83094864709584
84.01899400295984,21.519826774526443
84.03899400295984,31.68307862169896
84.05899400295984,26.79951862350615
84.07899400295985,28.272452694465155
84.09899400295984,39.731562247904755
84.11899400295984,46.72449913672871
84.13899400295985,43.639710282337276
84.15899400295984,27.69412274864022
84.17899400295984,33.59345188903401
84.19899400295984,23.9383252576266
84.21899400295983,21.851795917042736
84.23899400295984,20.31247573593172
84.25899400295984,27.407928158572457
84.27899400295983,34.287884641368365
84.29899400295984,12.681834486988127
84.31899400295984,31.344597445353894
84.33899400295984,46.97652471961048
84.35899400295983,43.0435137670527
84.37899400295983,25.980682495456854
84.39899400295984,17.871904917523075
84.41899400295983,36.44703837286766
84.43899400295983,8.682544635305867
84.45899400295984,42.96645063974037
84.47899400295984,29.737107743089783
84.49899400295983,50.19404884931165
84.51899400295983,14.619444573152741
84.53899400295983,41.07860591332374
84.55899400295984,30.900089955590147
84.57899400295983,28.602698084893806
84.59899400295983,18.22278422003509
84.61899400295984,37.886703791765434
84.63899400295983,38.69859478817547
84.65899400295983,49.796485522435134
84.67899400295983,42.03368702373291
84.69899400295982,26.022198311299302
84.71899400295983,21.930483267214534
84.73899400295983,18.292142550953578
84.75899400295982,46.71723838909303
84.77899400295983,24.211180383679125
84.79899400295983,46.80314044070138
84.81899400295983,37.25947089847023
84.83899400295982,35.315678242568005
84.85899400295982,28.955855419335887
84.87899400295983,38.63914695844485
84.89899400295982,31.885579632379418
84.91899400295982,28.356013910922112
84.93899400295983,39.016044373216104
84.95899400295983,30.624115195658685
84.97899400295982,24.08831836540798
84.99899400295982,38.077753839925336
85.01899400295981,31.447439512985607
85.03899400295983,36.98419620609273
85.05899400295982,27.564287543396095
85.07899400295982,20.019453121648084
85.09899400295983,49.46917582216081
85.11899400295982,47.5923103042271
85.13899400295982,40.97179576379716
85.15899400295982,28.263579191061805
85.17899400295981,29.146236129917458
85.19899400295982,45.980410044396976
85.21899400295982,28.626544824954713
85.23899400295981,25.84698432778473
85.25899400295982,50.902580797851535
85.27899400295982,31.71113641937425
85.29899400295982,49.879835542698544
85.31899400295981,18.21932198498105
85.33899400295981,37.39273855060195
85.35899400295982,52.9293541266632
85.37899400295981,32.52366375802777
85.39899400295981,29.593729315271478
85.41899400295982,20.56386272243836
85.43899400295982,43.072409821634125
85.45899400295981,24.55528553257161
85.47899400295981,31.316057534093478
85.4989940029598,19.92668677090917
85.51899400295981,47.84821166701624
85.53899400295981,43.83566451143647
85.5589940029598,31.978499275712334
85.57899400295982,20.760382385788645
85.59899400295981,47.66845680270165
85.61899400295981,28.65757318790614
85.6389940029598,21.272335762500308
85.6589940029598,14.7106873071832
85.67899400295981,25.87968890790805
85.69899400295981,17.800421314985353
85.7189940029598,26.126045991824157
85.73899400295981,39.805782998982
85.75899400295981,28.615124800274984
85.7789940029598,35.933480497171445
85.7989940029598,25.150609759647388
85.8189940029598,33.043046125448846
85.83899400295981,51.607752202407525
85.8589940029598,28.92126111895496
85.8789940029598,36.25778357609431
85.89899400295981,16.765573593975155
85.9189940029598,47.629253114798445
85.9389940029598,27.663460961509607
85.9589940029598,42.94818843388968
85.9789940029598,31.21836296984913
85.9989940029598,38.57326286424578
86.0189940029598,39.17488605200191
86.0389940029598,27.94764021517202
86.0589940029598,43.39837904820635
86.0789940029598,24.896726366184932
86.0989940029598,40.27316674254693
86.1189940029598,28.599010342807198
86.13899400295979,36.0038707044875
86.1589940029598,27.89557830529003
86.1789940029598,33.022474349043705
86.1989940029598,21.782973006222683
86.2189940029598,35.0126644247767
86.2389940029598,32.98614660141726
86.2589940029598,27.149895489842255
86.27899400295979,32.00830323588148
86.29899400295979,33.905768606842145
86.3189940029598,26.409283319771276
86.3389940029598,31.292387150015767
86.35899400295979,22.531561586664452
86.3789940029598,56.05150849274693
86.3989940029598,43.192450817805266
86.41899400295979,35.33928037556077
86.43899400295979,44.33653267437184
86.45899400295978,12.829931675897619
86.4789940029598,7.052701056260517
86.49899400295979,28.643618743695818
86.51899400295979,18.857907772522438
86.5389940029598,30.28450271821921
86.55899400295979,34.714122015707574
86.57899400295979,41.868687119235545
86.59899400295978,21.288877684311473
86.61899400295978,36.67478863124127
86.63899400295979,32.82933178129306
86.65899400295979,36.167469853026425
86.67899400295978,27.501587960151582
86.6989940029598,46.53757837667153
86.71899400295979,31.678048786821247
86.73899400295979,50.46185456829568
86.75899400295978,24.823031614043565
86.77899400295978,40.16206610992579
86.79899400295979,32.14397119262561
86.81899400295978,29.47008383427096
86.83899400295978,39.077502109691046
86.85899400295979,29.76944330511955
86.87899400295979,6.148342791949933
86.89899400295978,2.146121659412305
86.91899400295978,45.50581986940041
86.93899400295977,45.09096685521331
86.95899400295978,51.668564369995224
86.97899400295978,32.62663366353906
86.99899400295978,19.88231795998701
87.01899400295979,28.619565968547036
87.03899400295978,32.93637653208507
87.05899400295978,22.758464674229007
87.07899400295977,49.32129822752147
87.09899400295977,55.23727240395054
87.11899400295978,37.63173174053796
87.13899400295978,32.74695689496674
87.15899400295977,19.91258269593522
87.17899400295978,48.33323803805002
87.19899400295978,33.638602244961824
87.21899400295978,29.990513663643835
87.23899400295977,37.700510484227586
87.25899400295977,27.038254682965285
87.27899400295978,34.37071049231414
87.29899400295977,18.483867440995397
87.31899400295977,43.78597341773521
87.33899400295978,31.87754506433368
87.35899400295978,44.5162063945809
87.37899400295977,30.923366671828234
87.39899400295977,31.579250361276415
87.41899400295976,20.824580489383738
87.43899400295977,40.551820137466855
87.45899400295977,24.202334801343756
87.47899400295977,28.102982830723395
87.49899400295978,32.984138919111
87.51899400295977,34.1923576527878
87.53899400295977,15.925583421006252
87.55899400295976,30.684919412949284
87.57899400295976,40.951693723975836
87.59899400295977,29.222412874812953
87.61899400295977,30.764865561009145
87.63899400295976,34.64262168304302
87.65899400295977,31.765323096840856
87.67899400295977,22.726126810223114
87.69899400295976,32.67416316121609
87.71899400295976,42.984686801665035
87.73899400295976,22.53851446056136
87.75899400295977,29.311761985908763
87.77899400295976,19.246562692895598
87.79899400295976,42.482978580643305
87.81899400295977,32.15184823097099
87.83899400295977,24.579693255153003
87.85899400295976,34.01059294092583
87.87899400295976,21.05817018344433
87.89899400295975,22.76544044355699
87.91899400295976,18.505271906531124
87.93899400295976,22.445014285790005
87.95899400295976,46.6923699554392
87.97899400295977,25.793986242822545
87.99899400295976,37.79358419690246
88.01899400295976,24.774470148534363
88.03899400295975,40.738961134866855
88.05899400295975,22.8889309369996
88.07899400295976,33.548145421480804
88.09899400295976,33.690482357144504
88.11899400295975,56.44611364295645
88.13899400295976,39.47839207300751
88.15899400295976,27.251165847377944
88.17899400295975,40.03675029629346
88.19899400295975,54.57404789414791
88.21899400295975,16.901972663121022
88.23899400295976,24.77953135890997
88.25899400295975,30.841382236900976
88.27899400295975,29.045469415726604
88.29899400295976,29.894766367541035
88.31899400295976,20.18598015212232
88.33899400295975,47.27382058326486
88.35899400295975,19.01411907421123
88.37899400295974,31.244009734509465
88.39899400295975,43.710364269718426
88.41899400295975,32.95611804075956
88.43899400295975,23.4699209311704
88.45899400295976,19.782989741489686
88.47899400295975,30.975625756245726
88.49899400295975,25.711181164822364
88.51899400295974,35.33963453194973
88.53899400295974,19.278646603375
88.55899400295975,41.4293375786425
88.57899400295975,34.46028522339602
88.59899400295974,35.20895135951412
88.61899400295975,47.727140254331985
88.63899400295975,28.94419016534605
88.65899400295974,26.069738489576164
88.67899400295974,27.856017041548903
88.69899400295974,31.414123107749038
88.71899400295975,32.43546291251075
88.73899400295974,25.043845120985296
88.75899400295974,13.125668142080752
88.77899400295975,27.752916397585842
88.79899400295974,36.96613634152843
88.81899400295974,34.73612354159265
88.83899400295974,45.37473349566019
88.85899400295973,52.93969006319578
88.87899400295974,40.98378566201084
88.89899400295974,47.221265183024165
88.91899400295974,41.0693999707063
88.93899400295975,50.506235364104356
88.95899400295974,51.921352362160384
88.97899400295974,42.930028389190355
88.99899400295973,40.487726245645774
89.01899400295973,31.37713859001471
89.03899400295974,33.021610445906475
89.05899400295974,30.062120296582897
89.07899400295973,39.658507472207795
89.09899400295974,26.24799613175128
89.11899400295974,31.545886928868033
89.13899400295973,9.91071006579547
89.15899400295973,50.698755116193055
89.17899400295973,31.26854494389672
89.19899400295974,38.034517085279525
89.21899400295973,48.06198893253815
89.23899400295973,36.492452955232594
89.25899400295974,47.938339509603104
89.27899400295973,21.082895578054696
89.29899400295973,57.47939810013207
89.31899400295973,44.382079977987324
89.33899400295972,35.60833598197477
89.35899400295973,47.77242471317708
89.37899400295973,21.8405901134256
89.39899400295972,30.64608501941576
89.41899400295974,47.98001984316826
89.43899400295973,14.87218337135409
89.45899400295973,39.15261945109519
89.47899400295972,38.87504703216032
89.49899400295972,53.250774536119906
89.51899400295973,17.734180297878474
89.53899400295973,49.66525037669354
89.55899400295972,27.97942486133472
89.57899400295973,29.10921734645391
89.59899400295973,21.364434886193024
89.61899400295972,22.711112340013287
89.63899400295972,37.62999728802546
89.65899400295972,22.4765828956632
89.67899400295973,41.00786073249373
89.69899400295972,26.980459392598426
89.71899400295972,21.48487137536645
89.73899400295973,28.342194638454398
89.75899400295972,36.99242177591397
89.77899400295972,30.856868074924996
89.79899400295972,33.97753978455963
89.81899400295971,40.602538189262496
89.83899400295972,44.469690111012
89.85899400295972,30.54952157879319
89.87899400295971,23.213240616344283
89.89899400295972,34.42137869802803
89.91899400295972,38.371889927560495
89.93899400295972,19.063088177314462
89.95899400295971,24.76919244208299
89.97899400295971,26.488327624114497
89.99899400295972,31.60688285647105
90.01899400295972,26.079660847605467
