two_theta_deg,intensity
20.02732033882634,30.493084242988424
20.04732033882634,29.348160214334275
20.067320338826338,36.58359821015715
20.087320338826338,35.29605399791039
20.107320338826337,25.88947512069822
20.127320338826337,22.262009176737592
20.147320338826336,27.001442341789645
20.167320338826336,30.618206127115606
20.187320338826336,31.82375978864087
20.207320338826335,30.001422966760508
20.227320338826335,26.080752521480207
20.247320338826334,36.95759942619869
20.267320338826334,20.247453756390914
20.287320338826333,51.785536894474845
20.307320338826333,34.623222057008185
20.327320338826333,15.718666315989173
20.347320338826332,28.846801961718782
20.36732033882633,34.72231835259823
20.38732033882633,23.502752855107595
20.40732033882633,12.045950393557732
20.42732033882633,16.607684636273387
20.44732033882633,32.42017290553622
20.46732033882633,9.453984376097818
20.48732033882633,12.507595255944487
20.50732033882633,32.370266552367625
20.52732033882633,24.77729126230056
20.547320338826328,20.04583012473282
20.567320338826327,22.05714938303162
20.587320338826327,12.297155811985178
20.607320338826327,31.850637581113702
20.627320338826326,18.941463317797528
20.647320338826326,21.650158872158443
20.667320338826325,30.476300195895288
20.687320338826325,24.442927852930794
20.707320338826325,19.963410757462206
20.727320338826324,7.116286525280252
20.747320338826324,30.685642425829354
20.767320338826323,27.80201311735905
20.787320338826323,21.838894621669848
20.807320338826322,16.63945018781907
20.827320338826322,27.1417243634509
20.84732033882632,31.819461810772466
20.86732033882632,27.992963945292896
20.88732033882632,43.39664756524536
20.90732033882632,34.06434092022805
20.92732033882632,25.9443548407503
20.94732033882632,34.40054945514542
20.96732033882632,27.504947152110876
20.98732033882632,27.4708007087713
21.007320338826318,39.98304625735515
21.027320338826318,18.039350952964497
21.047320338826317,27.253533998575705
21.067320338826317,38.91803166585533
21.087320338826316,30.111317684301074
21.107320338826316,23.331349058137917
21.127320338826316,9.96073441769705
21.147320338826315,4.319302163751001
21.167320338826315,47.785009356515886
21.187320338826314,30.108727907980395
21.207320338826314,21.183276908927525
21.227320338826313,30.51896216760874
21.247320338826313,17.54802324648552
21.267320338826313,23.71310958997757
21.287320338826312,17.61606255420614
21.30732033882631,12.89306114906034
21.32732033882631,5.976264441907254
21.34732033882631,11.049843283265982
21.36732033882631,37.239584554596576
21.38732033882631,17.158163421939904
21.40732033882631,32.37616668482643
21.42732033882631,36.59396841677264
21.44732033882631,27.193526745547437
21.46732033882631,24.042279573945716
21.487320338826308,28.358389139587278
21.507320338826307,22.862150944671477
21.527320338826307,39.067628349543455
21.547320338826307,45.79404203800162
21.567320338826306,41.52697562145087
21.587320338826306,5.513365449923079
21.607320338826305,22.658857152873193
21.627320338826305,27.070829542202535
21.647320338826304,31.659917645874643
21.667320338826304,9.756279031506654
21.687320338826304,9.595060656650723
21.707320338826303,40.09745409869606
21.727320338826303,21.438409254125336
21.747320338826302,12.155571394579258
21.767320338826302,15.9932455473436
21.7873203388263,30.93440541523337
21.8073203388263,18.804173992631334
21.8273203388263,29.44588567745706
21.8473203388263,17.24232055531252
21.8673203388263,9.587544370562078
21.8873203388263,41.273285278394354
21.9073203388263,31.011307306731563
21.9273203388263,23.691810680768363
21.947320338826298,21.81559973309067
21.967320338826298,41.678104860705716
21.987320338826297,32.944272414453735
22.007320338826297,38.4969596398182
22.027320338826296,21.1917464938955
22.047320338826296,27.53516920293197
22.067320338826296,31.0503100864983
22.087320338826295,21.527433557902995
22.107320338826295,26.07259389072584
22.127320338826294,21.191588523000952
22.147320338826294,31.01804745545237
22.167320338826293,13.813264024259004
22.187320338826293,32.746642667557374
22.207320338826293,30.133797941111883
22.227320338826292,24.99329072980328
22.24732033882629,31.521244211549668
22.26732033882629,23.376351513207943
22.28732033882629,20.32411879456528
22.30732033882629,32.46234448128899
22.32732033882629,32.8948663852827
22.34732033882629,21.951654027304233
22.36732033882629,21.093450262521507
22.38732033882629,25.19384181142706
22.40732033882629,21.50311028615004
22.427320338826288,42.273934786244524
22.447320338826287,30.187064417099464
22.467320338826287,27.167859919736873
22.487320338826287,17.6941448846582
22.507320338826286,34.41081286421667
22.527320338826286,20.90437990860432
22.547320338826285,20.492453060247925
22.567320338826285,34.74555682059774
22.587320338826284,30.892108181276953
22.607320338826284,1.9838624313066404
22.627320338826284,25.44007521316386
22.647320338826283,28.27241016836747
22.667320338826283,23.62067030823937
22.687320338826282,28.619673224356596
22.707320338826282,8.918548045233045
22.72732033882628,0.0
22.74732033882628,17.259489149740645
22.76732033882628,29.835994717971943
22.78732033882628,0.0
22.80732033882628,18.57672727299174
22.82732033882628,7.783890746443205
22.84732033882628,24.584558063120127
22.86732033882628,46.589078582436706
22.887320338826278,24.83759914266816
22.907320338826278,25.933590601992588
22.927320338826277,35.400175316348005
22.947320338826277,27.22016523455579
22.967320338826276,24.85640260504502
22.987320338826276,36.271987109101204
23.007320338826275,31.723593851463157
23.027320338826275,29.890161366477844
23.047320338826275,25.615270563210597
23.067320338826274,23.541580321155994
23.087320338826274,36.17307844965607
23.107320338826273,23.63587258477023
23.127320338826273,39.31214372862877
23.147320338826272,16.52725439697737
23.167320338826272,41.33564771107126
23.18732033882627,31.717286092465713
23.20732033882627,17.310600124173476
23.22732033882627,32.08478679902785
23.24732033882627,20.49100958303388
23.26732033882627,27.327344244501422
23.28732033882627,22.12580449477575
23.30732033882627,25.661953428780222
23.32732033882627,36.40436925910911
23.34732033882627,32.17415114876496
23.367320338826268,15.734341079690662
23.387320338826267,16.305978023119522
23.407320338826267,29.693633065398142
23.427320338826267,30.416669843977118
23.447320338826266,20.23925749120764
23.467320338826266,42.8957579313299
23.487320338826265,35.11643540563075
23.507320338826265,20.72459243416501
23.527320338826264,19.75666011727837
23.547320338826264,24.699925466808377
23.567320338826264,23.65834497154476
23.587320338826263,39.53728265659405
23.607320338826263,36.81974325369661
23.627320338826262,27.324001639587387
23.647320338826262,33.75114227955405
23.66732033882626,35.200606294402476
23.68732033882626,27.552215877103613
23.70732033882626,30.994537163811763
23.72732033882626,32.90895490797821
23.74732033882626,31.841852830816805
23.76732033882626,19.176460776302264
23.78732033882626,20.18609220294843
23.80732033882626,24.07592113270656
23.827320338826258,19.893890199293157
23.847320338826258,12.228179779900692
23.867320338826257,33.71734491784157
23.887320338826257,30.420533674067755
23.907320338826256,13.56140104378067
23.927320338826256,24.544501404465407
23.947320338826255,25.109399387395072
23.967320338826255,28.770278215822135
23.987320338826255,16.130173157178444
24.007320338826254,13.408006348319342
24.027320338826254,32.143732094467516
24.047320338826253,11.605392808179129
24.067320338826253,24.61689117757823
24.087320338826252,23.681254818010263
24.107320338826252,25.707671460721173
24.12732033882625,29.466166231848497
24.14732033882625,42.92315899474008
24.16732033882625,10.940981036573683
24.18732033882625,35.700156534827975
24.20732033882625,1.811186760261002
24.22732033882625,40.86828988280898
24.24732033882625,6.500885031277058
24.26732033882625,51.29191233796106
24.287320338826248,23.028662672792457
24.307320338826248,39.828534084300976
24.327320338826247,37.7646137288458
24.347320338826247,22.55650011915833
24.367320338826246,23.32222391726391
24.387320338826246,18.546439074435046
24.407320338826246,34.79003052674173
24.427320338826245,22.67993553685568
24.447320338826245,18.723056585786914
24.467320338826244,32.28391485396848
24.487320338826244,17.937640779701887
24.507320338826243,23.61782033724688
24.527320338826243,27.97692757660131
24.547320338826243,20.47978733096834
24.567320338826242,21.986796343191106
24.587320338826242,42.25030373625525
24.60732033882624,24.856295948727485
24.62732033882624,23.300542245330764
24.64732033882624,25.143712029593114
24.66732033882624,31.43765254860005
24.68732033882624,16.55259278713968
24.70732033882624,31.161498276429477
24.72732033882624,29.4456485488963
24.74732033882624,8.998982913338704
24.767320338826238,44.826170634122
24.787320338826238,41.489815804694345
24.807320338826237,18.87410422864409
24.827320338826237,15.653509311114986
24.847320338826236,29.15631857429763
24.867320338826236,12.615187436682522
24.887320338826235,40.51465436902566
24.907320338826235,22.18527980864294
24.927320338826235,43.08586661170726
24.947320338826234,18.62173162666334
24.967320338826234,25.741700327420393
24.987320338826233,39.533790963311255
25.007320338826233,23.62720168875516
25.027320338826232,29.578433388963745
25.047320338826232,37.78201088144115
25.06732033882623,21.292844091734285
25.08732033882623,14.233810888176196
25.10732033882623,12.261966954152292
25.12732033882623,32.681259476648705
25.14732033882623,30.732562870257528
25.16732033882623,37.45924571360919
25.18732033882623,24.09998975156439
25.20732033882623,12.530875311654809
25.227320338826228,3.308523770428618
25.247320338826228,55.513459133329334
25.267320338826227,32.10083895444198
25.287320338826227,28.197289343567377
25.307320338826226,29.613520445752343
25.327320338826226,12.511472478154428
25.347320338826226,18.873869238543595
25.367320338826225,44.253605697481305
25.387320338826225,33.4014806390875
25.407320338826224,19.179722672819082
25.427320338826224,14.545225554304011
25.447320338826223,21.65410546123468
25.467320338826223,23.65439593553561
25.487320338826223,47.29780677692264
25.507320338826222,24.9213048351944
25.52732033882622,14.906081107762148
25.54732033882622,26.2131838572354
25.56732033882622,29.440188923564367
25.58732033882622,13.988923424794152
25.60732033882622,30.813617732776905
25.62732033882622,38.87868333754544
25.64732033882622,28.173786325241817
25.66732033882622,18.813959915829287
25.68732033882622,21.493433276298546
25.707320338826218,10.191292391564623
25.727320338826217,25.438802624310025
25.747320338826217,29.882445654247775
25.767320338826217,17.80579968389292
25.787320338826216,46.16659482796594
25.807320338826216,34.68984440847545
25.827320338826215,8.83672056450808
25.847320338826215,9.039301245353833
25.867320338826215,16.919110068922954
25.887320338826214,42.48861183089912
25.907320338826214,35.66337295073973
25.927320338826213,42.98866431005624
25.947320338826213,26.85101016952098
25.967320338826212,24.65138742670088
25.987320338826212,14.268537714037246
26.00732033882621,30.237812170932337
26.02732033882621,24.776620091459613
26.04732033882621,24.38889719939663
26.06732033882621,42.91343337605644
26.08732033882621,25.4667633289619
26.10732033882621,40.03731673400156
26.12732033882621,10.844027174956516
26.14732033882621,53.603156177945266
26.167320338826208,22.986577877937695
26.187320338826208,33.78835997084715
26.207320338826207,35.37647470985755
26.227320338826207,21.73739276185514
26.247320338826206,34.89846407764178
26.267320338826206,35.415386703854736
26.287320338826206,19.571090351481356
26.307320338826205,19.686702220310067
26.327320338826205,27.149930486878834
26.347320338826204,25.539069268243487
26.367320338826204,40.622444913302616
26.387320338826203,33.71494974412677
26.407320338826203,25.981144883616675
26.427320338826203,32.743261606174705
26.447320338826202,6.213041452867323
26.4673203388262,20.523541490777262
26.4873203388262,29.551929104737624
26.5073203388262,37.82443064682152
26.5273203388262,28.665514406429054
26.5473203388262,41.24724533101032
26.5673203388262,35.341277036031244
26.5873203388262,21.775596206616886
26.6073203388262,25.2555848602068
26.6273203388262,30.737097949293272
26.647320338826198,22.1635042341732
26.667320338826197,41.95972914034639
26.687320338826197,15.556522553294405
26.707320338826197,29.80179388610084
26.727320338826196,33.9921319681904
26.747320338826196,23.50011736652578
26.767320338826195,21.243506356457004
26.787320338826195,25.867588147210057
26.807320338826194,34.74527668943291
26.827320338826194,21.623691071477506
26.847320338826194,15.929827712365402
26.867320338826193,38.121744949872344
26.887320338826193,30.605708585847626
26.907320338826192,36.6881539303173
26.927320338826192,34.19972181375269
26.94732033882619,48.402111580655216
26.96732033882619,37.74974198616499
26.98732033882619,19.356018293557725
27.00732033882619,31.296275031236465
27.02732033882619,21.015478774004176
27.04732033882619,22.045864165010606
27.06732033882619,12.458870824171651
27.08732033882619,23.719481261167353
27.107320338826188,32.02768345187622
27.127320338826188,25.913840253722547
27.147320338826187,15.577079277613741
27.167320338826187,11.337265271673717
27.187320338826186,47.68260253336956
27.207320338826186,29.812424601901792
27.227320338826186,18.316788593921437
27.247320338826185,31.171967445717563
27.267320338826185,48.44263554070716
27.287320338826184,32.7520296431353
27.307320338826184,0.0
27.327320338826183,53.06355366450546
27.347320338826183,8.044771465576499
27.367320338826183,24.473705728457887
27.387320338826182,15.196360540576132
27.40732033882618,19.12695025984354
27.42732033882618,29.367625503155068
27.44732033882618,5.809840349296245
27.46732033882618,25.614155871688528
27.48732033882618,37.98656176382552
27.50732033882618,18.07724963609537
27.52732033882618,12.603307179074937
27.54732033882618,25.10960121969549
27.56732033882618,23.11572138501954
27.587320338826178,20.54333322331505
27.607320338826177,14.608612418807096
27.627320338826177,31.68037187274485
27.647320338826177,32.43760369918689
27.667320338826176,15.824933422513665
27.687320338826176,17.20528617723904
27.707320338826175,27.839154108915977
27.727320338826175,16.820918838471606
27.747320338826174,28.25364621726527
27.767320338826174,41.143872383447295
27.787320338826174,25.861550743642137
27.807320338826173,14.319974107458409
27.827320338826173,30.373522763946823
27.847320338826172,24.672280303059082
27.867320338826172,24.943586845238148
27.88732033882617,31.19470540095641
27.90732033882617,33.34815999786949
27.92732033882617,26.789106784444975
27.94732033882617,25.823570999788448
27.96732033882617,47.062068002191964
27.98732033882617,38.42846192640711
28.00732033882617,34.75464188308106
28.02732033882617,27.72748886749362
28.047320338826168,16.354235713147055
28.067320338826168,37.68176056798844
28.087320338826167,27.847056801558548
28.107320338826167,20.628633827114328
28.127320338826166,23.965118081760675
28.147320338826166,16.730885644987573
28.167320338826165,36.962180480541114
28.187320338826165,33.21542969496596
28.207320338826165,28.1975423780471
28.227320338826164,25.949511027701558
28.247320338826164,19.566817111074435
28.267320338826163,5.068908700314434
28.287320338826163,12.23648557664153
28.307320338826162,18.93541072074262
28.327320338826162,17.428300052203376
28.34732033882616,29.247660075011567
28.36732033882616,34.46507142161254
28.38732033882616,25.06181221886076
28.40732033882616,40.4314344145117
28.42732033882616,18.509338788789922
28.44732033882616,24.978985920990166
28.46732033882616,25.820516898523767
28.48732033882616,37.2482737980599
28.50732033882616,27.38129348114875
28.527320338826158,27.654114305347676
28.547320338826157,9.765986874614509
28.567320338826157,17.311334179687883
28.587320338826157,37.26589765476054
28.607320338826156,5.548916343429617
28.627320338826156,39.7282199977184
28.647320338826155,31.29088330615211
28.667320338826155,18.814960542176536
28.687320338826154,17.965609953798186
28.707320338826154,45.241569108136304
28.727320338826154,40.39198108285373
28.747320338826153,25.079412744580203
28.767320338826153,27.61562574699553
28.787320338826152,19.803773403304287
28.807320338826152,27.609295935086028
28.82732033882615,19.518279017062838
28.84732033882615,25.46773602551392
28.86732033882615,44.35230106505449
28.88732033882615,25.288698454813918
28.90732033882615,15.760442430387062
28.92732033882615,12.572753773133003
28.94732033882615,27.503455540727295
28.96732033882615,18.619120857706584
28.987320338826148,28.689888996701754
29.007320338826148,10.024602575786147
29.027320338826147,33.11790155626804
29.047320338826147,15.60950898657388
29.067320338826146,26.669878599169436
29.087320338826146,22.819612959151655
29.107320338826145,43.38226472614992
29.127320338826145,27.90898766753762
29.147320338826145,45.64452712178282
29.167320338826144,31.792934243636495
29.187320338826144,40.43526298098615
29.207320338826143,24.08890613847289
29.227320338826143,29.627594089980914
29.247320338826142,38.35466584274606
29.267320338826142,35.21348677857246
29.28732033882614,31.4694684150683
29.30732033882614,22.875826663794616
29.32732033882614,24.56304044768108
29.34732033882614,37.52304634917868
29.36732033882614,39.601151838901984
29.38732033882614,20.209015666000965
29.40732033882614,18.695647929014505
29.42732033882614,17.087485627970395
29.447320338826138,34.421406648241444
29.467320338826138,16.825218410582707
29.487320338826137,34.29156200956034
29.507320338826137,31.56798189444569
29.527320338826136,20.655701747143425
29.547320338826136,41.740746288492176
29.567320338826136,11.475088277722127
29.587320338826135,42.6885188326398
29.607320338826135,29.277558239406435
29.627320338826134,5.3495340958760735
29.647320338826134,41.99848340786582
29.667320338826134,35.797292818796464
29.687320338826133,21.788523027282366
29.707320338826133,16.41889766981734
29.727320338826132,10.370890738825441
29.747320338826132,50.21146606263157
29.76732033882613,16.818623400772793
29.78732033882613,13.411985669019348
29.80732033882613,28.722483146193653
29.82732033882613,9.659769334046786
29.84732033882613,16.218623619780125
29.86732033882613,35.9791946703234
29.88732033882613,30.666995341677705
29.90732033882613,22.1565680194978
29.927320338826128,26.198704146649483
29.947320338826128,21.58629351123328
29.967320338826127,25.38637372933467
29.987320338826127,18.383582639578286
30.007320338826126,20.194639562895357
30.027320338826126,19.885579345065505
30.047320338826125,18.729071852201297
30.067320338826125,36.422101691608006
30.087320338826125,33.679468729282966
30.107320338826124,16.64995695057963
30.127320338826124,14.02493829665301
30.147320338826123,24.391388159263457
30.167320338826123,47.51230074152845
30.187320338826122,15.677634707997337
30.207320338826122,24.337696671235385
30.22732033882612,26.83239038448792
30.24732033882612,24.85400206037983
30.26732033882612,21.353554505425574
30.28732033882612,37.481674328471314
30.30732033882612,30.470674125691367
30.32732033882612,34.379346373236345
30.34732033882612,31.8102898406097
30.36732033882612,34.85116275769573
30.387320338826118,41.75091907151355
30.407320338826118,39.212473637181986
30.427320338826117,49.14523883713544
30.447320338826117,38.06576939046314
30.467320338826116,19.193038228675757
30.487320338826116,34.35576793094278
30.507320338826116,32.98213294208952
30.527320338826115,45.075855983423146
30.547320338826115,16.196439701789732
30.567320338826114,31.44264579764386
30.587320338826114,19.04753384805587
30.607320338826113,30.978782864747053
30.627320338826113,23.700951940959946
30.647320338826113,30.638185646472067
30.667320338826112,11.73518703497454
30.68732033882611,33.765897295439316
30.70732033882611,27.88928352796668
30.72732033882611,27.34566542147302
30.74732033882611,45.32106018060899
30.76732033882611,21.988976147904328
30.78732033882611,29.231489716167307
30.80732033882611,26.8065602054971
30.82732033882611,27.779254992356197
30.84732033882611,48.011905058824425
30.867320338826108,26.426932026022488
30.887320338826108,20.111050682989415
30.907320338826107,44.487856714308926
30.927320338826107,22.696913712889163
30.947320338826106,9.716985047628228
30.967320338826106,18.355287172409433
30.987320338826105,13.292799597349603
31.007320338826105,7.75396277939743
31.027320338826105,22.11840292691096
31.047320338826104,25.04132148881846
31.067320338826104,37.54368112635642
31.087320338826103,32.02733161142099
31.107320338826103,31.566564789723106
31.127320338826102,16.791020595703394
31.147320338826102,34.5673449478991
31.1673203388261,39.6252251339012
31.1873203388261,29.653482907875343
31.2073203388261,29.927819378522333
31.2273203388261,13.050583862107594
31.2473203388261,36.23672061898534
31.2673203388261,43.49551657447664
31.2873203388261,28.911576501232048
31.3073203388261,19.73331405084584
31.327320338826098,24.05176551815971
31.347320338826098,21.46232711111445
31.367320338826097,22.056850872468264
31.387320338826097,32.13598416343484
31.407320338826096,28.44559376519588
31.427320338826096,35.68511084978194
31.447320338826096,29.349555419025677
31.467320338826095,16.994428472277427
31.487320338826095,20.623159294082154
31.507320338826094,19.996433224994966
31.527320338826094,23.75490072686599
31.547320338826093,43.561489087370816
31.567320338826093,45.15809193001006
31.587320338826093,33.96984503859892
31.607320338826092,26.786201223533894
31.62732033882609,11.976764501877607
31.64732033882609,27.788086436818084
31.66732033882609,17.6826403588457
31.68732033882609,41.882635513927845
31.70732033882609,9.511056177038412
31.72732033882609,29.41164625682882
31.74732033882609,16.819092337823932
31.76732033882609,25.46101081283298
31.78732033882609,32.21151450700137
31.807320338826088,35.76518283117916
31.827320338826087,24.933250697133666
31.847320338826087,33.146968415377835
31.867320338826087,18.90474559899246
31.887320338826086,27.979467589268722
31.907320338826086,35.54078854766265
31.927320338826085,28.83433337222618
31.947320338826085,20.214519360918736
31.967320338826084,22.71214394963244
31.987320338826084,35.65373313867476
32.007320338826084,14.573324839698007
32.02732033882608,16.0432117931046
32.047320338826076,31.496836504488805
32.06732033882608,21.084092403733628
32.08732033882608,10.939519518635356
32.10732033882608,38.97285499636267
32.127320338826074,14.463226022434135
32.14732033882608,23.45948309546985
32.16732033882608,19.25312489205409
32.187320338826076,22.46603836730722
32.20732033882607,16.591214354222867
32.227320338826075,32.57473085067434
32.24732033882608,26.534697115540176
32.267320338826075,35.25751509980754
32.28732033882607,19.323808204790517
32.307320338826074,46.740213110292814
32.32732033882608,6.3580065852572645
32.34732033882607,9.547638350308842
32.36732033882607,42.92432287652301
32.38732033882607,30.128372045110893
32.407320338826075,28.796291194843704
32.42732033882607,29.689652474349334
32.44732033882607,31.083435203729692
32.46732033882607,28.36349689272621
32.48732033882607,15.701226064354938
32.50732033882607,33.53662545057961
32.527320338826065,31.95593808249108
32.54732033882607,39.627901170776674
32.56732033882607,42.98042839868958
32.58732033882607,28.637200563473588
32.607320338826064,13.051365960195268
32.62732033882607,43.046496071193324
32.64732033882607,15.13417230605773
32.667320338826066,28.689712785083973
32.68732033882606,22.737125092895816
32.707320338826065,20.992598701600954
32.72732033882607,32.93623562385376
32.747320338826064,27.73220698621367
32.76732033882606,30.41439689229262
32.78732033882606,17.119484486328474
32.80732033882607,23.5299575860472
32.82732033882606,17.569711757921823
32.84732033882606,23.268694479030597
32.86732033882606,24.066131419802296
32.887320338826065,43.69113323865879
32.90732033882606,22.648538749804935
32.92732033882606,3.980767608113389
32.94732033882606,39.18198777791521
32.96732033882606,29.717982309944098
32.98732033882606,23.90959502415948
33.007320338826055,20.841851157483806
33.02732033882606,15.739048399692882
33.04732033882606,44.58308076444776
33.06732033882606,25.71533823406166
33.08732033882605,7.813662208500251
33.10732033882606,28.46285303542888
33.12732033882606,37.241443567041145
33.147320338826056,26.73834188066033
33.16732033882605,16.152323953397165
33.187320338826055,15.251774142611318
33.20732033882606,15.983580923960417
33.227320338826054,40.367598262223346
33.24732033882605,24.4286207438259
33.26732033882605,8.352255089234621
33.287320338826056,28.975071391240075
33.30732033882605,26.53832786382848
33.32732033882605,20.63322821466942
33.34732033882605,14.912333219739761
33.367320338826055,14.471664723356565
33.38732033882605,35.97115988116918
33.40732033882605,27.574153376584704
33.42732033882605,29.879659665445022
33.44732033882605,27.535004444859027
33.46732033882605,28.358491880029064
33.487320338826045,20.391841851802482
33.50732033882605,23.01167379148427
33.52732033882605,36.713259457508116
33.54732033882605,39.204212386911664
33.56732033882604,12.83155539683502
33.587320338826046,22.9640467910809
33.60732033882605,33.43364386361399
33.627320338826046,43.855738072936916
33.64732033882604,42.84868238857726
33.667320338826045,17.065649619499947
33.68732033882605,37.76782553575342
33.707320338826044,25.597859372373406
33.72732033882604,35.449790172402125
33.74732033882604,32.88253348080075
33.767320338826046,12.354224614365911
33.78732033882604,30.48771847408689
33.80732033882604,35.03905420959146
33.82732033882604,24.774640681903893
33.847320338826044,22.507129459530585
33.86732033882604,9.247750703354475
33.88732033882604,31.794656685112553
33.90732033882604,27.040052528256965
33.92732033882604,15.724812687508068
33.94732033882604,21.68233052630412
33.967320338826035,26.479837344776886
33.98732033882604,19.342517041390998
34.00732033882604,24.949712027450225
34.02732033882604,7.417675864804881
34.04732033882603,38.40527667595258
34.067320338826036,25.06420573585797
34.08732033882604,13.905626830297066
34.107320338826035,0.29611827265742363
34.12732033882603,35.17859690262888
34.147320338826034,30.462199651827785
34.16732033882604,26.98217381023443
34.187320338826034,33.50582517993047
34.20732033882603,33.472353584923084
34.22732033882603,26.80177076224814
34.247320338826036,22.309264336142245
34.26732033882603,20.67400299900272
34.28732033882603,29.04884775225702
34.30732033882603,38.80374586386162
34.327320338826034,23.798401099794326
34.34732033882603,39.58620368825025
34.367320338826026,28.546947320210286
34.38732033882603,28.61632139017184
34.40732033882603,48.85449168253239
34.42732033882603,41.32416068299583
34.447320338826025,41.57744870571748
34.46732033882603,16.809193670979603
34.48732033882603,46.70112554310743
34.50732033882603,23.951099143629595
34.52732033882602,22.492318169282132
34.547320338826026,3.168705055701558
34.56732033882603,28.018053021753133
34.587320338826025,13.91555716727925
34.60732033882602,28.825583413931724
34.627320338826024,13.121338606672083
34.64732033882603,42.70792958039078
34.66732033882602,30.240608569795686
34.68732033882602,47.5175189346969
34.70732033882602,14.48249361844073
34.727320338826026,40.19845367901688
34.74732033882602,6.673460925010822
34.76732033882602,26.77526031074842
34.78732033882602,18.372191406959953
34.807320338826024,20.202770946410077
34.82732033882602,19.51128246698172
34.847320338826016,15.522991816806494
34.86732033882602,12.067174327636536
34.88732033882602,20.233689770715998
34.90732033882602,25.812139003348946
34.927320338826014,36.28269255426007
34.94732033882602,27.59314370131696
34.96732033882602,36.298929307269404
34.98732033882602,9.845642968620798
35.00732033882601,20.29159888216112
35.027320338826016,31.725220261412087
35.04732033882602,28.040953661064016
35.067320338826015,15.991166914533908
35.08732033882601,33.937475888210486
35.107320338826014,19.277921022489338
35.12732033882602,16.810880096171324
35.14732033882601,29.447853198405824
35.16732033882601,24.633926167955572
35.18732033882601,19.336963145968497
35.207320338826015,18.991252308518675
35.22732033882601,13.855817733387536
35.24732033882601,20.590148569704297
35.26732033882601,35.5415678350313
35.287320338826014,26.980817733588022
35.30732033882601,34.1150907313824
35.327320338826006,29.683669339287174
35.34732033882601,18.394353173465028
35.36732033882601,8.019231040386579
35.38732033882601,15.235925973338073
35.407320338826004,17.785934651355078
35.42732033882601,17.00628453388864
35.44732033882601,34.296130335119024
35.467320338826006,34.1856309427053
35.487320338826,46.59235528536658
35.507320338826005,16.830157202516272
35.52732033882601,40.43565945312232
35.547320338826005,40.36765339611257
35.567320338826,22.126146197794807
35.587320338826004,29.17813770078805
35.60732033882601,36.84371371326805
35.627320338826,23.840930045756306
35.647320338826,23.060051133599707
35.667320338826,18.144384933581314
35.687320338826005,0.8111618255826016
35.707320338826,25.1100486958136
35.727320338826,17.3004224491873
35.747320338826,13.639410377247339
35.767320338826,28.60859172428497
35.787320338826,9.8673291666264
35.807320338825996,32.43502460505193
35.827320338826,29.203990750521807
35.847320338826,20.35983519773321
35.867320338826,23.72243233703046
35.887320338825994,12.447089331550043
35.907320338826,31.846449594085584
35.927320338826,26.210467160885553
35.947320338825996,26.949083411696694
35.96732033882599,29.343244726339538
35.987320338825995,17.893941825773645
36.007320338826,9.121266244742529
36.027320338825994,33.87878378942575
36.04732033882599,31.186533262771434
36.06732033882599,18.939508243205474
36.087320338826,28.377943502326794
36.10732033882599,36.86031924209149
36.12732033882599,35.66133436134615
36.14732033882599,18.62247759643107
36.167320338825995,9.374193314247764
36.18732033882599,11.083388381007492
36.20732033882599,21.132013879309703
36.22732033882599,38.86617782007968
36.24732033882599,16.952283113568512
36.26732033882599,18.267187745059704
36.287320338825985,18.05508264951299
36.30732033882599,18.90061136170382
36.32732033882599,24.099374938954135
36.34732033882599,11.404864073857086
36.367320338825984,35.04268622951592
36.38732033882599,22.74459516333689
36.40732033882599,48.977869421190846
36.427320338825986,12.444529895264951
36.44732033882598,40.072616305175806
36.467320338825985,38.081121795301925
36.48732033882599,20.04453950085842
36.507320338825984,20.204483796464444
36.52732033882598,14.93582070396955
36.54732033882598,15.044292161006275
36.567320338825986,24.13015310126905
36.58732033882598,24.33687728761793
36.60732033882598,8.100068305442313
36.62732033882598,47.05237644442093
36.647320338825985,21.515855605498054
36.66732033882598,24.76084666797785
36.68732033882598,17.836048056116077
36.70732033882598,21.422024292603652
36.72732033882598,20.507034686241454
36.74732033882598,24.050206500548853
36.767320338825975,23.927305482664167
36.78732033882598,32.1155607915985
36.80732033882598,26.332788310592434
36.82732033882598,31.097109714269784
36.84732033882597,23.949860823225414
36.86732033882598,26.35418310676324
36.88732033882598,21.62228824980321
36.907320338825976,34.060148970541235
36.92732033882597,27.24894152554297
36.947320338825975,22.43565336425937
36.96732033882598,22.130984341763618
36.987320338825974,22.91137517467971
37.00732033882597,24.30188986888031
37.02732033882597,23.427520833073977
37.047320338825976,18.39639569760339
37.06732033882597,31.62749742126401
37.08732033882597,32.252930650450274
37.10732033882597,41.80441722100026
37.127320338825974,17.923229136322803
37.14732033882597,30.617590201940914
37.16732033882597,4.855505825234978
37.18732033882597,32.2309850290395
37.20732033882597,9.36840799575919
37.22732033882597,14.084592276545868
37.247320338825965,27.24383019164081
37.26732033882597,17.700259583320694
37.28732033882597,16.325387347393583
37.30732033882597,19.054434244273512
37.32732033882596,31.192526001579214
37.347320338825966,14.561033547631876
37.36732033882597,23.34206083291474
37.387320338825965,20.090721439650736
37.40732033882596,32.069876907698955
37.427320338825965,32.34390362949916
37.44732033882597,5.505680306548793
37.467320338825964,34.30367532770326
37.48732033882596,17.73984036779687
37.50732033882596,26.207053039608205
37.527320338825966,14.456541825072287
37.54732033882596,27.5698417740524
37.56732033882596,49.41080092644795
37.58732033882596,25.264445627997674
37.607320338825964,19.608098201817437
37.62732033882596,22.33479260103936
37.647320338825956,10.865652249705654
37.66732033882596,41.76259863958085
37.68732033882596,33.53499566740406
37.70732033882596,25.385484535839602
37.727320338825955,34.837895887414945
37.74732033882596,59.7138879416963
37.76732033882596,91.06790097729197
37.78732033882596,102.50029452666536
37.80732033882595,169.85365974218453
37.827320338825956,216.75091394258368
37.84732033882596,282.13686632115923
37.867320338825955,374.11223666084067
37.88732033882595,493.66462377706074
37.907320338825954,563.7955723195095
37.92732033882596,668.0347935853036
37.94732033882595,769.7231752410926
37.96732033882595,825.6150056291344
37.98732033882595,850.1722179752726
38.007320338825956,869.7328698715693
38.02732033882595,839.3382929828458
38.04732033882595,772.3783029670839
38.06732033882595,680.2349332415871
38.087320338825954,585.1437467159684
38.10732033882595,491.0705097471139
38.127320338825946,376.8497547672068
38.14732033882595,314.44361678290517
38.16732033882595,242.64457262017652
38.18732033882595,162.54249678392216
38.207320338825944,122.10797496338797
38.22732033882595,96.75430033552402
38.24732033882595,81.17393100341991
38.26732033882595,61.82255229760631
38.28732033882594,19.20831523298596
38.307320338825946,27.56644605687916
38.32732033882595,32.358385305661535
38.347320338825945,20.546676311865525
38.36732033882594,42.329343250583285
38.387320338825944,40.292646278022346
38.40732033882595,15.592483275226941
38.42732033882594,22.009525938207528
38.44732033882594,16.081775547335752
38.46732033882594,21.598392229758492
38.487320338825945,21.280296179150202
38.50732033882594,33.06744622479885
38.52732033882594,14.632608931645368
38.54732033882594,0.0
38.567320338825944,7.4585649750938465
38.58732033882594,13.214612971728332
38.607320338825936,16.93438444057862
38.62732033882594,25.356728625228207
38.64732033882594,12.680734655868836
38.66732033882594,11.361359092703532
38.687320338825934,14.171583514769418
38.70732033882594,12.303211575936405
38.72732033882594,17.9085091984606
38.747320338825936,17.474268899433113
38.76732033882593,30.331408426705526
38.787320338825936,13.539245008416755
38.80732033882594,19.85227240431785
38.827320338825935,17.971712966303585
38.84732033882593,31.504491876095294
38.867320338825934,21.866553001229867
38.88732033882594,33.910017959569956
38.90732033882593,11.873055271226495
38.92732033882593,22.896798617186455
38.94732033882593,17.62526358909313
38.967320338825935,11.117423249022334
38.98732033882593,22.69648572016831
39.00732033882593,40.69458707118871
39.02732033882593,14.829936298088253
39.047320338825934,22.078190850194886
39.06732033882593,10.224142339590019
39.087320338825926,8.747900232144348
39.10732033882593,15.461375645151884
39.12732033882593,18.82779140441035
39.14732033882593,19.26551531122954
39.167320338825924,21.054821410293613
39.18732033882593,6.825472658286738
39.20732033882593,17.043066141154142
39.227320338825926,28.313843890807384
39.24732033882592,9.707541060985077
39.267320338825925,19.732269230217522
39.28732033882593,26.205899945324663
39.307320338825924,15.44853109447611
39.32732033882592,26.680184069533254
39.347320338825924,8.047418954674603
39.36732033882593,32.136920988775145
39.38732033882592,26.90417799458095
39.40732033882592,23.796572019121733
39.42732033882592,34.481847506584785
39.447320338825925,19.93392787269454
39.46732033882592,17.042610546924124
39.48732033882592,36.940369726854264
39.50732033882592,41.616342153326485
39.52732033882592,16.268066368552365
39.54732033882592,22.058772433948842
39.567320338825915,33.64039371236915
39.58732033882592,22.40228385868434
39.60732033882592,29.123386706392534
39.62732033882592,30.975307504167713
39.647320338825914,17.54199787490155
39.66732033882592,27.35156457941987
39.68732033882592,23.090667551884486
39.707320338825916,10.977687374072028
39.72732033882591,13.243627937047277
39.747320338825915,16.609768555815354
39.76732033882592,32.41292203420286
39.787320338825914,32.73509322647531
39.80732033882591,30.614431237301755
39.82732033882591,27.51020193386793
39.84732033882592,27.231153239082595
39.86732033882591,25.87229237134413
39.88732033882591,27.166458603045136
39.90732033882591,27.837916546036404
39.927320338825915,9.033874222989166
39.94732033882591,15.169432124755595
39.96732033882591,12.776497599135343
39.98732033882591,34.1309767588257
40.00732033882591,39.59434315776576
40.02732033882591,1.3566809815009542
40.047320338825905,38.68912701480904
40.06732033882591,23.902018011374338
40.08732033882591,33.155828539822394
40.10732033882591,28.087130681175744
40.1273203388259,37.420241196030275
40.14732033882591,25.107549278613398
40.16732033882591,9.369417424902256
40.187320338825906,21.94105304895274
40.2073203388259,28.14820504973375
40.227320338825905,20.825879126289546
40.24732033882591,29.556655789765117
40.267320338825904,22.316216004720328
40.2873203388259,17.01195094177872
40.3073203388259,12.101117483158063
40.327320338825906,19.036607638448398
40.3473203388259,24.994341095066506
40.3673203388259,3.348572699160542
40.3873203388259,15.135595810196083
40.407320338825905,2.9633116997836844
40.4273203388259,16.753358915060833
40.4473203388259,34.89113320472782
40.4673203388259,11.050703573842364
40.4873203388259,29.937349523831216
40.5073203388259,51.38789117978297
40.527320338825895,37.42891225056353
40.5473203388259,24.222558985645716
40.5673203388259,31.465667218371298
40.5873203388259,9.178395372147733
40.60732033882589,7.134980878453536
40.627320338825896,23.150015821819526
40.6473203388259,26.843051009078977
40.667320338825895,33.79490220762972
40.68732033882589,17.15715531170094
40.707320338825895,24.77265232219341
40.7273203388259,24.42373721169799
40.747320338825894,21.512608195156172
40.76732033882589,22.095731553918036
40.78732033882589,14.267369835197972
40.807320338825896,25.60542699618108
40.82732033882589,24.752794291816762
40.84732033882589,18.396121957021304
40.86732033882589,29.447930975088802
40.887320338825894,33.06245649136807
40.90732033882589,29.55185947526698
40.927320338825886,12.347622861992303
40.94732033882589,23.762476939261187
40.96732033882589,13.645670533327417
40.98732033882589,23.719504221874086
41.007320338825885,13.672564113487459
41.02732033882589,35.51354253223586
41.04732033882589,30.569205696361514
41.06732033882589,34.25976970180841
41.08732033882588,33.24108700956933
41.107320338825886,20.011862290367482
41.12732033882589,18.455759130820397
41.147320338825885,40.123095896817574
41.16732033882588,21.04866605776346
41.187320338825884,9.148065012597833
41.20732033882589,32.76255160216249
41.22732033882588,24.119657748870655
41.24732033882588,37.73536310147081
41.26732033882588,25.09964345381981
41.287320338825886,22.4639606519106
41.30732033882588,37.91921652566919
41.32732033882588,7.267381983405938
41.34732033882588,16.792463489027657
41.367320338825884,13.76650204532401
41.38732033882588,0.6833833565946428
41.407320338825876,31.359998972663
41.42732033882588,17.048108296628598
41.44732033882588,31.670034812738134
41.46732033882588,26.50128550633629
41.487320338825874,28.67591571792677
41.50732033882588,18.044570982871438
41.52732033882588,14.950163395038333
41.54732033882588,23.484336956682494
41.56732033882587,31.77249775513965
41.587320338825876,22.071087954747973
41.60732033882588,15.549641262711079
41.627320338825875,10.572924468374431
41.64732033882587,24.598840864737653
41.667320338825874,17.010645149102366
41.68732033882588,21.828028891042948
41.70732033882587,20.151765710575408
41.72732033882587,18.089367077799576
41.74732033882587,25.465840269164268
41.767320338825876,28.06697790714255
41.78732033882587,42.1688635054043
41.80732033882587,30.08989280984089
41.82732033882587,38.441185194569684
41.847320338825874,14.312509077192608
41.86732033882587,6.483220651673726
41.887320338825866,22.34252606761872
41.90732033882587,31.061266052107023
41.92732033882587,29.48678051968938
41.94732033882587,34.583153552273956
41.967320338825864,0.0
41.98732033882587,34.98747013691552
42.00732033882587,25.806516363957066
42.02732033882587,7.005950410301908
42.04732033882586,29.675570962719615
42.067320338825866,24.129311791299315
42.08732033882587,26.24098745160378
42.107320338825865,32.41399934878915
42.12732033882586,26.719879868343128
42.147320338825864,7.683098517943442
42.16732033882587,20.975315125221307
42.18732033882586,6.22335945834536
42.20732033882586,28.884668361214892
42.22732033882586,36.367995426765894
42.247320338825865,9.968021928775562
42.26732033882586,15.662157601953648
42.28732033882586,13.547360780158236
42.30732033882586,17.826265208725324
42.327320338825864,26.483818620941825
42.34732033882586,17.92317012437636
42.367320338825856,28.87344259586361
42.38732033882586,32.9962233316149
42.40732033882586,33.35430826605729
42.42732033882586,11.1492000023216
42.447320338825854,36.184601006744984
42.46732033882586,36.98034034091314
42.48732033882586,37.840728080161156
42.507320338825856,20.730097213114526
42.52732033882585,14.784142707896669
42.547320338825855,12.454482966440192
42.56732033882586,11.273428886580733
42.587320338825855,22.402470142209374
42.60732033882585,30.758428437123005
42.627320338825854,35.33984357344378
42.64732033882586,17.4130428072439
42.66732033882585,21.87609164454374
42.68732033882585,21.21546468421478
42.70732033882585,15.89890920206966
42.727320338825855,29.603584081618596
42.74732033882585,25.86895395551031
42.76732033882585,23.65309158887321
42.78732033882585,25.812308242312408
42.80732033882585,28.378166028008668
42.82732033882585,28.272429144334986
42.847320338825845,13.827570524022493
42.86732033882585,31.17017245357337
42.88732033882585,24.75497079360943
42.90732033882585,17.849576108466394
42.927320338825844,24.532469226033346
42.94732033882585,25.62938716497811
42.96732033882585,32.99689500937784
42.987320338825846,11.711953867730422
43.00732033882584,35.41781139977354
43.027320338825845,22.394095053733835
43.04732033882585,17.095368548242455
43.067320338825844,16.783795580856783
43.08732033882584,12.13218049921013
43.10732033882584,4.731196748669117
43.12732033882585,28.908837914690075
43.14732033882584,41.93820268229135
43.16732033882584,5.947690819633944
43.18732033882584,12.614076862373297
43.207320338825845,29.6287057313802
43.22732033882584,21.651028696811643
43.24732033882584,30.446120295992216
43.26732033882584,21.07925889833281
43.28732033882584,16.28473158133606
43.30732033882584,19.82713411976088
43.327320338825835,0.0
43.34732033882584,10.639827782710633
43.36732033882584,31.552032382944265
43.38732033882584,33.98281077514321
43.40732033882583,36.12005288865497
43.42732033882584,26.461672139469123
43.44732033882584,0.0
43.467320338825836,15.692105152356316
43.48732033882583,35.28333271959033
43.507320338825835,38.26193040861253
43.52732033882584,35.652484454534864
43.547320338825834,19.658109508196027
43.56732033882583,8.94951446715555
43.58732033882583,21.603619228276326
43.607320338825836,22.15272255312589
43.62732033882583,37.65516211286437
43.64732033882583,24.272668186948167
43.66732033882583,22.157783234022023
43.687320338825835,22.724552584806926
43.70732033882583,25.992552545352893
43.72732033882583,28.275776372928366
43.74732033882583,14.811829695580789
43.76732033882583,11.586012686148981
43.78732033882583,36.09060628493835
43.807320338825825,6.421275747660598
43.82732033882583,40.061730223007665
43.84732033882583,6.1314073928208295
43.86732033882583,22.100123990243265
43.88732033882582,42.17343389986978
43.907320338825826,39.636313633141185
43.92732033882583,37.38060434689287
43.947320338825826,70.63896319254987
43.96732033882582,88.92544733241306
43.987320338825825,114.86716140610345
44.00732033882583,146.69516222727603
44.027320338825824,194.97518196997555
44.04732033882582,236.60322913865969
44.06732033882582,315.667992266866
44.087320338825826,335.7602131533869
44.10732033882582,374.846663094957
44.12732033882582,402.98486385279244
44.14732033882582,442.0576558845025
44.167320338825824,408.0097078191997
44.18732033882582,412.31842770652383
44.20732033882582,376.6861043512856
44.22732033882582,324.5366474661765
44.24732033882582,283.7936427834415
44.26732033882582,246.24387135062227
44.287320338825815,187.2690103602243
44.30732033882582,156.02710224643008
44.32732033882582,134.7042123520326
44.34732033882582,90.23197840268489
44.36732033882581,52.004259570359
44.387320338825816,42.151304296697234
44.40732033882582,36.77931929564472
44.427320338825815,28.876313829097597
44.44732033882581,29.366959191818918
44.467320338825814,28.23248198753686
44.48732033882582,40.83592968289993
44.507320338825814,22.622783989006212
44.52732033882581,10.676659964908554
44.54732033882581,33.50118154722301
44.567320338825816,34.47682234673579
44.58732033882581,24.114265395679393
44.60732033882581,19.297881448850458
44.62732033882581,27.972482539027663
44.647320338825814,19.62721889254145
44.66732033882581,1.1743720159041864
44.687320338825806,27.360637656915518
44.70732033882581,30.64322925061147
44.72732033882581,36.12655389042662
44.74732033882581,14.403121404200226
44.767320338825805,23.967407698972075
44.78732033882581,24.178811975042375
44.80732033882581,22.549713260966108
44.82732033882581,22.83952755131296
44.8473203388258,22.05741472002105
44.867320338825806,23.798643786542474
44.88732033882581,29.08306311141787
44.907320338825805,33.87423882559098
44.9273203388258,14.10315800573457
44.947320338825804,19.938595140967234
44.96732033882581,17.430661828380813
44.9873203388258,15.995161674939977
45.0073203388258,5.4867212138819
45.0273203388258,21.884417964818045
45.047320338825806,26.430563079437444
45.0673203388258,20.081535800025186
45.0873203388258,21.538136266366894
45.1073203388258,25.80727441598652
45.127320338825804,35.72930000923952
45.1473203388258,17.415663716126055
45.167320338825796,9.892401873688272
45.1873203388258,20.69934362352931
45.2073203388258,40.43458789319828
45.2273203388258,9.985207949648496
45.247320338825794,28.090816891351515
45.2673203388258,33.16384677595885
45.2873203388258,0.0
45.3073203388258,25.677473327065627
45.32732033882579,27.60463355943239
45.347320338825796,18.892462493379465
45.3673203388258,15.096724454159641
45.387320338825795,15.649790355721505
45.40732033882579,18.26604101473578
45.427320338825794,18.526086044348617
45.4473203388258,16.634604635151288
45.46732033882579,18.09295956967665
45.48732033882579,33.44097571954733
45.50732033882579,9.384123445792472
45.527320338825795,4.033189143835326
45.54732033882579,33.58699499668491
45.56732033882579,19.59434530332472
45.58732033882579,17.627587387283967
45.607320338825794,20.393134951519702
45.62732033882579,23.593477553077797
45.647320338825786,16.255611128567306
45.66732033882579,26.550856047010345
45.68732033882579,11.864348937830584
45.70732033882579,18.464151355656067
45.727320338825784,0.0
45.74732033882579,33.19568713066306
45.76732033882579,19.707903042459538
45.787320338825786,28.165293777067035
45.80732033882578,26.225480197737625
45.827320338825785,26.953362316015028
45.84732033882579,21.37296806371493
45.867320338825785,25.328504811995405
45.88732033882578,11.828903009652782
45.907320338825784,9.72548655867718
45.92732033882579,20.421746523144098
45.94732033882578,14.630584561442827
45.96732033882578,35.67854139301776
45.98732033882578,25.170904054549847
46.007320338825785,14.250214784949446
46.02732033882578,18.69520206736006
46.04732033882578,22.73625889798236
46.06732033882578,20.721759019537085
46.08732033882578,24.114853308323458
46.10732033882578,22.079551734353654
46.127320338825776,7.482061046315565
46.14732033882578,0.0
46.16732033882578,17.64380942711519
46.18732033882578,26.980476066108995
46.207320338825774,17.747516809830604
46.22732033882578,33.73251544872654
46.24732033882578,20.89368351735134
46.267320338825776,34.93019640255042
46.28732033882577,32.87296447392922
46.307320338825775,31.862502143367376
46.32732033882578,9.31022966646077
46.347320338825774,21.51247432920761
46.36732033882577,33.56453330672019
46.38732033882577,24.055985620790015
46.40732033882578,26.871886540792065
46.42732033882577,7.4451727508826515
46.44732033882577,40.50771263033778
46.46732033882577,13.40184604911536
46.487320338825775,1.3671246533609605
46.50732033882577,17.795913951547767
46.52732033882577,0.0
46.54732033882577,10.447538257199874
46.56732033882577,46.87973118692698
46.58732033882577,17.490037563250112
46.607320338825765,7.008415489644971
46.62732033882577,21.535117232131427
46.64732033882577,12.299961496124682
46.66732033882577,29.919060923158668
46.687320338825764,12.37430052956248
46.70732033882577,23.97297425580824
46.72732033882577,9.790945067771537
46.747320338825766,47.24772463439608
46.76732033882576,26.289597621635934
46.787320338825765,19.794229183184775
46.80732033882577,18.315640906987845
46.827320338825764,15.705169371586605
46.84732033882576,13.627989749090178
46.86732033882576,13.349122197534863
46.887320338825766,38.01235246200801
46.90732033882576,15.698908480815769
46.92732033882576,0.0
46.94732033882576,9.557367925118813
46.967320338825765,30.490304342500515
46.98732033882576,18.685840254467863
47.00732033882576,19.864297182773978
47.02732033882576,32.89929976454619
47.04732033882576,13.425541143860762
47.06732033882576,27.517445777655126
47.087320338825755,14.51050833126198
47.10732033882576,26.94418723795127
47.12732033882576,17.270159188961145
47.14732033882576,18.76212057568475
47.16732033882575,29.37505934467962
47.18732033882576,28.650091125818175
47.20732033882576,19.511693324807368
47.227320338825756,16.44587647550427
47.24732033882575,37.149738899884255
47.267320338825755,27.04773094892999
47.28732033882576,17.239174441743867
47.307320338825754,14.615928521482708
47.32732033882575,31.391936797712017
47.34732033882575,22.293162126725473
47.367320338825756,19.499840832941555
47.38732033882575,22.281342054026855
47.40732033882575,24.50578857121618
47.42732033882575,20.557167905259835
47.447320338825755,33.15717764699596
47.46732033882575,33.70995339993486
47.48732033882575,26.431719565277856
47.50732033882575,34.856308105774296
47.52732033882575,21.190375817761065
47.54732033882575,28.00501824584976
47.567320338825745,31.1425815836449
47.58732033882575,31.284721549715563
47.60732033882575,30.250660752835785
47.62732033882575,27.398901929199507
47.64732033882574,40.6546420604415
47.667320338825746,15.682764185523283
47.68732033882575,19.523885530796715
47.707320338825745,18.927370257856275
47.72732033882574,17.388195460023102
47.747320338825745,1.1775486377382798
47.76732033882575,34.81032958966898
47.787320338825744,10.797699714815957
47.80732033882574,22.75268649291758
47.82732033882574,6.832369071834872
47.847320338825746,27.254591957292384
47.86732033882574,13.189938465994528
47.88732033882574,9.680754148774955
47.90732033882574,22.980293003667573
47.927320338825744,14.026007942844684
47.94732033882574,15.288268610753764
47.967320338825736,22.744271997947884
47.98732033882574,29.02279712225026
48.00732033882574,12.835434927967105
48.02732033882574,11.104062783545462
48.047320338825735,21.247382418202786
48.06732033882574,26.401640308139807
48.08732033882574,35.63324571969033
48.10732033882574,10.288987670075825
48.12732033882573,17.819213063669643
48.147320338825736,32.75335533691728
48.16732033882574,40.72306205874328
48.187320338825735,11.057838931799976
48.20732033882573,13.59727258560296
48.227320338825734,24.79304623468147
48.24732033882574,15.201278032548249
48.26732033882573,13.383066751080456
48.28732033882573,23.41677589216661
48.30732033882573,36.46296560353198
48.327320338825736,7.870650072888788
48.34732033882573,35.94553179422089
48.36732033882573,15.21122697260774
48.38732033882573,24.413577577140423
48.407320338825734,36.86091556042313
48.42732033882573,24.202405050579372
48.447320338825726,17.971030231581132
48.46732033882573,28.12447934891957
48.48732033882573,19.207854343924645
48.50732033882573,26.149830959812974
48.527320338825724,18.886325442480402
48.54732033882573,29.541490238717586
48.56732033882573,6.98448108044316
48.58732033882573,10.78842941101858
48.60732033882572,6.831219972489901
48.627320338825726,20.353079435905723
48.64732033882573,5.618871998208284
48.667320338825725,13.992829860032721
48.68732033882572,9.832961969556298
48.707320338825724,35.701723709484604
48.72732033882573,10.995082299627928
48.74732033882572,8.033364221979689
48.76732033882572,23.379153055302673
48.78732033882572,37.760936780336124
48.807320338825726,19.729023023986777
48.82732033882572,20.49948041202281
48.84732033882572,33.79123884049915
48.86732033882572,29.66295947128547
48.887320338825724,25.131828915015944
48.90732033882572,15.051295898893336
48.927320338825716,25.431317507803776
48.94732033882572,7.26094391528823
48.96732033882572,14.62908697436157
48.98732033882572,35.177537766636384
49.007320338825714,33.87991809631313
49.02732033882572,25.231929450762085
49.04732033882572,1.5606476824720588
49.067320338825716,8.769083299165697
49.08732033882571,14.053699233116411
49.107320338825716,19.128569417172997
49.12732033882572,8.3385957213573
49.147320338825715,18.37672878448424
49.16732033882571,38.5099885072304
49.187320338825714,24.842576324530885
49.20732033882572,23.01967661410378
49.22732033882571,10.653060254493154
49.24732033882571,4.43598206269483
49.26732033882571,8.54109253777894
49.287320338825715,4.0264035676949135
49.30732033882571,21.567897330149137
49.32732033882571,24.6536638293654
49.34732033882571,11.159178765748493
49.367320338825714,22.288555645907895
49.38732033882571,35.49659581933816
49.407320338825706,40.38093796107934
49.42732033882571,28.50538640911998
49.44732033882571,19.050207722498914
49.46732033882571,28.176996570705786
49.487320338825704,34.311406860930695
49.50732033882571,0.7183900737089317
49.52732033882571,35.60873780517431
49.547320338825706,15.339566757851838
49.5673203388257,15.433204524768968
49.587320338825705,17.230965045215434
49.60732033882571,23.978508455080306
49.627320338825704,9.662558438616461
49.6473203388257,17.9244061616928
49.667320338825704,26.022775743947534
49.68732033882571,22.953184992061946
49.7073203388257,24.573098125863797
49.7273203388257,17.5227580164918
49.7473203388257,27.697048510635344
49.767320338825705,31.321625751880987
49.7873203388257,30.719384911919022
49.8073203388257,25.028633102182834
49.8273203388257,30.139007581859637
49.8473203388257,29.458249806412425
49.8673203388257,47.51029726484624
49.887320338825695,32.92347490562267
49.9073203388257,19.85296063256585
49.9273203388257,11.621218718113651
49.9473203388257,18.1242304477311
49.967320338825694,17.41541766630121
49.9873203388257,25.845136961907347
50.0073203388257,13.726005742569255
50.027320338825696,32.64800867900991
50.04732033882569,6.828287545757785
50.067320338825695,4.396358766010906
50.0873203388257,19.368154469910568
50.107320338825694,12.291440384654763
50.12732033882569,8.132420583568653
50.14732033882569,14.341799751386823
50.1673203388257,13.095393131724382
50.18732033882569,20.809358810788563
50.20732033882569,14.50108365785736
50.22732033882569,15.312235979406907
50.247320338825695,20.652722390656358
50.26732033882569,30.84160729290582
50.28732033882569,35.40447026647569
50.30732033882569,22.172527287418497
50.32732033882569,22.94813093779349
50.34732033882569,18.858689712693774
50.367320338825685,25.50091828135995
50.38732033882569,24.588509952746737
50.40732033882569,33.94268952637745
50.42732033882569,1.7950748463778368
50.44732033882568,18.33506424846511
50.46732033882569,24.06987304106676
50.48732033882569,20.41307956641856
50.507320338825686,11.282145752038584
50.52732033882568,7.678178362096396
50.547320338825685,28.73305065782968
50.56732033882569,13.098561309318432
50.587320338825684,3.1168204977991145
50.60732033882568,29.229571807453254
50.62732033882568,25.251702212302327
50.647320338825686,19.501174450762765
50.66732033882568,11.51245394324815
50.68732033882568,19.521622121636565
50.70732033882568,32.809991494912246
50.727320338825685,4.505213824598357
50.74732033882568,5.010533984301826
50.76732033882568,14.37077267185403
50.78732033882568,20.380117075584998
50.80732033882568,15.68177531123213
50.82732033882568,27.071012703028252
50.847320338825675,31.52935138255193
50.86732033882568,23.426877006928635
50.88732033882568,26.241702367894135
50.90732033882568,23.35657647732684
50.92732033882567,20.728876260828137
50.947320338825676,7.696435126456221
50.96732033882568,10.350344210329668
50.987320338825675,7.119328077660796
51.00732033882567,19.141728868477006
51.027320338825675,22.947833521400863
51.04732033882568,6.130718182217544
51.067320338825674,21.347593762939265
51.08732033882567,11.86779372219295
51.10732033882567,9.926289743529955
51.127320338825676,14.363127658827688
51.14732033882567,9.410207968123704
51.16732033882567,26.67992775004533
51.18732033882567,18.931668510681455
51.207320338825674,28.762241893671167
51.22732033882567,16.173538957295015
51.247320338825666,16.550055546017944
51.26732033882567,39.33916880138308
51.28732033882567,4.373176456662637
51.30732033882567,33.44704494959659
51.327320338825665,37.145936805364855
51.34732033882567,28.257347886424473
51.36732033882567,17.292957316185536
51.38732033882567,34.86518441431544
51.40732033882566,17.377064395693758
51.427320338825666,13.535349055498237
51.44732033882567,16.70906101868395
51.467320338825665,14.88835925700614
51.48732033882566,11.122630235759681
51.507320338825664,31.68751732152429
51.52732033882567,12.851545617918081
51.547320338825664,20.288162096317343
51.56732033882566,6.145528620068621
51.58732033882566,20.88998255660592
51.607320338825666,9.02125622784173
51.62732033882566,8.77431208700044
51.64732033882566,19.484957585999545
51.66732033882566,31.14623844326136
51.687320338825664,24.97934451635035
51.70732033882566,25.665116099978405
51.727320338825656,19.273457799911107
51.74732033882566,17.21495707971675
51.76732033882566,28.481509027238367
51.78732033882566,14.93708671876289
51.807320338825654,28.911968383735523
51.82732033882566,32.925877532475965
51.84732033882566,12.151334432784365
51.86732033882566,13.619554250052026
51.88732033882565,15.105873919384813
51.907320338825656,5.892035345282212
51.92732033882566,15.86647975670028
51.947320338825655,33.573862775156016
51.96732033882565,10.102481177956047
51.987320338825654,33.80908176331515
52.00732033882566,16.22157305848394
52.02732033882565,41.695283864673755
52.04732033882565,13.735719599099664
52.06732033882565,19.112966424164146
52.087320338825656,11.449903860629659
52.10732033882565,13.67368829537556
52.12732033882565,33.931462155450376
52.14732033882565,25.294024739245664
52.167320338825654,30.83583603434485
52.18732033882565,7.390778549441961
52.207320338825646,27.09398237804714
52.22732033882565,10.830303945003076
52.24732033882565,7.170604234457404
52.26732033882565,22.93051600092617
52.287320338825644,22.827316197288045
52.30732033882565,21.074481988243303
52.32732033882565,27.71571253298076
52.34732033882565,29.27490889191126
52.36732033882564,35.23566945180744
52.387320338825646,8.634089464504823
52.40732033882565,35.55683834109002
52.427320338825645,39.35896028179876
52.44732033882564,16.872727785670993
52.467320338825644,3.849306759727259
52.48732033882565,6.698443182744747
52.50732033882564,15.914140317538479
52.52732033882564,40.673304941569434
52.54732033882564,20.701937058007367
52.567320338825645,14.35855701944296
52.58732033882564,13.67564985548674
52.60732033882564,7.301736569785046
52.62732033882564,29.27402063364979
52.647320338825644,19.60688655037622
52.66732033882564,41.52519590709286
52.687320338825636,26.808334744240327
52.70732033882564,28.8249570770506
52.72732033882564,18.10391191890037
52.74732033882564,9.614036335104512
52.767320338825634,11.78792259200201
52.78732033882564,6.83066883004215
52.80732033882564,29.62650454314368
52.827320338825636,16.672837758093575
52.84732033882563,30.046440528755184
52.867320338825635,21.88003788198048
52.88732033882564,17.59218225811803
52.907320338825635,8.82382266092431
52.92732033882563,23.53567677987914
52.947320338825634,18.332530977230984
52.96732033882564,29.5402253714157
52.98732033882563,13.363817548859174
53.00732033882563,26.6785535307686
53.02732033882563,36.92552472543751
53.047320338825635,23.242177763218603
53.06732033882563,28.369124490172474
53.08732033882563,26.234717070075398
53.10732033882563,39.496347405088216
53.12732033882563,24.230668041148938
53.14732033882563,27.514296925127468
53.167320338825625,20.151606031981416
53.18732033882563,12.770152201994705
53.20732033882563,8.431965282473389
53.22732033882563,33.18266072132781
53.247320338825624,10.429537628819467
53.26732033882563,27.97150097532841
53.28732033882563,24.672760280866775
53.307320338825626,29.69019879609074
53.32732033882562,15.364989868220892
53.347320338825625,12.604589079165038
53.36732033882563,24.295398124135065
53.387320338825624,17.58806792553365
53.40732033882562,8.201019607445696
53.42732033882562,39.896390120300275
53.44732033882563,12.596898174171319
53.46732033882562,10.574511270343944
53.48732033882562,18.089352690243434
53.50732033882562,33.03918147681644
53.527320338825625,0.0
53.54732033882562,32.20924307492096
53.56732033882562,11.395597656968222
53.58732033882562,23.155524269606936
53.60732033882562,13.750154908632327
53.62732033882562,40.4293591892762
53.647320338825615,21.756371110754984
53.66732033882562,13.4292478132962
53.68732033882562,17.499256653585295
53.70732033882562,21.40656066464662
53.72732033882561,22.286989530833072
53.74732033882562,24.897895325381768
53.76732033882562,20.496284955103967
53.787320338825616,6.73878091778697
53.80732033882561,17.10781594234284
53.827320338825615,26.577177488103963
53.84732033882562,13.811880290366668
53.867320338825614,27.238649296964304
53.88732033882561,20.82815951194463
53.90732033882561,18.333731838811765
53.927320338825616,32.45274110283123
53.94732033882561,3.1301700564863992
53.96732033882561,13.758471397560985
53.98732033882561,32.836176918869306
54.007320338825615,38.81260446246054
54.02732033882561,43.37227425839151
54.04732033882561,21.0161548726109
54.06732033882561,25.091837104601368
54.08732033882561,28.687418906508345
54.10732033882561,33.26418427271312
54.127320338825605,23.64465541087683
54.14732033882561,29.775543412318825
54.16732033882561,25.112123901434224
54.18732033882561,25.736970645239644
54.2073203388256,11.331397800954289
54.227320338825606,17.22332553918287
54.24732033882561,15.28815693886842
54.267320338825606,8.627294198757191
54.2873203388256,4.000609939968296
54.307320338825605,16.280814280737346
54.32732033882561,17.87870672829316
54.347320338825604,21.56835512467796
54.3673203388256,26.07583079458501
54.3873203388256,22.400156498321653
54.407320338825606,17.950317621550823
54.4273203388256,11.368675236373953
54.4473203388256,29.291152033275626
54.4673203388256,19.50277522042852
54.487320338825604,16.1836494533166
54.5073203388256,18.65756826834799
54.5273203388256,13.195244991050167
54.5473203388256,15.216540289576058
54.5673203388256,14.89930114076217
54.5873203388256,17.65112853839902
54.607320338825595,27.082684429924655
54.6273203388256,24.596901392889876
54.6473203388256,35.993814332193196
54.6673203388256,32.644404442292014
54.68732033882559,40.09201822887462
54.707320338825596,26.120085985811762
54.7273203388256,25.96026782624024
54.747320338825595,15.655785963932965
54.76732033882559,28.790834580989575
54.787320338825594,13.970271902759652
54.8073203388256,5.827655291413089
54.827320338825594,35.796227528045634
54.84732033882559,8.041974471261838
54.86732033882559,24.923118870588436
54.887320338825596,11.73211155167017
54.90732033882559,31.802939564886735
54.92732033882559,33.166615006460844
54.94732033882559,25.82975879278152
54.967320338825594,33.00250714426891
54.98732033882559,20.613123903049864
55.007320338825586,42.88240681558004
55.02732033882559,28.003232975215195
55.04732033882559,11.536999450399694
55.06732033882559,21.239530316772424
55.087320338825585,19.019404929140386
55.10732033882559,18.04116035102354
55.12732033882559,3.974998185511371
55.14732033882559,24.416039225842415
55.16732033882558,6.6908810994762895
55.187320338825586,0.0
55.20732033882559,17.110350075188407
55.227320338825585,12.99260844791026
55.24732033882558,11.937247152149038
55.267320338825584,0.0
55.28732033882559,12.046374526369657
55.30732033882558,18.819498349935618
55.32732033882558,14.215505127802675
55.34732033882558,24.431622632159897
55.367320338825586,34.48594751139234
55.38732033882558,25.724184404692547
55.40732033882558,30.825635739467078
55.42732033882558,31.6541563143105
55.447320338825584,10.375492191841657
55.46732033882558,24.956471061550676
55.487320338825576,30.518135770175313
55.50732033882558,16.208209389636153
55.52732033882558,12.662813437264646
55.54732033882558,25.87442413306446
55.567320338825574,5.755364264242672
55.58732033882558,9.69291443252559
55.60732033882558,13.90671791019709
55.62732033882558,25.080758483841024
55.64732033882557,22.76609038010002
55.667320338825576,30.902036619389918
55.68732033882558,11.361003788645808
55.707320338825575,10.826364978834398
55.72732033882557,25.821618590747153
55.747320338825574,12.597247928087683
55.76732033882558,14.550309735904351
55.78732033882557,2.0191462773825783
55.80732033882557,23.496714321987938
55.82732033882557,36.00263252436723
55.847320338825575,10.298326003419227
55.86732033882557,30.809752507129637
55.88732033882557,20.000245668207953
55.90732033882557,2.941614048206578
55.927320338825574,11.650034697553957
55.94732033882557,11.034186615924726
55.967320338825566,17.435152652513672
55.98732033882557,24.79715781936763
56.00732033882557,39.09284161047309
56.02732033882557,6.293767465325434
56.047320338825564,15.75907749613258
56.06732033882557,11.648682862456898
56.08732033882557,7.930350579312179
56.107320338825566,21.566289740313195
56.12732033882556,20.628294344392756
56.147320338825565,2.4771663991812645
56.16732033882557,20.798404466975196
56.187320338825565,8.564662456752123
56.20732033882556,20.73863665715751
56.227320338825564,33.3170753601445
56.24732033882557,25.254554884142205
56.26732033882556,22.400824946429513
56.28732033882556,15.339789041591768
56.30732033882556,21.297929622207704
56.327320338825565,26.26361571977391
56.34732033882556,25.274571194826045
56.36732033882556,19.642568284413475
56.38732033882556,22.810381204530923
56.40732033882556,7.472875694482919
56.42732033882556,13.297015964402043
56.447320338825556,27.717884942734788
56.46732033882556,29.064534524199807
56.48732033882556,21.58212240035035
56.50732033882556,35.43773920561378
56.527320338825554,25.73023528523974
56.54732033882556,18.32073908943069
56.56732033882556,8.456473773937061
56.587320338825556,35.043334729795134
56.60732033882555,28.36119161509459
56.627320338825555,38.64315997573516
56.64732033882556,42.330562893108905
56.667320338825554,7.79474175052219
56.68732033882555,7.822877745841399
56.707320338825554,0.0
56.72732033882556,29.854018959567473
56.74732033882555,27.23733649703243
56.76732033882555,21.652425543771493
56.78732033882555,8.415443039555885
56.807320338825555,19.78859215295097
56.82732033882555,22.528151574789526
56.84732033882555,28.51053475985745
56.86732033882555,23.415342587407316
56.88732033882555,27.325695629147603
56.90732033882555,19.448597100788504
56.927320338825545,32.506961743466334
56.94732033882555,27.011694465866515
56.96732033882555,8.827327753878658
56.98732033882555,34.59114078840519
57.007320338825544,32.95694487067704
57.02732033882555,25.358283425652434
57.04732033882555,23.513033395658315
57.067320338825546,37.29430620340117
57.08732033882554,4.377409897976783
57.107320338825545,33.12514572365221
57.12732033882555,15.953209294943587
57.147320338825544,31.669440416651693
57.16732033882554,21.923827969245924
57.18732033882554,8.293226680506738
57.20732033882555,15.759720102132297
57.22732033882554,30.944654091717403
57.24732033882554,18.62774357285946
57.26732033882554,14.517441132034413
57.287320338825545,14.453061460265769
57.30732033882554,27.159756884045514
57.32732033882554,38.24614744969939
57.34732033882554,0.0
57.36732033882554,48.75171217846342
57.38732033882554,22.784886061956747
57.407320338825535,26.552235049501565
57.42732033882554,16.38996000492695
57.44732033882554,20.720023861668714
57.46732033882554,22.68291671767218
57.48732033882553,10.269452009704453
57.50732033882554,12.70623673606575
57.52732033882554,32.61137956019684
57.547320338825536,5.244902575598395
57.56732033882553,25.181442783642915
57.587320338825535,17.068577219652283
57.60732033882554,11.169383221015362
57.627320338825534,40.498495475514694
57.64732033882553,11.236887418872245
57.66732033882553,9.483642943379557
57.687320338825536,18.917699646245186
57.70732033882553,13.104617910522942
57.72732033882553,20.856802218790058
57.74732033882553,22.349793837667978
57.767320338825535,23.145200572585
57.78732033882553,19.562544309378797
57.80732033882553,13.782682434654394
57.82732033882553,27.241190391963784
57.84732033882553,19.693106613164215
57.86732033882553,15.856749281703742
57.887320338825525,35.615761325822305
57.90732033882553,19.605620469566453
57.92732033882553,31.741535630577353
57.94732033882553,33.09299742975037
57.96732033882552,33.70429845425355
57.987320338825526,27.74211911808121
58.00732033882553,20.82719079812551
58.027320338825525,20.196107380488858
58.04732033882552,18.39833540971153
58.067320338825525,0.0
58.08732033882553,28.033670618115536
58.107320338825524,23.293311877296105
58.12732033882552,29.10696630429176
58.14732033882552,19.684789329232707
58.167320338825526,27.506151435217824
58.18732033882552,7.085937925740119
58.20732033882552,9.171474964272795
58.22732033882552,0.0
58.247320338825524,19.52692538271545
58.26732033882552,13.148325238504206
58.287320338825516,11.842939891004885
58.30732033882552,24.226473696670517
58.32732033882552,16.628082993929894
58.34732033882552,6.555463627991394
58.367320338825515,46.33727392151851
58.38732033882552,20.52274622151034
58.40732033882552,10.06448186039001
58.42732033882552,14.201031471234753
58.44732033882551,19.171243805215866
58.467320338825516,19.15351500782678
58.48732033882552,33.93093221268239
58.507320338825515,20.118318470808
58.52732033882551,39.46804204011018
58.547320338825514,16.595086861266783
58.56732033882552,25.18704638584294
58.58732033882551,31.145871306469814
58.60732033882551,32.88098948450438
58.62732033882551,34.051599376239665
58.647320338825516,18.21618424416317
58.66732033882551,20.884847183720545
58.68732033882551,0.0
58.70732033882551,18.98655669893404
58.727320338825514,31.862678021100557
58.74732033882551,29.921993863505705
58.767320338825506,20.092264340130527
58.78732033882551,37.95205012276902
58.80732033882551,17.12413664699051
58.82732033882551,13.806338696679195
58.847320338825504,16.289680676226126
58.86732033882551,9.750222512575942
58.88732033882551,27.20241144688114
58.90732033882551,23.8668812468898
58.9273203388255,27.085473223091416
58.947320338825506,16.845596491717394
58.96732033882551,20.412221087891275
58.987320338825505,0.0
59.0073203388255,24.762532972368085
59.027320338825504,21.992375708333114
59.04732033882551,10.002381841385724
59.0673203388255,19.96479402942818
59.0873203388255,18.43660081420381
59.1073203388255,38.66195125543905
59.127320338825506,10.411313875564067
59.1473203388255,24.34061057314076
59.1673203388255,10.122444056571993
59.1873203388255,15.45518550784389
59.207320338825504,23.805915411990227
59.2273203388255,18.92791544927201
59.247320338825496,20.985469829862524
59.2673203388255,24.376446054580743
59.2873203388255,16.11618938157704
59.3073203388255,29.89842409889019
59.327320338825494,18.006048506199924
59.3473203388255,20.089192036315254
59.3673203388255,24.681773631129584
59.387320338825496,23.342590645137182
59.40732033882549,27.518809136628054
59.427320338825496,24.25012866783778
59.4473203388255,25.774759528994295
59.467320338825495,17.834709525406183
59.48732033882549,10.404718927505801
59.507320338825494,6.820049604271837
59.5273203388255,4.393359355373111
59.54732033882549,38.73176368002355
59.56732033882549,0.0
59.58732033882549,33.04984322453225
59.607320338825495,12.90799417146079
59.62732033882549,32.98518350340395
59.64732033882549,0.0
59.66732033882549,18.77805407994817
59.687320338825494,35.67336693611806
59.70732033882549,28.26936177236106
59.727320338825486,17.76876818113926
59.74732033882549,1.7158198359156671
59.76732033882549,7.924891099527892
59.78732033882549,35.04544415708596
59.807320338825484,17.67577144392568
59.82732033882549,20.4441660756755
59.84732033882549,24.001995192382537
59.867320338825486,8.142505426012386
59.88732033882548,25.248060136555704
59.907320338825485,16.983280676175788
59.92732033882549,24.120753840453762
59.947320338825484,15.407520631918574
59.96732033882548,5.461186433626384
59.987320338825484,16.922952250988644
60.00732033882549,27.608797606507803
60.02732033882548,25.14597951745448
60.04732033882548,21.51905780967735
60.06732033882548,30.19545148788435
60.087320338825485,19.182589958972635
60.10732033882548,21.785703649725523
60.12732033882548,16.42969542962338
60.14732033882548,30.797980996178776
60.16732033882548,24.151536986272294
60.18732033882548,15.671133959251872
60.207320338825475,6.354894412315813
60.22732033882548,32.29929470098266
60.24732033882548,13.81353476543892
60.26732033882548,21.97934537139344
60.287320338825474,44.78922848409258
60.30732033882548,29.282870106037873
60.32732033882548,37.38382683587764
60.347320338825476,15.895652296843489
60.36732033882547,31.991247073711172
60.387320338825475,21.552768919714907
60.40732033882548,24.950857276790682
60.427320338825474,41.50372746538387
60.44732033882547,18.51348753906506
60.46732033882547,21.497138935271135
60.48732033882548,12.2771096663823
60.50732033882547,30.198616681117517
60.52732033882547,15.71235022993351
60.54732033882547,31.550424604473132
60.567320338825475,4.828902397538258
60.58732033882547,26.81914302970329
60.60732033882547,14.900569867218767
60.62732033882547,28.64743305012237
60.64732033882547,21.211431762088502
60.66732033882547,15.998414272912333
60.687320338825465,17.49100027323167
60.70732033882547,12.857519543475114
60.72732033882547,29.744099273218794
60.74732033882547,10.884680467752503
60.76732033882546,18.70511287485553
60.78732033882547,24.83315340966191
60.80732033882547,37.520574259912976
60.827320338825466,21.297527423661112
60.84732033882546,18.970305020694873
60.867320338825465,24.136670009039673
60.88732033882547,0.6706026831506477
60.907320338825464,9.42372431709795
60.92732033882546,17.6614658132686
60.94732033882546,14.290401758519316
60.967320338825466,5.416735814720152
60.98732033882546,30.007843629389146
61.00732033882546,24.032625784794988
61.02732033882546,22.842725286167624
61.047320338825465,14.505188570158785
61.06732033882546,22.244069932529253
61.08732033882546,26.599688011878378
61.10732033882546,18.811298928914347
61.12732033882546,25.911060821217546
61.14732033882546,13.509825473264204
61.167320338825455,22.450388177360153
61.18732033882546,32.90563551729357
61.20732033882546,33.80598024032429
61.22732033882546,34.766814637857735
61.24732033882545,24.35176698502178
61.267320338825456,21.81739147136851
61.28732033882546,17.01854469425926
61.307320338825456,3.4367810558667884
61.32732033882545,8.067839245474449
61.347320338825455,19.841506892606095
61.36732033882546,20.444405329149035
61.387320338825454,35.654766113087106
61.40732033882545,34.68578591076483
61.42732033882545,14.67820477247443
61.447320338825456,29.731607677819802
61.46732033882545,16.782958980914326
61.48732033882545,28.385120907391112
61.50732033882545,29.62445735090207
61.527320338825454,33.99054351634592
61.54732033882545,16.64852989536313
61.567320338825446,31.723361077308375
61.58732033882545,2.8575573112475077
61.60732033882545,34.55324065009124
61.62732033882545,21.346315454635146
61.647320338825445,21.564614227515083
61.66732033882545,1.2329533419768879
61.68732033882545,17.72609637536292
61.70732033882545,35.17299874082671
61.72732033882544,17.356647962834767
61.747320338825446,28.76376925348689
61.76732033882545,21.980180303795855
61.787320338825445,32.26682041493261
61.80732033882544,23.56065126289642
61.827320338825444,12.333051481675207
61.84732033882545,22.221211353036047
61.867320338825444,37.674423923711345
61.88732033882544,26.64426855961402
61.90732033882544,20.50893014937141
61.927320338825446,44.23641939726866
61.94732033882544,33.276738745780186
61.96732033882544,29.8575339089884
61.98732033882544,24.8692449528506
62.007320338825444,29.004196693817256
62.02732033882544,29.334429614424508
62.047320338825436,0.0
62.06732033882544,25.66780951404602
62.08732033882544,20.11607673887574
62.10732033882544,16.732072996968554
62.127320338825434,19.781175763336243
62.14732033882544,6.182786960029809
62.16732033882544,3.7009105110341594
62.18732033882544,34.217785777343536
62.20732033882543,26.38010228928201
62.227320338825436,0.0
62.24732033882544,16.00624080864858
62.267320338825435,30.581403176764425
62.28732033882543,18.98155408159574
62.307320338825434,34.23757167806958
62.32732033882544,32.29087678879409
62.34732033882543,8.232095682862878
62.36732033882543,20.37182808073285
62.38732033882543,17.330048416968353
62.407320338825436,7.924445609191702
62.42732033882543,7.279983472846251
62.44732033882543,13.768421697868664
62.46732033882543,15.42530576338492
62.487320338825434,24.67279257761229
62.50732033882543,32.288576721501826
62.527320338825426,26.98885095820748
62.54732033882543,29.36209542916702
62.56732033882543,19.19817864244665
62.58732033882543,27.900354847521115
62.607320338825424,20.39261127208179
62.62732033882543,17.46765763326514
62.64732033882543,40.85942349260647
62.66732033882543,0.0
62.68732033882542,3.1674725415973555
62.707320338825426,25.733582006666346
62.72732033882543,19.262842045705487
62.747320338825425,7.5489151987645045
62.76732033882542,11.378754450533927
62.787320338825424,12.686923336222321
62.80732033882543,30.860476088311387
62.82732033882542,34.06735649783174
62.84732033882542,38.34503135619755
62.86732033882542,6.065459033483377
62.887320338825425,8.290513505557222
62.90732033882542,7.611673672569118
62.92732033882542,34.862710062344526
62.94732033882542,26.152598124407035
62.967320338825424,22.788571297269094
62.98732033882542,24.28910358846169
63.007320338825416,21.43128334929943
63.02732033882542,10.7939070588017
63.04732033882542,27.143328772538663
63.06732033882542,20.15650107774821
63.087320338825414,10.020968164956692
63.10732033882542,27.773346812727276
63.12732033882542,17.77893693778082
63.147320338825416,24.317980980240762
63.16732033882541,20.799699168091763
63.187320338825415,30.969635018421318
63.20732033882542,24.263845387318646
63.227320338825415,13.231594066937639
63.24732033882541,25.29502003082081
63.267320338825414,25.628278817349308
63.28732033882542,27.201136875211283
63.30732033882541,32.45297701710079
63.32732033882541,15.940845713426123
63.34732033882541,28.78648108054565
63.367320338825415,4.865414609637636
63.38732033882541,20.9202131378351
63.40732033882541,19.379948456254155
63.42732033882541,36.61149721823132
63.44732033882541,20.576200124784016
63.46732033882541,28.22596326801422
63.487320338825405,4.534821990944508
63.50732033882541,18.641572957394278
63.52732033882541,13.702109961617891
63.54732033882541,46.92738756600397
63.567320338825404,15.510888220769633
63.58732033882541,22.918238094443304
63.60732033882541,23.457810258312456
63.627320338825406,6.303891146579591
63.6473203388254,16.944969589763094
63.667320338825405,26.259697105443056
63.68732033882541,23.076105292088407
63.707320338825404,0.0
63.7273203388254,16.56428519672466
63.7473203388254,32.45269641543585
63.76732033882541,28.142048341872737
63.7873203388254,34.46678302068463
63.8073203388254,12.480726010502895
63.8273203388254,35.2465098916912
63.847320338825405,22.189308855748024
63.8673203388254,38.93084272539607
63.8873203388254,23.73506853125047
63.9073203388254,4.459029720216208
63.9273203388254,35.52444937137014
63.9473203388254,26.01826541407807
63.967320338825395,32.02642973433428
63.9873203388254,29.204064205423382
64.00732033882541,71.2465544111306
64.0273203388254,65.08980281075732
64.0473203388254,105.69883912288593
64.0673203388254,109.58945521629731
64.0873203388254,132.19815887442294
64.1073203388254,184.46772577496642
64.1273203388254,200.48668488788604
64.14732033882541,228.12896883480218
64.1673203388254,238.39437111507374
64.1873203388254,261.57193158594276
64.2073203388254,276.1652698626162
64.2273203388254,254.73900181763074
64.2473203388254,248.802329655497
64.2673203388254,228.61234648871917
64.2873203388254,206.5887533409414
64.3073203388254,190.9912685552935
64.3273203388254,143.23382531449798
64.3473203388254,111.29912691939826
64.3673203388254,121.08359168758736
64.38732033882539,68.94494344895166
64.4073203388254,55.423274698791715
64.4273203388254,41.875208822390036
64.44732033882539,34.26615476294195
64.4673203388254,32.12020794563813
64.4873203388254,36.87914944819187
64.5073203388254,29.44892053472636
64.52732033882539,34.84843845748372
64.54732033882539,33.76924130367108
64.5673203388254,25.013254976450472
64.58732033882539,26.486649511762977
64.60732033882539,33.713253686876996
64.6273203388254,11.47115533730242
64.6473203388254,47.549862557325845
64.66732033882539,17.439185319992983
64.68732033882539,19.05844385767105
64.70732033882538,10.454634249903055
64.7273203388254,10.758722827822034
64.74732033882539,32.327574500629936
64.76732033882539,45.29633367730324
64.7873203388254,16.929233295555658
64.80732033882539,26.082063288468373
64.82732033882539,24.817844758376697
64.84732033882538,32.625918010243446
64.86732033882538,44.81792196446353
64.88732033882539,37.84782732082318
64.90732033882539,20.25882689369039
64.92732033882538,27.940433311006856
64.94732033882539,28.94068329440407
64.96732033882539,22.466557113436057
64.98732033882538,11.715471277758006
65.00732033882538,14.694450229109213
65.02732033882538,34.17112932546411
65.04732033882539,35.210083760261455
65.06732033882538,20.62874170895
65.08732033882538,25.322391407643075
65.10732033882539,34.69190832937693
65.12732033882538,5.684024569033031
65.14732033882538,18.2706426633903
65.16732033882538,42.92034496299635
65.18732033882537,25.74218296539408
65.20732033882538,11.46443007511013
65.22732033882538,23.936909425021305
65.24732033882538,32.98594841219729
65.26732033882539,0.0
65.28732033882538,24.54949389995149
65.30732033882538,19.070027389735696
65.32732033882537,6.381739250650554
65.34732033882537,23.628551002012085
65.36732033882538,21.45204440968428
65.38732033882538,22.583522807315504
65.40732033882537,19.349408038774648
65.42732033882538,12.626237928013762
65.44732033882538,8.299194596754734
65.46732033882537,15.947943278440256
65.48732033882537,31.45499381805329
65.50732033882537,25.20081584268421
65.52732033882538,22.186030055425654
65.54732033882537,12.487742504306448
65.56732033882537,19.153945496540015
65.58732033882538,30.27235140789373
65.60732033882537,27.95630460181411
65.62732033882537,18.144179569459045
65.64732033882537,0.0
65.66732033882536,16.183124895416743
65.68732033882537,18.112387628787424
65.70732033882537,13.876015109800637
65.72732033882536,18.823068395489752
65.74732033882538,31.128089291044578
65.76732033882537,22.59739528787495
65.78732033882537,32.8751021149465
65.80732033882536,7.902212591948729
65.82732033882536,19.94309465931936
65.84732033882537,3.611325882729073
65.86732033882537,18.743593390821374
65.88732033882536,12.560625763753015
65.90732033882537,35.83757019188363
65.92732033882537,27.13001335400859
65.94732033882536,33.18904957032705
65.96732033882536,18.755147545059234
65.98732033882536,12.859325858273108
66.00732033882537,12.54876774762937
66.02732033882536,25.72669117985623
66.04732033882536,41.18182379238472
66.06732033882537,27.211952031709107
66.08732033882536,19.348381845987905
66.10732033882536,21.216290364790883
66.12732033882536,22.798945109065812
66.14732033882535,43.38633325570013
66.16732033882536,35.463962239856386
66.18732033882536,25.735445234274163
66.20732033882535,24.24116314916118
66.22732033882536,26.14537530356106
66.24732033882536,28.102605655226906
66.26732033882536,19.03588661225801
66.28732033882535,14.73510344823504
66.30732033882535,33.50613189116605
66.32732033882536,23.411802521814106
66.34732033882536,32.68731005478746
66.36732033882535,39.669683198191564
66.38732033882536,28.422317581610702
66.40732033882536,26.809739066028676
66.42732033882535,55.23477758783632
66.44732033882535,25.31065204349997
66.46732033882535,12.34309510902013
66.48732033882536,20.4444327243123
66.50732033882535,38.78166343679773
66.52732033882535,10.331283487582258
66.54732033882536,15.756511000566189
66.56732033882535,34.353534517083816
66.58732033882535,20.581228794050848
66.60732033882535,22.203155440543238
66.62732033882534,34.04752891492458
66.64732033882535,16.153785655384635
66.66732033882535,8.644178872792411
66.68732033882534,9.44955891602045
66.70732033882535,29.164447538654265
66.72732033882535,25.946197748767478
66.74732033882535,16.437454592241107
66.76732033882534,11.783455622869905
66.78732033882534,20.67390185932443
66.80732033882535,34.553076409762255
66.82732033882534,15.038003584564107
66.84732033882534,16.7776316006416
66.86732033882535,11.507553948256842
66.88732033882535,19.746947619001265
66.90732033882534,26.810182374720938
66.92732033882534,44.58940904720371
66.94732033882534,25.623866648305857
66.96732033882535,22.917613527591456
66.98732033882534,32.09211269856998
67.00732033882534,30.43326319703538
67.02732033882535,17.702869538668097
67.04732033882534,46.508457366130926
67.06732033882534,23.25241098655983
67.08732033882534,25.86839450115636
67.10732033882533,29.026532851219777
67.12732033882534,26.9801852101155
67.14732033882534,38.78386163540861
67.16732033882533,17.639229807246203
67.18732033882534,31.380580760295206
67.20732033882534,25.200892602287407
67.22732033882534,33.390898761733204
67.24732033882533,21.422279740745697
67.26732033882533,20.07645685831287
67.28732033882534,30.909830205155505
67.30732033882533,27.17752152646855
67.32732033882533,15.403148252573647
67.34732033882534,37.070725137748724
67.36732033882534,30.948215681906678
67.38732033882533,22.88960832440345
67.40732033882533,18.95787603378654
67.42732033882533,27.290041646600965
67.44732033882534,30.262139031752053
67.46732033882533,7.7250987340408415
67.48732033882533,27.43122993165852
67.50732033882534,30.208547495409345
67.52732033882533,0.167102750325693
67.54732033882533,25.66208211177055
67.56732033882533,30.654882119848157
67.58732033882532,29.526187629025088
67.60732033882533,31.750510185216292
67.62732033882533,20.458991290400245
67.64732033882532,13.344231840730886
67.66732033882533,5.7545002320206216
67.68732033882533,34.68283168436584
67.70732033882533,30.799918293972773
67.72732033882532,35.46282507148018
67.74732033882532,16.53520289320785
67.76732033882533,31.833669719086792
67.78732033882532,8.777193258598526
67.80732033882532,15.11777273194768
67.82732033882533,25.081194261922878
67.84732033882533,30.46222039117748
67.86732033882532,40.62899876755012
67.88732033882532,21.446972011165293
67.90732033882531,15.19886198601332
67.92732033882533,14.693625107789067
67.94732033882532,16.99541724274159
67.96732033882532,46.092915570513064
67.98732033882533,31.460162416971933
68.00732033882532,35.02553217737497
68.02732033882532,21.519152919479062
68.04732033882532,23.901325115347447
68.06732033882531,30.919268158608695
68.08732033882532,18.87745469361439
68.10732033882532,21.03119051212701
68.12732033882531,17.206061295930812
68.14732033882532,19.487020477792615
68.16732033882532,24.460584534002276
68.18732033882532,15.762555978715106
68.20732033882531,26.848313741762283
68.22732033882531,26.843215975747185
68.24732033882532,22.213794501999626
68.26732033882531,15.740572606692744
68.28732033882531,25.073699685911578
68.30732033882532,18.98392938408039
68.32732033882532,24.507830265820473
68.34732033882531,35.03208459470842
68.36732033882531,11.530337801073893
68.3873203388253,45.80353909876697
68.40732033882531,23.352384256684903
68.42732033882531,28.204965026070557
68.4473203388253,16.568031145450583
68.46732033882532,35.526614933218895
68.48732033882531,22.857209742951195
68.50732033882531,20.181273929468677
68.5273203388253,18.376296975658143
68.5473203388253,21.455524643009234
68.56732033882531,28.332923375013333
68.58732033882531,25.886569809009806
68.6073203388253,23.768885821978003
68.62732033882531,17.06229669761538
68.64732033882531,16.493811316031405
68.6673203388253,19.585845842244005
68.6873203388253,28.80639581743836
68.7073203388253,30.83529487677152
68.72732033882531,32.19220288712635
68.7473203388253,24.216164138054722
68.7673203388253,28.075531974490787
68.78732033882531,22.56449232526102
68.8073203388253,6.835113570806307
68.8273203388253,22.10792696821229
68.8473203388253,20.523037251335403
68.8673203388253,13.894967339973196
68.8873203388253,18.620600724364287
68.9073203388253,25.654586920922156
68.9273203388253,12.980342395966733
68.9473203388253,17.214100172323274
68.9673203388253,39.81012681468496
68.9873203388253,8.313202292177671
69.0073203388253,22.517609945993335
69.02732033882529,12.695510954862376
69.0473203388253,16.85141676411098
69.0673203388253,22.39959961554497
69.0873203388253,14.510404874313306
69.1073203388253,30.134673442677148
69.1273203388253,37.916081654682564
69.1473203388253,32.83057194544232
69.16732033882529,34.66914382854925
69.18732033882529,10.634884847385695
69.2073203388253,22.010767305142956
69.2273203388253,29.124930961756576
69.24732033882529,33.17187905336431
69.2673203388253,42.00275630128476
69.2873203388253,35.168885573257576
69.30732033882529,33.45264597412684
69.32732033882529,50.83299240164509
69.34732033882528,25.469411029418048
69.3673203388253,21.62502618602085
69.38732033882529,26.29848667787934
69.40732033882529,15.383683854722378
69.4273203388253,25.219859716772973
69.44732033882529,7.2843170257067875
69.46732033882529,19.266972338747152
69.48732033882528,23.41815424092606
69.50732033882528,34.07718292312026
69.52732033882529,35.70107898693196
69.54732033882529,14.96335297910802
69.56732033882528,45.36921458446032
69.5873203388253,26.101978161645036
69.60732033882529,27.028062663750205
69.62732033882529,8.46005425304745
69.64732033882528,18.44579775402491
69.66732033882528,35.1539987551445
69.68732033882529,26.362940663319456
69.70732033882528,25.75270508631771
69.72732033882528,26.955687687815516
69.74732033882529,10.261337439564995
69.76732033882529,23.73671579427253
69.78732033882528,38.795532028009305
69.80732033882528,35.58873813068648
69.82732033882527,23.47910719147837
69.84732033882528,40.37723430579125
69.86732033882528,12.159014670288407
69.88732033882528,15.042481470761253
69.90732033882529,43.405146457085564
69.92732033882528,30.55812459888858
69.94732033882528,21.898996868421264
69.96732033882527,24.2441676253141
69.98732033882527,16.740531252411913
70.00732033882528,27.58226358076737
70.02732033882528,26.799723264988813
70.04732033882527,25.034193179017468
70.06732033882528,13.247297225277782
70.08732033882528,27.501939782687472
70.10732033882528,19.568789619112195
70.12732033882527,15.01366256559578
70.14732033882527,37.55039724791736
70.16732033882528,46.589728986916796
70.18732033882527,44.328265665792415
70.20732033882527,31.41284685629278
70.22732033882528,22.265329120008293
70.24732033882528,24.227190606938695
70.26732033882527,28.996341398828697
70.28732033882527,20.747419358817204
70.30732033882526,38.14758137082796
70.32732033882527,4.611795458378953
70.34732033882527,22.021410218653447
70.36732033882527,32.998981739769334
70.38732033882528,16.546277089457135
70.40732033882527,22.605997055097227
70.42732033882527,30.953538174243256
70.44732033882526,40.209418746279084
70.46732033882526,12.096974116305962
70.48732033882527,11.36524689927208
70.50732033882527,15.595330292851653
70.52732033882526,9.689919594951645
70.54732033882527,10.41114498781684
70.56732033882527,15.357974498743943
70.58732033882526,37.42918436250213
70.60732033882526,21.983148553013304
70.62732033882526,25.42734107693343
70.64732033882527,15.568626136185214
70.66732033882526,31.468323528095926
70.68732033882526,43.90028249351975
70.70732033882527,16.27603815519901
70.72732033882527,42.409520808026656
70.74732033882526,28.81598633053958
70.76732033882526,25.350088171821888
70.78732033882525,29.192407439334126
70.80732033882526,29.106155278538946
70.82732033882526,43.781660866480735
70.84732033882526,30.422555573775295
70.86732033882527,30.641156717931175
70.88732033882526,21.024828707622103
70.90732033882526,33.640345300875076
70.92732033882525,15.69085633572255
70.94732033882525,26.359123188673898
70.96732033882526,54.11168113526814
70.98732033882526,0.24671370767330103
71.00732033882525,27.62985521468563
71.02732033882526,28.02439180624369
71.04732033882526,23.03705449603126
71.06732033882525,23.282539589384946
71.08732033882525,26.251622144906136
71.10732033882525,22.82728878430909
71.12732033882526,27.576920843599922
71.14732033882525,20.490823382756467
71.16732033882525,45.60067036134615
71.18732033882526,22.866421299566813
71.20732033882526,31.092494171454863
71.22732033882525,18.715845241719308
71.24732033882525,34.74746744964384
71.26732033882524,32.76055066341122
71.28732033882525,29.62831551650404
71.30732033882525,15.172204645521738
71.32732033882525,17.93137753204467
71.34732033882526,42.32699217675818
71.36732033882525,17.840384253631886
71.38732033882525,31.89400665230127
71.40732033882524,16.0481398539526
71.42732033882524,35.58855828166844
71.44732033882525,18.650629662988976
71.46732033882525,15.892606195420397
71.48732033882524,18.410946635360503
71.50732033882525,20.006236243973476
71.52732033882525,29.600891022906257
71.54732033882524,26.25789423101712
71.56732033882524,14.622400477437484
71.58732033882524,25.304399634499546
71.60732033882525,14.158768562526138
71.62732033882524,32.039273493443474
71.64732033882524,33.88265036320932
71.66732033882525,25.384073821093953
71.68732033882524,28.35001134765204
71.70732033882524,43.164652792511845
71.72732033882524,24.077320365056437
71.74732033882523,16.220713604493504
71.76732033882524,31.465192471256596
71.78732033882524,14.35665362987803
71.80732033882524,23.58745697714475
71.82732033882525,19.713205595973506
71.84732033882524,18.694871274136695
71.86732033882524,23.222161279558268
71.88732033882523,34.73192218615114
71.90732033882523,36.7996725313445
71.92732033882524,35.01502301703228
71.94732033882524,29.12648900719732
71.96732033882523,23.195770201411868
71.98732033882524,2.204677508063707
72.00732033882524,29.46953296681146
72.02732033882523,3.0096052614159454
72.04732033882523,6.579253100010696
72.06732033882523,24.206256521145743
72.08732033882524,28.47871657589069
72.10732033882523,21.332109955906812
72.12732033882523,41.20828913653249
72.14732033882524,30.484016651676935
72.16732033882523,23.37894718165948
72.18732033882523,39.746155599476424
72.20732033882523,41.544223223966746
72.22732033882522,31.028713964045295
72.24732033882523,18.160591370676045
72.26732033882523,20.42050823262978
72.28732033882523,11.465873600807472
72.30732033882524,25.51914371157104
72.32732033882523,15.452953442541716
72.34732033882523,22.672679058632298
72.36732033882522,28.5794921985733
72.38732033882522,6.146468666824667
72.40732033882523,13.35621179950691
72.42732033882523,20.93521679081909
72.44732033882522,25.488499940566957
72.46732033882523,21.084945330783075
72.48732033882523,23.328757103961376
72.50732033882522,18.982150913073063
72.52732033882522,11.560114257126004
72.54732033882522,20.71669802408737
72.56732033882523,23.94261697092098
72.58732033882522,22.980500883318737
72.60732033882522,27.212464060941294
72.62732033882523,30.29355676325445
72.64732033882522,32.93198272240787
72.66732033882522,19.789324680152838
72.68732033882522,10.376980742246428
72.70732033882521,38.86103132671609
72.72732033882522,30.0096488327824
72.74732033882522,16.618691268868254
72.76732033882521,28.952493523592864
72.78732033882523,36.86552152095755
72.80732033882522,43.48747369923775
72.82732033882522,28.711948473353416
72.84732033882521,36.812692333968194
72.86732033882521,14.130108447165254
72.88732033882522,25.877247802718053
72.90732033882522,22.89629789039515
72.92732033882521,29.682274857538903
72.94732033882522,42.3786705230181
72.96732033882522,28.775782787575867
72.98732033882521,16.91014195355001
73.00732033882521,13.662826851455526
73.0273203388252,42.7651793618735
73.04732033882522,31.455481699506876
73.06732033882521,30.808532621314985
73.08732033882521,22.900579553783192
73.10732033882522,29.026688263028092
73.12732033882521,16.48865099853675
73.14732033882521,30.24041590404579
73.1673203388252,14.629915889494068
73.1873203388252,22.795920311466624
73.20732033882521,19.970063357201777
73.22732033882521,0.0
73.2473203388252,22.951696378182184
73.26732033882521,17.440916071034145
73.28732033882521,24.3358816334013
73.3073203388252,26.467211095493735
73.3273203388252,44.13950757779238
73.3473203388252,29.51748559299645
73.36732033882521,29.821731818046512
73.3873203388252,31.446956077733105
73.4073203388252,35.219117433009444
73.42732033882521,31.054043759110606
73.44732033882521,29.338598676858815
73.4673203388252,33.64415910955508
73.4873203388252,2.2755694633349854
73.5073203388252,47.44265548572929
73.5273203388252,42.45966629209269
73.5473203388252,28.74395574343587
73.5673203388252,12.452766265643993
73.58732033882521,38.696569781686065
73.6073203388252,19.66453727239658
73.6273203388252,31.95195133146224
73.6473203388252,13.794726124023699
73.66732033882519,48.89809415837975
73.6873203388252,12.222102602039891
73.7073203388252,27.344377985573136
73.7273203388252,5.4428941784711995
73.7473203388252,26.262792801782908
73.7673203388252,22.432418208585904
73.7873203388252,38.06735904838858
73.80732033882519,22.451987532978112
73.82732033882519,38.10227628420012
73.8473203388252,16.485095231021816
73.8673203388252,23.916947149018736
73.88732033882519,24.12770627125396
73.9073203388252,31.712975653260486
73.9273203388252,30.451104959992943
73.9473203388252,33.99988157370028
73.96732033882519,29.456207092491205
73.98732033882519,33.4113220444599
74.0073203388252,17.829808870760306
74.02732033882519,30.706710843510603
74.04732033882519,42.91106108081634
74.0673203388252,10.039353355806107
74.0873203388252,31.739641371357344
74.10732033882519,33.62764193869647
74.12732033882519,41.48199179433413
74.14732033882518,34.140882712465434
74.16732033882519,27.89385963772563
74.18732033882519,31.201720461424305
74.20732033882518,19.56089988148304
74.2273203388252,23.04188863185167
74.24732033882519,13.574833471271111
74.26732033882519,41.812450886089714
74.28732033882518,31.454024144968322
74.30732033882518,17.801622880439815
74.32732033882519,29.6866149309057
74.34732033882518,38.57682149413537
74.36732033882518,36.92156798491338
74.38732033882519,17.727560158091812
74.40732033882519,0.0
74.42732033882518,30.97841383487572
74.44732033882518,18.1661617581697
74.46732033882517,33.26843935794669
74.48732033882519,36.55817551097043
74.50732033882518,38.202111153508966
74.52732033882518,44.523494377649435
74.54732033882519,39.44996921326613
74.56732033882518,44.5921998505175
74.58732033882518,40.89762751768244
74.60732033882518,41.77951331757997
74.62732033882517,26.718970622694023
74.64732033882518,14.244703064850071
74.66732033882518,51.970986183590455
74.68732033882517,27.788130129508723
74.70732033882518,39.455999409559595
74.72732033882518,21.67648928282474
74.74732033882518,36.82878164944624
74.76732033882517,2.7502443890761583
74.78732033882517,23.10576490640307
74.80732033882518,26.23640989776298
74.82732033882517,31.856931045230994
74.84732033882517,37.961413450785095
74.86732033882518,16.310061460047024
74.88732033882518,33.86149720298746
74.90732033882517,39.53881034032317
74.92732033882517,50.74158226127804
74.94732033882516,34.359072708372516
74.96732033882517,22.708060044799677
74.98732033882517,14.595800808366498
75.00732033882517,45.61579838502911
75.02732033882518,34.70752327319103
75.04732033882517,27.124676573166358
75.06732033882517,11.156579356144032
75.08732033882517,18.053252613324226
75.10732033882516,33.68862522539733
75.12732033882517,30.92408316254139
75.14732033882517,7.93276826037296
75.16732033882516,33.732540665800116
75.18732033882517,11.73238216817346
75.20732033882517,40.96716916169055
75.22732033882517,29.522969702572155
75.24732033882516,22.81352837329929
75.26732033882516,37.359618765438505
75.28732033882517,31.00340095545304
75.30732033882516,40.72801701268633
75.32732033882516,28.293830055003497
75.34732033882517,28.887600692320163
75.36732033882517,24.657235899975156
75.38732033882516,30.14974491870533
75.40732033882516,44.50991559824599
75.42732033882515,22.513098430154983
75.44732033882516,34.030624952427836
75.46732033882516,18.756970932193965
75.48732033882516,6.90441884028888
75.50732033882517,29.65666060407434
75.52732033882516,31.29646052371958
75.54732033882516,26.5022265654574
75.56732033882516,12.653222382074413
75.58732033882515,30.66641550203841
75.60732033882516,30.296873575606714
75.62732033882516,18.7562631914954
75.64732033882515,14.119485822373477
75.66732033882516,25.140854038055682
75.68732033882516,34.204357281090005
75.70732033882516,31.851943326471453
75.72732033882515,18.887356899350035
75.74732033882515,29.07530824780892
75.76732033882516,36.587651599860976
75.78732033882515,16.00006020443275
75.80732033882515,28.36860031086936
75.82732033882516,41.143785323686586
75.84732033882516,15.008382395647414
75.86732033882515,39.32329479762361
75.88732033882515,43.97023383769492
75.90732033882514,25.56663095577346
75.92732033882515,24.368926352869217
75.94732033882515,38.14028248818705
75.96732033882515,25.95835969893833
75.98732033882516,4.298720966681916
76.00732033882515,26.852365901169904
76.02732033882515,32.554674731355874
76.04732033882514,35.26179609037117
76.06732033882514,19.064987692837132
76.08732033882515,25.183589188997708
76.10732033882515,37.660993303057765
76.12732033882514,27.302253936544062
76.14732033882515,12.62517888843296
76.16732033882515,40.299256766725065
76.18732033882515,25.792083431237515
76.20732033882514,38.855697530219146
76.22732033882514,13.999257998941681
76.24732033882515,26.75427175362688
76.26732033882514,33.071812787814416
76.28732033882514,27.11331628407899
76.30732033882515,16.165014227364267
76.32732033882515,4.137353514002804
76.34732033882514,43.248347166747536
76.36732033882514,30.5063861148298
76.38732033882513,39.704321761574406
76.40732033882514,37.333308263484824
76.42732033882514,34.025390471088556
76.44732033882514,24.853852580207096
76.46732033882515,32.97519861189946
76.48732033882514,42.413202439672474
76.50732033882514,28.928249737378007
76.52732033882513,47.125472615814815
76.54732033882513,13.124608970990579
76.56732033882514,12.060232617371696
76.58732033882514,38.02089966662739
76.60732033882513,19.96441677313557
76.62732033882514,48.599055142029485
76.64732033882514,41.55798255170398
76.66732033882514,44.09053103382304
76.68732033882513,37.113918933747264
76.70732033882513,19.158923767056137
76.72732033882514,11.985885001589793
76.74732033882513,43.92346679320823
76.76732033882513,14.700662205187147
76.78732033882514,46.84241477844222
76.80732033882514,39.91517442144479
76.82732033882513,36.113935730466196
76.84732033882513,47.04686657999342
76.86732033882512,55.915955138174944
76.88732033882513,61.61747681069039
76.90732033882513,94.80188446023783
76.92732033882513,116.40849831570405
76.94732033882514,131.08397787590138
76.96732033882513,154.9904266457323
76.98732033882513,208.46996207481934
77.00732033882512,210.28054064180844
77.02732033882512,267.81800685096596
77.04732033882513,298.2770314094777
77.06732033882513,301.8189046648576
77.08732033882512,328.6126675862145
77.10732033882513,315.911784373137
77.12732033882513,296.8663978795833
77.14732033882512,288.54851121116826
77.16732033882512,237.67223413080006
77.18732033882512,222.9399441561077
77.20732033882513,159.33596597965317
77.22732033882512,148.7654272760939
77.24732033882512,116.84829179739742
77.26732033882513,86.34738193150277
77.28732033882513,76.11541387856855
77.30732033882512,56.74655590244921
77.32732033882512,57.590203330815044
77.34732033882511,45.486354822495514
77.36732033882512,39.754611182788864
77.38732033882512,35.25306461239454
77.40732033882512,25.896030858650853
77.42732033882513,26.627066236358054
77.44732033882512,31.602064255288642
77.46732033882512,27.117189549891876
77.48732033882511,39.835906795052196
77.50732033882511,29.599214809234258
77.52732033882512,32.403881012308574
77.54732033882512,14.614063391033351
77.56732033882511,38.0777014627689
77.58732033882512,22.841552090796412
77.60732033882512,18.236052035455614
77.62732033882511,45.13430825812233
77.64732033882511,35.65873600458404
77.6673203388251,38.46362656908197
77.68732033882512,33.24780474631971
77.70732033882511,27.78151513285904
77.72732033882511,25.927163535338302
77.74732033882512,36.524484264753795
77.76732033882512,40.0687492280896
77.78732033882511,28.071895105892146
77.80732033882511,49.489332316685854
77.8273203388251,26.80088652396388
77.84732033882511,14.844153163631217
77.86732033882511,11.579173010388171
77.8873203388251,11.926806742740808
77.90732033882512,24.67659966769833
77.92732033882511,26.504691702195576
77.94732033882511,35.66101973537965
77.9673203388251,28.55909155401405
77.9873203388251,37.28902788094338
78.00732033882511,29.314388546331568
78.0273203388251,29.010814201707113
78.0473203388251,23.110587932912217
78.06732033882511,43.12175499915412
78.08732033882511,13.591158118602708
78.1073203388251,31.92923162517029
78.1273203388251,27.109748656053327
78.1473203388251,36.753920703402045
78.1673203388251,28.73819904834752
78.1873203388251,29.043045301800632
78.2073203388251,26.30032403992467
78.22732033882511,42.90939313083301
78.2473203388251,29.010993553193803
78.2673203388251,48.693549195874496
78.2873203388251,31.72960701472843
78.3073203388251,29.23483044420652
78.3273203388251,27.57405497204749
78.3473203388251,34.67988277590146
78.3673203388251,23.163565910064577
78.3873203388251,30.515006118782434
78.4073203388251,29.149031365442763
78.4273203388251,32.33021389726415
78.4473203388251,32.58811240932021
78.46732033882509,33.11782673005204
78.4873203388251,30.056990688462644
78.5073203388251,44.807439943343226
78.52732033882509,33.35375144700319
78.5473203388251,55.19798088392553
78.5673203388251,29.646683228595688
78.5873203388251,38.74734961517998
78.60732033882509,21.907768537304936
78.62732033882509,43.1861934649763
78.6473203388251,22.145498172983963
78.66732033882509,33.75715066488491
78.68732033882509,26.564127707694173
78.7073203388251,33.73850320362848
78.7273203388251,26.880484621688645
78.74732033882509,21.345936035672278
78.76732033882509,26.532556265652325
78.78732033882508,44.67429077579557
78.8073203388251,33.94125874993171
78.82732033882509,16.389998434101877
78.84732033882509,40.242324528588924
78.8673203388251,20.383350589274052
78.88732033882509,36.74207622034224
78.90732033882509,34.850121811591954
78.92732033882508,35.49155802049084
78.94732033882508,47.87032404630064
78.96732033882509,21.061998144373433
78.98732033882509,35.466326121017005
79.00732033882508,41.96423139306655
79.02732033882509,22.944891074796466
79.04732033882509,21.930731001787315
79.06732033882508,26.526346006587048
79.08732033882508,32.65550218929217
79.10732033882508,15.313355355523514
79.12732033882509,34.942080073006224
79.14732033882508,15.354130599423005
79.16732033882508,42.38123988852955
79.18732033882509,34.59552926401092
79.20732033882508,48.59918477417415
79.22732033882508,36.16554442365924
79.24732033882508,26.440018744142115
79.26732033882507,21.5107639920087
79.28732033882508,31.89635364286676
79.30732033882508,29.214840502315806
79.32732033882507,41.38863564602369
79.34732033882509,20.250951607067336
79.36732033882508,49.75604978986996
79.38732033882508,42.3046847364172
79.40732033882507,27.531560048161403
79.42732033882507,47.554881834141355
79.44732033882508,21.75526386791232
79.46732033882508,31.652310110178217
79.48732033882507,16.841564497837417
79.50732033882508,48.081825767182124
79.52732033882508,13.152118630290023
79.54732033882507,15.23141869989231
79.56732033882507,23.29854881599573
79.58732033882507,42.87875615835355
79.60732033882508,39.213803076478804
79.62732033882507,30.895690559429525
79.64732033882507,39.87427168586025
79.66732033882508,28.54069283798806
79.68732033882507,33.92893358083152
79.70732033882507,46.23171741819421
79.72732033882507,27.25807395180503
79.74732033882506,22.070337625393442
79.76732033882507,34.447577231023125
79.78732033882507,37.15639450103456
79.80732033882506,30.86791519801819
79.82732033882507,39.80703240452371
79.84732033882507,27.770404364862756
79.86732033882507,31.068227280002542
79.88732033882506,33.54828244242134
79.90732033882506,32.68590538385176
79.92732033882507,45.95476761557295
79.94732033882507,33.527365052864624
79.96732033882506,26.802527323263178
79.98732033882507,35.13110667492374
80.00732033882507,39.94953389667062
80.02732033882506,37.61311056804343
80.04732033882506,37.068557326827715
80.06732033882506,14.909700424396746
80.08732033882507,4.9747906960246056
80.10732033882506,42.66227199464593
80.12732033882506,34.307905532217916
80.14732033882507,29.713256062024612
80.16732033882506,36.88185433891684
80.18732033882506,49.22151190425791
80.20732033882506,44.09340732473498
80.22732033882505,39.58997912380917
80.24732033882506,21.11018938650148
80.26732033882506,22.41920457237508
80.28732033882505,6.132727222553392
80.30732033882506,36.34156473486524
80.32732033882506,41.10235243477565
80.34732033882506,41.92750586933819
80.36732033882505,36.78966952932508
80.38732033882505,28.50433008407311
80.40732033882506,24.41185231648374
80.42732033882506,21.81060164217887
80.44732033882505,28.43961815603363
80.46732033882506,20.305215509300528
80.48732033882506,47.6526244339389
80.50732033882505,17.078968303352095
80.52732033882505,28.141745411359175
80.54732033882505,10.75968267686893
80.56732033882506,33.09699835287473
80.58732033882505,30.11718996333583
80.60732033882505,26.58269559105848
80.62732033882506,20.832334419170323
80.64732033882505,30.194352699933468
80.66732033882505,24.73470180291183
80.68732033882505,28.820243909076414
80.70732033882504,49.77294002975327
80.72732033882505,31.930407078777264
80.74732033882505,35.547989901626075
80.76732033882504,25.58697232001311
80.78732033882505,22.40320396849165
80.80732033882505,30.041723661161534
80.82732033882505,55.35029838287108
80.84732033882504,27.50781928825082
80.86732033882504,34.12606801796177
80.88732033882505,22.461626841646353
80.90732033882504,3.603933426088009
80.92732033882504,23.955390324505128
80.94732033882505,56.79628456109104
80.96732033882505,40.71500493613801
80.98732033882504,53.81400968945138
81.00732033882504,37.6923909350755
81.02732033882504,22.709901842861296
81.04732033882505,41.782204272712434
81.06732033882504,64.90291002676315
81.08732033882504,72.62664993378351
81.10732033882505,80.25953124914989
81.12732033882504,85.27876132039361
81.14732033882504,109.43911883642285
81.16732033882504,102.81421173721465
81.18732033882503,116.18564232291254
81.20732033882504,117.23663862521498
81.22732033882504,110.41684824033501
81.24732033882503,100.88991512824168
81.26732033882504,98.31921372686008
81.28732033882504,112.2838518600863
81.30732033882504,94.60102627379905
81.32732033882503,83.47449664180763
81.34732033882503,55.81505953462557
81.36732033882504,40.85728254310476
81.38732033882503,59.18567301574973
81.40732033882503,51.752781037987134
81.42732033882504,39.95795872904033
81.44732033882504,31.951949590106178
81.46732033882503,19.034706377757875
81.48732033882503,41.067248742002285
81.50732033882502,43.465592094192
81.52732033882504,24.350277723864608
81.54732033882503,23.257087530114894
81.56732033882503,43.15805308057743
81.58732033882504,24.262830729849302
81.60732033882503,48.44392660276577
81.62732033882503,29.554228634171952
81.64732033882503,26.780226736855198
81.66732033882502,31.10259126224036
81.68732033882503,26.792923230795417
81.70732033882503,41.929981557813264
81.72732033882502,39.53493964880211
81.74732033882503,41.56702158738781
81.76732033882503,32.54032522827257
81.78732033882503,26.140765270499887
81.80732033882502,30.622852655345262
81.82732033882502,26.465702607996086
81.84732033882503,45.3978071428821
81.86732033882502,40.763743885755915
81.88732033882502,29.8349335815248
81.90732033882503,21.494565181357117
81.92732033882503,46.176854992777336
81.94732033882502,32.14443566683053
81.96732033882502,29.48504872820322
81.98732033882501,46.29237234421682
82.00732033882502,25.705471608331507
82.02732033882502,27.62479808235272
82.04732033882502,28.51557770413137
82.06732033882503,17.666568282693447
82.08732033882502,33.99869916387368
82.10732033882502,23.226976252929546
82.12732033882502,25.15227722663855
82.14732033882501,23.824203246063476
82.16732033882502,25.006912118044845
82.18732033882502,22.497518223003816
82.20732033882501,33.36784593293311
82.22732033882502,29.34880708738232
82.24732033882502,31.39384579222282
82.26732033882502,54.460664095545354
82.28732033882501,29.376182944092186
82.30732033882501,36.99027488551496
82.32732033882502,38.13729102902813
82.34732033882501,30.330217609558176
82.36732033882501,33.70575641178603
82.38732033882502,31.183720648304472
82.40732033882502,33.01128873897814
82.42732033882501,25.129495292053612
82.44732033882501,26.06150084156796
82.467320338825,31.18177955088012
82.48732033882501,11.302455969788209
82.50732033882501,45.99114798650082
82.527320338825,52.6479202204454
82.54732033882502,32.7517548431428
82.56732033882501,37.7118484524817
82.58732033882501,41.87663003000809
82.607320338825,17.82824477755001
82.627320338825,40.36660264516897
82.64732033882501,26.828298423023007
82.66732033882501,54.00880397753058
82.687320338825,29.227823409258125
82.70732033882501,40.20109086968225
82.72732033882501,29.343980942896053
82.747320338825,53.103871479140295
82.767320338825,26.022267456609523
82.787320338825,42.80547523429921
82.80732033882501,37.43017592349737
82.827320338825,35.21529843858201
82.847320338825,33.47106652146688
82.86732033882501,24.519652970374167
82.887320338825,5.3379926077215565
82.907320338825,41.95124627096736
82.927320338825,26.32769544796249
82.947320338825,42.92084122526344
82.967320338825,34.750562557862295
82.987320338825,43.2448896136577
83.007320338825,39.269975745076735
83.027320338825,6.612819276799225
83.047320338825,37.41743956009599
83.067320338825,27.84043261726622
83.087320338825,42.93599516303568
83.10732033882499,37.206645781213105
83.127320338825,37.33294045296421
83.147320338825,28.589493045107048
83.167320338825,22.194521676881088
83.187320338825,27.00036825240403
83.207320338825,13.338961100846895
83.227320338825,25.443083856173082
83.24732033882499,16.71355928472699
83.26732033882499,16.986362895609474
83.287320338825,32.53717161470976
83.307320338825,36.72147628457392
83.32732033882499,31.071647354351626
83.347320338825,26.410263950451885
83.367320338825,21.93266555204483
83.38732033882499,28.24338696597833
83.40732033882499,23.201647638883276
83.42732033882498,30.804123219601426
83.447320338825,16.225656899596174
83.46732033882499,38.46268581375229
83.48732033882499,25.787725575833118
83.507320338825,35.22912391976379
83.52732033882499,40.347284330952164
83.54732033882499,34.762273970917704
83.56732033882498,39.483325125765916
83.58732033882498,10.834147962598152
83.60732033882499,26.58044858062082
83.62732033882499,42.548247759253314
83.64732033882498,36.618233577448706
83.667320338825,50.01901916400997
83.68732033882499,48.5866308157472
83.70732033882499,34.54717804365042
83.72732033882498,29.039892350985333
83.74732033882498,21.983704389636735
83.76732033882499,26.81840996739745
83.78732033882498,27.502421744480436
83.80732033882498,25.66078519859755
83.82732033882499,22.418277006721564
83.84732033882499,35.62578877203164
83.86732033882498,48.58477912418451
83.88732033882498,40.9593004866224
83.90732033882497,28.41087368114075
83.92732033882498,41.78369517972661
83.94732033882498,35.11823877474511
83.96732033882498,31.253000944820883
83.98732033882499,30.63712247320468
84.00732033882498,29.677244535427246
84.02732033882498,38.195594220966086
84.04732033882497,33.089911769829335
84.06732033882497,24.417251782516445
84.08732033882498,23.941218318840185
84.10732033882498,34.77702969716594
84.12732033882497,36.012743321273355
84.14732033882498,28.60313678961301
84.16732033882498,20.42262984459625
84.18732033882497,44.260550835839794
84.20732033882497,42.14515008958123
84.22732033882497,11.893534033054703
84.24732033882498,45.17131402635371
84.26732033882497,29.693903255083608
84.28732033882497,33.691699131490374
84.30732033882498,43.182216685029445
84.32732033882498,48.33352233745209
84.34732033882497,41.84492632457054
84.36732033882497,34.23470806581704
84.38732033882496,18.07611639769353
84.40732033882497,11.578315770503554
84.42732033882497,40.630324698464435
84.44732033882497,45.277130594825636
84.46732033882498,23.718460872533115
84.48732033882497,29.175182674534888
84.50732033882497,26.30838675968309
84.52732033882496,26.050098694027362
84.54732033882496,42.64675550016506
84.56732033882497,34.08890965126855
84.58732033882497,29.62142028565792
84.60732033882496,58.496419077260256
84.62732033882497,17.58501573457267
84.64732033882497,37.416331755364745
84.66732033882496,21.455424651054287
84.68732033882496,30.37881567518457
84.70732033882496,33.44753544548338
84.72732033882497,40.4150662997406
84.74732033882496,29.36523793456722
84.76732033882496,28.315513954729912
84.78732033882497,29.202072248322704
84.80732033882497,21.20131488797655
84.82732033882496,38.33184851076643
84.84732033882496,34.82999313444748
84.86732033882495,36.37622525808937
84.88732033882496,31.33698780309153
84.90732033882496,30.11150766184651
84.92732033882496,43.80415020791873
84.94732033882497,42.27386120830426
84.96732033882496,46.21184214971387
84.98732033882496,35.797609667754955
85.00732033882495,45.606127031873015
85.02732033882495,27.92646967206712
85.04732033882496,30.086578227101374
85.06732033882496,44.05389366375758
85.08732033882495,40.54488155106003
85.10732033882496,29.21393212786909
85.12732033882496,21.66361383639425
85.14732033882495,30.09430408125282
85.16732033882495,25.29300163203419
85.18732033882495,49.39445068641493
85.20732033882496,39.757542020629835
85.22732033882495,24.50561942676119
85.24732033882495,21.72263508460758
85.26732033882496,24.39710130364145
85.28732033882496,26.59966085084963
85.30732033882495,30.528578319588146
85.32732033882495,43.348706000689944
85.34732033882494,22.545720809226896
85.36732033882495,55.11390058296254
85.38732033882495,22.79315394315261
85.40732033882495,18.143296927003448
85.42732033882496,49.124430151657265
85.44732033882495,45.461535275651215
85.46732033882495,30.43307838141563
85.48732033882494,36.07746627923863
85.50732033882494,36.33740075985543
85.52732033882495,33.646389953477495
85.54732033882495,19.322016019474916
85.56732033882494,7.474674941181117
85.58732033882495,23.854609918423755
85.60732033882495,50.470930423984804
85.62732033882494,50.871025485644175
85.64732033882494,29.706014525752405
85.66732033882494,22.752225206671927
85.68732033882495,35.1205524241396
85.70732033882494,36.736614494955006
85.72732033882494,38.36144954999298
85.74732033882495,7.091408833628865
85.76732033882494,63.94668827827894
85.78732033882494,43.70129335647066
85.80732033882494,30.40531931757304
85.82732033882493,25.206579160198
85.84732033882494,42.27180092234336
85.86732033882494,37.36006804956934
85.88732033882494,33.33496408024284
85.90732033882495,37.00419220506765
85.92732033882494,31.300995848383597
85.94732033882494,36.45414990813128
85.96732033882493,39.70648044435971
85.98732033882493,35.883334668258456
86.00732033882494,35.366688197256906
86.02732033882494,46.39336311200371
86.04732033882493,16.500972416114625
86.06732033882494,24.50049190500352
86.08732033882494,32.752181865926154
86.10732033882493,25.195148712979087
86.12732033882493,28.540737902033097
86.14732033882493,45.38570904706734
86.16732033882494,31.025798589255388
86.18732033882493,14.230604324838009
86.20732033882493,28.296492729797563
86.22732033882494,33.11822631922748
86.24732033882493,32.94116357638467
86.26732033882493,38.11180544403113
86.28732033882493,37.302468647339175
86.30732033882492,31.17746285990319
86.32732033882493,20.642456269968065
86.34732033882493,28.168580390936835
86.36732033882492,26.35931542939568
86.38732033882494,29.743140076274294
86.40732033882493,39.51294956830229
86.42732033882493,36.64936681488278
86.44732033882492,40.85546053702174
86.46732033882492,28.781624406707458
86.48732033882493,47.71310611744791
86.50732033882493,39.36491448716208
86.52732033882492,33.7658960269631
86.54732033882493,38.684023806482195
86.56732033882493,25.899951463448268
86.58732033882492,11.576999976225224
86.60732033882492,26.604553836365824
86.62732033882492,40.15305134206224
86.64732033882493,33.48759524666036
86.66732033882492,31.324032026916843
86.68732033882492,24.220906759910303
86.70732033882493,13.147968718884975
86.72732033882492,46.96159147926642
86.74732033882492,30.641084915141917
86.76732033882492,28.43153833189389
86.78732033882491,26.01733003945153
86.80732033882492,45.28588077449719
86.82732033882492,41.56101612473244
86.84732033882491,23.081954062906043
86.86732033882492,44.40660774745079
86.88732033882492,31.317291974310542
86.90732033882492,26.669381011283107
86.92732033882491,29.845474398584415
86.94732033882491,24.95540977126738
86.96732033882492,19.586383879947856
86.98732033882492,40.56322580144673
87.00732033882491,30.601617389651242
87.02732033882492,38.98749973150976
87.04732033882492,35.69426468976741
87.06732033882491,38.31425803061249
87.08732033882491,12.375682943711936
87.1073203388249,24.174641113942997
87.12732033882492,38.542572287254664
87.14732033882491,20.107287420589024
87.16732033882491,36.59290331880186
87.18732033882492,18.961853276303756
87.20732033882491,33.0399739714183
87.22732033882491,48.98206158711052
87.2473203388249,40.63477075079845
87.2673203388249,14.387960498449797
87.28732033882491,41.3856728042578
87.30732033882491,51.13091821674783
87.3273203388249,60.88526162682825
87.34732033882491,37.672412850377306
87.36732033882491,19.28399854938723
87.3873203388249,37.281508230488726
87.4073203388249,48.90158343253084
87.4273203388249,31.076872974800278
87.44732033882491,43.385339636111
87.4673203388249,24.56470435279779
87.4873203388249,36.69073909398419
87.50732033882491,8.077871906584353
87.52732033882491,23.47676199752705
87.5473203388249,32.92534635036528
87.5673203388249,29.35941076206509
87.5873203388249,19.99321659478124
87.6073203388249,28.009231239202418
87.6273203388249,36.30873358782233
87.6473203388249,32.15628530351356
87.66732033882491,33.634303121019535
87.6873203388249,40.35096986495655
87.7073203388249,29.605997390552673
87.7273203388249,46.63573393212522
87.74732033882489,23.157563272218134
87.7673203388249,52.33660641136213
87.7873203388249,44.193262237188996
87.8073203388249,29.509181270617635
87.8273203388249,30.182243257038976
87.8473203388249,35.14904550732899
87.8673203388249,39.07464623821382
87.88732033882489,44.039655084733425
87.90732033882489,19.694483278010225
87.9273203388249,37.4810334256614
87.9473203388249,11.947664136736854
87.96732033882489,31.3459892570863
87.9873203388249,47.66429459352308
88.0073203388249,18.955242648202685
88.0273203388249,17.145106487776957
88.04732033882489,35.35157467271442
88.06732033882489,47.024042588038775
88.0873203388249,36.40982065471646
88.10732033882489,14.115790289639506
88.12732033882489,16.33677614822779
88.1473203388249,34.151603522500054
88.1673203388249,21.387781797713004
88.18732033882489,34.553123598844884
88.20732033882489,35.15225432196522
88.22732033882488,28.300758461386863
88.24732033882489,51.35189472408537
88.26732033882489,39.115029877376834
88.28732033882488,45.33226047508788
88.3073203388249,42.428150933556005
88.32732033882489,31.727567188556073
88.34732033882489,31.289787534371253
88.36732033882488,30.264004690689717
88.38732033882488,40.0571603557369
88.40732033882489,26.74840657839281
88.42732033882488,50.50829603256377
88.44732033882488,25.80516956347416
88.46732033882489,35.41449702819955
88.48732033882489,30.98480959606406
88.50732033882488,28.77354367946176
88.52732033882488,55.010792139556074
88.54732033882487,28.902614666492166
88.56732033882489,30.25176839984202
88.58732033882488,26.663454007192477
88.60732033882488,33.72099357287858
88.62732033882489,32.30330879850487
88.64732033882488,22.129613842021662
88.66732033882488,29.08420679343184
88.68732033882488,39.43051875285725
88.70732033882487,43.609257297201154
88.72732033882488,33.585117990078835
88.74732033882488,33.940770393535125
88.76732033882487,29.746569954758577
88.78732033882488,28.337789386797393
88.80732033882488,24.17214937983651
88.82732033882488,17.80704593666821
88.84732033882487,26.35472205633655
88.86732033882487,42.42535329696303
88.88732033882488,29.14627852045438
88.90732033882487,29.935871922001486
88.92732033882487,29.74680505092863
88.94732033882488,45.85431946315786
88.96732033882488,24.12899031393433
88.98732033882487,36.18891006530102
89.00732033882487,32.73926344569828
89.02732033882486,34.10872856033607
89.04732033882487,35.87848732671008
89.06732033882487,34.01214301276622
89.08732033882487,41.37621022976643
89.10732033882488,33.15890322571548
89.12732033882487,50.90071296092411
89.14732033882487,33.90720830724693
89.16732033882487,16.433187342465263
89.18732033882486,39.856394351197224
89.20732033882487,37.39968076451158
89.22732033882487,33.80957230304337
89.24732033882486,30.893805424609347
89.26732033882487,12.348711824070932
89.28732033882487,14.031833076911614
89.30732033882487,49.980824409129866
89.32732033882486,27.655951962105796
89.34732033882486,43.17251533263045
89.36732033882487,17.491298654518012
89.38732033882486,23.058356019636662
89.40732033882486,40.318643275927855
89.42732033882487,32.512505522158136
89.44732033882487,38.91945690019753
89.46732033882486,33.41171604220906
89.48732033882486,31.476565793642692
89.50732033882485,26.758078086149375
89.52732033882486,21.62370793580083
89.54732033882486,47.595952703702196
89.56732033882486,49.24722335412256
89.58732033882487,23.192282398130615
89.60732033882486,22.54368773572147
89.62732033882486,30.111901290461613
89.64732033882485,36.99912396211776
89.66732033882485,31.78171996391006
89.68732033882486,38.600218048441796
89.70732033882486,33.117630386182306
89.72732033882485,32.468898019360594
89.74732033882486,57.75107346975203
89.76732033882486,28.37331734239784
89.78732033882486,50.02986962248066
89.80732033882485,48.104069278040285
89.82732033882485,38.68139863674815
89.84732033882486,14.384157230347263
89.86732033882485,33.961049568317115
89.88732033882485,28.5085131981504
89.90732033882486,33.8613408232076
89.92732033882486,23.035726142640957
89.94732033882485,41.23292072753449
89.96732033882485,43.52512568326949
89.98732033882484,45.380439604413326
90.00732033882485,29.863317579829474
90.02732033882485,23.095748863405593
