two_theta_deg,intensity
20.04151384037451,16.577198726353867
20.06151384037451,34.482747138405585
20.08151384037451,36.38506391296304
20.10151384037451,7.470232610623544
20.121513840374508,13.959943358362658
20.141513840374508,28.26128257254575
20.161513840374507,23.82157891777583
20.181513840374507,26.817105755386155
20.201513840374506,18.45577673525458
20.221513840374506,35.78128063402761
20.241513840374505,34.76629131048738
20.261513840374505,27.649736201578612
20.281513840374505,38.26288476700401
20.301513840374504,31.666595795447073
20.321513840374504,18.39959362663821
20.341513840374503,30.681028188514265
20.361513840374503,17.40568264406464
20.381513840374502,35.77998618534964
20.401513840374502,26.497184800442163
20.4215138403745,25.148767233872196
20.4415138403745,20.189028608222927
20.4615138403745,39.22465684882101
20.4815138403745,25.454854281093514
20.5015138403745,22.717762752773638
20.5215138403745,23.480583578146067
20.5415138403745,32.32587528630235
20.5615138403745,30.658074664421573
20.581513840374498,31.13179697221684
20.601513840374498,31.3135039705072
20.621513840374497,48.42257928526887
20.641513840374497,22.942748704125826
20.661513840374496,21.885253427281775
20.681513840374496,18.87072154754473
20.701513840374496,33.168997433227915
20.721513840374495,38.29966678101448
20.741513840374495,25.87119619597079
20.761513840374494,18.609819197525926
20.781513840374494,18.767271284362636
20.801513840374493,33.51869707675059
20.821513840374493,34.44598295452196
20.841513840374493,32.445642259967606
20.861513840374492,20.359647132627842
20.88151384037449,29.336988362717054
20.90151384037449,28.182850451731117
20.92151384037449,29.203481861467896
20.94151384037449,35.73147351697261
20.96151384037449,29.253717381926606
20.98151384037449,33.80745999891904
21.00151384037449,27.694663858433675
21.02151384037449,29.910602271144768
21.04151384037449,33.33281199275509
21.061513840374488,12.448879319469457
21.081513840374488,23.824219475786272
21.101513840374487,22.31768555962421
21.121513840374487,20.63310042939228
21.141513840374486,24.27090955917191
21.161513840374486,41.97218469803205
21.181513840374485,18.36488630197598
21.201513840374485,36.70639324138709
21.221513840374485,10.1953105836321
21.241513840374484,23.675542976452586
21.261513840374484,28.652295280569078
21.281513840374483,32.88734567753301
21.301513840374483,34.13773228206434
21.321513840374482,34.95926934670464
21.341513840374482,23.5388631778021
21.36151384037448,22.402899278908652
21.38151384037448,35.60646572779351
21.40151384037448,25.113939785224073
21.42151384037448,14.270382333418416
21.44151384037448,15.694622378285699
21.46151384037448,17.833207033456745
21.48151384037448,31.999559137694064
21.50151384037448,28.452417295016293
21.521513840374478,33.9332081505903
21.541513840374478,22.756009265611812
21.561513840374477,28.614100207323837
21.581513840374477,33.28476125741469
21.601513840374476,23.93553240045637
21.621513840374476,31.596877117048443
21.641513840374476,20.409978743724462
21.661513840374475,23.398799575998495
21.681513840374475,23.21204546854384
21.701513840374474,15.071100804449982
21.721513840374474,31.899281410297956
21.741513840374473,22.335579038195892
21.761513840374473,27.154575966388453
21.781513840374473,31.837120213632296
21.801513840374472,31.494970742410665
21.82151384037447,33.68350194699416
21.84151384037447,26.044774410522322
21.86151384037447,22.79661106233602
21.88151384037447,26.232363535338294
21.90151384037447,10.15613930660081
21.92151384037447,12.558283469610934
21.94151384037447,13.802323169605504
21.96151384037447,17.056748673891946
21.98151384037447,31.02684343718773
22.001513840374468,17.97418140556588
22.021513840374467,23.247203783066716
22.041513840374467,40.020956246648154
22.061513840374467,23.46586409052193
22.081513840374466,34.40347661120384
22.101513840374466,17.69194785094264
22.121513840374465,24.97353940208594
22.141513840374465,17.52747137272764
22.161513840374464,23.63712472142457
22.181513840374464,35.430287037338765
22.201513840374464,9.753738243163305
22.221513840374463,31.370902359141347
22.241513840374463,29.40373203819928
22.261513840374462,21.084573198060887
22.281513840374462,12.565177606653167
22.30151384037446,27.746721284976843
22.32151384037446,21.730155842764184
22.34151384037446,29.351488447286016
22.36151384037446,27.242877870629002
22.38151384037446,43.04176209816124
22.40151384037446,24.63002037430138
22.42151384037446,16.788191888071566
22.44151384037446,28.815500036984997
22.461513840374458,29.22227411487505
22.481513840374458,40.613733336669085
22.501513840374457,35.37250708069428
22.521513840374457,30.589628985345364
22.541513840374456,41.65345782024409
22.561513840374456,15.132295627829818
22.581513840374456,20.621894862334408
22.601513840374455,17.753121557302727
22.621513840374455,23.120240491104536
22.641513840374454,13.25092137524386
22.661513840374454,33.36872343103531
22.681513840374453,24.794404895063238
22.701513840374453,12.307973622431966
22.721513840374453,16.859637262247738
22.741513840374452,30.149944868392563
22.76151384037445,35.395437212387165
22.78151384037445,46.98083241721831
22.80151384037445,56.151486961890825
22.82151384037445,31.156282278146776
22.84151384037445,17.116119238118433
22.86151384037445,5.690336981120513
22.88151384037445,29.687200626316567
22.90151384037445,18.87994813620592
22.92151384037445,22.855046453504414
22.941513840374448,20.8868979178676
22.961513840374447,25.5991907922862
22.981513840374447,37.66612261481485
23.001513840374447,28.576013542104615
23.021513840374446,25.418373975958218
23.041513840374446,16.647366222555203
23.061513840374445,10.25624264184168
23.081513840374445,22.139148277693323
23.101513840374444,26.46354408915624
23.121513840374444,44.67979791936079
23.141513840374444,28.3023601497975
23.161513840374443,36.82611317010077
23.181513840374443,22.004852180621956
23.201513840374442,15.147447597411286
23.221513840374442,17.34478173236982
23.24151384037444,19.742739808147263
23.26151384037444,48.27873589055832
23.28151384037444,18.779196908782808
23.30151384037444,35.37696790359171
23.32151384037444,17.96180328924074
23.34151384037444,36.30579144975289
23.36151384037444,30.838544288356733
23.38151384037444,25.421616020800542
23.401513840374438,26.579317178349566
23.421513840374438,20.438000008450903
23.441513840374437,31.445520589840157
23.461513840374437,22.433872481670814
23.481513840374436,14.726545463837043
23.501513840374436,14.2021102897386
23.521513840374435,28.70623526523415
23.541513840374435,42.770125839542644
23.561513840374435,28.57797373967523
23.581513840374434,25.790505821187534
23.601513840374434,29.833969115301713
23.621513840374433,40.03453094081599
23.641513840374433,29.167131518212045
23.661513840374433,22.86281436232453
23.681513840374432,38.03374113155587
23.70151384037443,31.257172979054406
23.72151384037443,42.325910290080785
23.74151384037443,28.799423739274452
23.76151384037443,14.721105277122962
23.78151384037443,13.282907068603524
23.80151384037443,43.47246909872155
23.82151384037443,44.19852495740003
23.84151384037443,25.165340856936037
23.86151384037443,23.127312294897344
23.881513840374428,41.57226823077319
23.901513840374427,15.885995584942863
23.921513840374427,18.007796617147868
23.941513840374427,33.38693646863122
23.961513840374426,23.00620633132545
23.981513840374426,26.899615263522026
24.001513840374425,25.314968658409907
24.021513840374425,30.323694196252802
24.041513840374424,41.021305747265586
24.061513840374424,27.850861999882813
24.081513840374424,33.38291404089344
24.101513840374423,6.440305665282306
24.121513840374423,26.453330623687847
24.141513840374422,18.50668731714127
24.161513840374422,14.749322212389734
24.18151384037442,18.154379373195177
24.20151384037442,23.593106300492362
24.22151384037442,36.09179124513491
24.24151384037442,13.66725121724016
24.26151384037442,27.2358933625928
24.28151384037442,22.086271624277362
24.30151384037442,23.649610023944398
24.32151384037442,36.95228172961667
24.341513840374418,32.304207864776416
24.361513840374418,40.295372106629856
24.381513840374417,25.374659306640915
24.401513840374417,19.958602589050777
24.421513840374416,24.67774069349385
24.441513840374416,29.339584491752575
24.461513840374415,28.678625450831365
24.481513840374415,16.06727401207329
24.501513840374415,27.814303010038117
24.521513840374414,29.189926556155957
24.541513840374414,52.08060930321858
24.561513840374413,45.67252833639772
24.581513840374413,18.36984964680226
24.601513840374412,24.02663810936891
24.621513840374412,12.26422793320892
24.64151384037441,20.989741703532022
24.66151384037441,30.051013446183738
24.68151384037441,38.95163887249171
24.70151384037441,19.60039123644223
24.72151384037441,20.34787987116765
24.74151384037441,5.414556350917344
24.76151384037441,25.258877548630803
24.78151384037441,16.259470481438754
24.801513840374408,21.587285923401545
24.821513840374408,18.111125774416582
24.841513840374407,25.93514914556225
24.861513840374407,9.29851969047889
24.881513840374406,12.203367861085496
24.901513840374406,48.16429595228608
24.921513840374406,13.995591353426555
24.941513840374405,15.899941544072702
24.961513840374405,45.23490061373916
24.981513840374404,55.914392875491664
25.001513840374404,15.145998609284177
25.021513840374404,23.177106917263156
25.041513840374403,30.273071466611434
25.061513840374403,44.14239976911695
25.081513840374402,16.984747815793575
25.101513840374402,24.398423334232007
25.1215138403744,34.62244867784551
25.1415138403744,31.194592726936143
25.1615138403744,23.08321828798035
25.1815138403744,25.504384337637877
25.2015138403744,13.091478857690475
25.2215138403744,24.456510447913583
25.2415138403744,24.17217193315483
25.2615138403744,29.15553268607488
25.281513840374398,21.27833658087679
25.301513840374398,31.54475700819583
25.321513840374397,36.954281020812466
25.341513840374397,28.379155237163452
25.361513840374396,30.340153232166095
25.381513840374396,27.35185789334756
25.401513840374395,26.818851711479457
25.421513840374395,19.60011891366997
25.441513840374395,29.97832145186948
25.461513840374394,25.83818056654545
25.481513840374394,47.74038549707035
25.501513840374393,42.53989544320803
25.521513840374393,30.66244412041896
25.541513840374392,19.1710268521446
25.561513840374392,15.675092773502069
25.58151384037439,38.708233770673004
25.60151384037439,29.42188145213925
25.62151384037439,31.593396422166872
25.64151384037439,9.343663945087815
25.66151384037439,36.06145830831599
25.68151384037439,31.328814816469713
25.70151384037439,15.677830807855266
25.72151384037439,22.064404083683755
25.741513840374388,29.41432700890057
25.761513840374388,27.29931406951108
25.781513840374387,23.850413674512154
25.801513840374387,25.734710637030044
25.821513840374386,24.24727567189512
25.841513840374386,28.290119075017188
25.861513840374386,41.47684656036098
25.881513840374385,1.092763686648162
25.901513840374385,24.388255118209553
25.921513840374384,28.519280058940573
25.941513840374384,29.71148225134436
25.961513840374383,23.029771490680535
25.981513840374383,9.179062881537835
26.001513840374383,30.023587411784582
26.021513840374382,44.01447506340622
26.04151384037438,11.399687711468443
26.06151384037438,35.37389924119714
26.08151384037438,23.447672734299122
26.10151384037438,26.11697589931903
26.12151384037438,16.19851718648522
26.14151384037438,23.380212062823883
26.16151384037438,39.72247979630563
26.18151384037438,32.54583491536846
26.20151384037438,44.039635792206326
26.221513840374378,38.48786448016936
26.241513840374378,31.101826854905255
26.261513840374377,44.14750843872917
26.281513840374377,31.095286525425344
26.301513840374376,34.98241712990962
26.321513840374376,23.733994926781914
26.341513840374375,27.362320410623457
26.361513840374375,19.719770512094073
26.381513840374375,36.5869833007558
26.401513840374374,14.905231663527324
26.421513840374374,34.508884002424196
26.441513840374373,24.775971444046377
26.461513840374373,38.39204316550743
26.481513840374372,34.18534111440728
26.501513840374372,44.880180598016764
26.52151384037437,33.97852253928346
26.54151384037437,10.94741850333871
26.56151384037437,25.995323602251748
26.58151384037437,14.941806529830451
26.60151384037437,21.476092023667583
26.62151384037437,41.76817565251171
26.64151384037437,33.02821919588452
26.66151384037437,19.660555476949376
26.681513840374368,16.509653696776468
26.701513840374368,26.971604824979906
26.721513840374367,14.475127888045701
26.741513840374367,19.926261058174017
26.761513840374366,29.754681976649245
26.781513840374366,38.184620044016455
26.801513840374366,32.716015833954444
26.821513840374365,3.712396475600169
26.841513840374365,29.66583833705864
26.861513840374364,27.339375313784103
26.881513840374364,30.754800033669014
26.901513840374363,42.77484067300382
26.921513840374363,5.977196857374693
26.941513840374363,20.695370249167226
26.961513840374362,32.51228172576911
26.98151384037436,10.78407763556011
27.00151384037436,41.356304392841025
27.02151384037436,30.277161485927223
27.04151384037436,35.05620584287367
27.06151384037436,20.877689188170997
27.08151384037436,34.721511729986744
27.10151384037436,37.26532863972312
27.12151384037436,28.906120767900905
27.14151384037436,28.91806623204691
27.161513840374358,29.274195702917915
27.181513840374357,17.934005948963048
27.201513840374357,25.088856376160365
27.221513840374357,25.035591746963206
27.241513840374356,30.39141893345525
27.261513840374356,36.55237531779174
27.281513840374355,15.965413942862202
27.301513840374355,25.297315743480578
27.321513840374354,41.3585821922818
27.341513840374354,19.104754496510395
27.361513840374354,18.31473609557707
27.381513840374353,28.55688710053814
27.401513840374353,34.974255445757834
27.421513840374352,26.641231915182264
27.441513840374352,39.81313455769859
27.46151384037435,35.08801526294761
27.48151384037435,34.93481239548504
27.50151384037435,32.05430254965284
27.52151384037435,49.786183885431726
27.54151384037435,24.454540889836053
27.56151384037435,6.467429320587776
27.58151384037435,42.54167990070471
27.60151384037435,21.918615617091483
27.621513840374348,27.570877623413562
27.641513840374348,39.5840329094889
27.661513840374347,10.462373174180332
27.681513840374347,13.964928626017146
27.701513840374346,10.465043252088101
27.721513840374346,18.53287126860448
27.741513840374346,30.867001479518212
27.761513840374345,31.708904818425093
27.781513840374345,29.226148890572208
27.801513840374344,12.332118717001613
27.821513840374344,3.3551034155243826
27.841513840374343,26.996023644633162
27.861513840374343,21.731067261871885
27.881513840374343,31.039014937317404
27.901513840374342,33.46101293438122
27.92151384037434,27.82020029067305
27.94151384037434,34.03541598347047
27.96151384037434,28.722487908031965
27.98151384037434,31.727300153472726
28.00151384037434,19.376189308635308
28.02151384037434,24.623066564114787
28.04151384037434,28.383190375261226
28.06151384037434,34.61695282627098
28.08151384037434,22.470484986402784
28.101513840374338,31.615787891699462
28.121513840374337,23.741936046191874
28.141513840374337,25.22110094435632
28.161513840374337,34.687901727609784
28.181513840374336,6.458286340140937
28.201513840374336,13.42033558300049
28.221513840374335,11.559363788335382
28.241513840374335,3.041205565471209
28.261513840374334,19.590861482021097
28.281513840374334,33.863974135177045
28.301513840374334,23.51691387941645
28.321513840374333,28.33976493535404
28.341513840374333,37.25013883944983
28.361513840374332,39.63091515152783
28.381513840374332,25.658754654617937
28.40151384037433,39.88206330356509
28.42151384037433,27.263531647638445
28.44151384037433,17.964333746381605
28.46151384037433,20.390353666485595
28.48151384037433,11.525023565649565
28.50151384037433,17.44507197237919
28.52151384037433,22.742255779582674
28.54151384037433,34.35427535355241
28.561513840374328,43.52211633635356
28.581513840374328,12.488586118025031
28.601513840374327,30.234649600383904
28.621513840374327,15.89689958782611
28.641513840374326,31.045264358044143
28.661513840374326,24.98337190973254
28.681513840374325,7.981115567338787
28.701513840374325,35.569069633555905
28.721513840374325,20.232008981565926
28.741513840374324,20.938920634323978
28.761513840374324,15.576296347118282
28.781513840374323,19.726875685596184
28.801513840374323,30.544491419356184
28.821513840374323,24.36901274746092
28.841513840374322,29.5439359255806
28.86151384037432,29.872384806544154
28.88151384037432,39.45562382268874
28.90151384037432,22.816977411674387
28.92151384037432,11.472083074666013
28.94151384037432,36.90869841870258
28.96151384037432,22.91739624610995
28.98151384037432,37.373996848408254
29.00151384037432,30.057628708701095
29.02151384037432,24.90825820503816
29.041513840374318,29.70315915097217
29.061513840374317,45.72128330576693
29.081513840374317,46.97671129693357
29.101513840374317,26.89645648487916
29.121513840374316,27.800281036531974
29.141513840374316,36.9564975079062
29.161513840374315,17.733197312963412
29.181513840374315,29.51621396919485
29.201513840374314,25.922575278322803
29.221513840374314,29.315970317277635
29.241513840374314,17.838875535583632
29.261513840374313,10.272555019466811
29.281513840374313,5.4340529328190605
29.301513840374312,14.985694503326531
29.321513840374312,21.568422142278564
29.34151384037431,23.218889519260667
29.36151384037431,45.51873845744028
29.38151384037431,37.201973050653564
29.40151384037431,16.516731795381425
29.42151384037431,29.61032219707377
29.44151384037431,22.058041147169313
29.46151384037431,23.280762110538937
29.48151384037431,27.973225125361715
29.501513840374308,32.30723911909679
29.521513840374308,22.718493624395407
29.541513840374307,36.745135518144814
29.561513840374307,14.682770888555467
29.581513840374306,26.16106798235708
29.601513840374306,52.06993010101252
29.621513840374305,28.31949702320422
29.641513840374305,40.41634272852472
29.661513840374305,26.994888831381765
29.681513840374304,31.88293872989454
29.701513840374304,25.502807917485832
29.721513840374303,24.362027510589257
29.741513840374303,18.266734209955096
29.761513840374302,30.3600180341032
29.781513840374302,17.537070250533553
29.8015138403743,32.7037236521629
29.8215138403743,36.896161947151256
29.8415138403743,29.704018074030238
29.8615138403743,23.171620268668768
29.8815138403743,30.56915852180568
29.9015138403743,22.93815883801978
29.9215138403743,35.37573887154311
29.9415138403743,7.701576575184454
29.961513840374298,22.654925132046852
29.981513840374298,6.098231871785089
30.001513840374297,11.05108816290276
30.021513840374297,39.63565505630872
30.041513840374297,34.944210540236696
30.061513840374296,18.792878037910942
30.081513840374296,10.957957167034223
30.101513840374295,0.0
30.121513840374295,20.538634555162773
30.141513840374294,50.173026344552746
30.161513840374294,30.31299730520609
30.181513840374294,20.363701898138093
30.201513840374293,30.605488839965876
30.221513840374293,10.34035703833136
30.241513840374292,22.971952620334942
30.261513840374292,26.935198530988714
30.28151384037429,25.074646729409977
30.30151384037429,33.838935823386585
30.32151384037429,29.37254015861735
30.34151384037429,32.60455331686556
30.36151384037429,19.0327675216388
30.38151384037429,34.889833623741346
30.40151384037429,42.19623021801283
30.42151384037429,16.20053877278452
30.441513840374288,17.02024268403069
30.461513840374288,39.25019993959354
30.481513840374287,23.97406612700022
30.501513840374287,39.920861433550066
30.521513840374286,21.45242403332173
30.541513840374286,40.42336269380837
30.561513840374285,27.182883036607144
30.581513840374285,28.445423216941446
30.601513840374285,41.505417512424486
30.621513840374284,22.235627049303993
30.641513840374284,16.437197627707558
30.661513840374283,21.35785552427964
30.681513840374283,30.36190840222017
30.701513840374282,10.176041758075197
30.721513840374282,32.20339740261689
30.74151384037428,20.43602342757654
30.76151384037428,37.29690378947133
30.78151384037428,1.8712070815778432
30.80151384037428,17.943177717405803
30.82151384037428,8.939171702763531
30.84151384037428,17.536568726309344
30.86151384037428,28.270525023486066
30.88151384037428,23.996594847387453
30.901513840374278,23.250072988391896
30.921513840374278,24.186980046036105
30.941513840374277,27.80768377347822
30.961513840374277,15.683406100287703
30.981513840374276,32.83222064568845
31.001513840374276,32.385334241633004
31.021513840374276,29.603996819102953
31.041513840374275,31.313887398104935
31.061513840374275,28.707661149639378
31.081513840374274,46.08913500237803
31.101513840374274,24.86237378027524
31.121513840374273,22.65738952509067
31.141513840374273,18.18784484410681
31.161513840374273,15.395385622479584
31.181513840374272,13.268178893903102
31.201513840374272,16.819800860104557
31.22151384037427,24.995840199022368
31.24151384037427,29.040458144084525
31.26151384037427,26.20378312845368
31.28151384037427,18.031858312565316
31.30151384037427,34.68389815096331
31.32151384037427,33.071013557530165
31.34151384037427,24.075231003817965
31.36151384037427,19.13737281459321
31.381513840374268,31.145626612369202
31.401513840374268,27.535889401355295
31.421513840374267,11.169680054341985
31.441513840374267,24.965942230224208
31.461513840374266,28.260888091987276
31.481513840374266,16.63836034718172
31.501513840374265,27.52851346095049
31.521513840374265,11.076619100295641
31.541513840374265,38.98146249317222
31.561513840374264,38.093852023819245
31.581513840374264,23.083922670504133
31.601513840374263,29.23837641252379
31.621513840374263,1.4993435971989655
31.641513840374262,14.029810094268228
31.661513840374262,22.650214177995952
31.68151384037426,14.86138310894764
31.70151384037426,32.72138137457523
31.72151384037426,45.54507838242324
31.74151384037426,13.800655729234627
31.76151384037426,17.186852073475695
31.78151384037426,27.910646350767006
31.80151384037426,41.66199408888701
31.82151384037426,13.321752817959158
31.841513840374258,28.0305139295189
31.861513840374258,43.747791421693634
31.881513840374257,9.011855103320812
31.901513840374257,12.713391673078199
31.921513840374256,21.282648338675617
31.941513840374256,20.30745446227219
31.961513840374256,33.63396920218824
31.981513840374255,27.919164823475143
32.00151384037426,7.747551916774082
32.021513840374254,30.645875037987686
32.04151384037426,19.710974259622624
32.06151384037425,38.22542107578384
32.08151384037426,19.199652984782404
32.10151384037426,19.10394865110989
32.121513840374256,30.875984433988876
32.14151384037425,33.08849372460258
32.161513840374255,29.934776868028273
32.18151384037426,8.592358155076987
32.201513840374254,30.82321762199194
32.22151384037425,15.094328413992278
32.24151384037425,27.784699589622356
32.261513840374256,11.189117518480456
32.28151384037425,29.88420062312926
32.30151384037425,17.34950127713401
32.32151384037425,12.583648908195487
32.341513840374255,32.5426958051207
32.36151384037425,27.815432646299296
32.38151384037425,19.253706385429748
32.40151384037425,39.89974386085769
32.42151384037425,20.975906148585526
32.44151384037425,25.69797614087857
32.461513840374245,28.06049697901121
32.48151384037425,19.16916034710057
32.50151384037425,30.071633914605286
32.52151384037425,20.020192928204455
32.54151384037424,21.232772744946665
32.561513840374246,38.97001610141178
32.58151384037425,14.932157104553594
32.601513840374245,1.2046364577460658
32.62151384037424,41.43622608663604
32.641513840374245,50.81454628524199
32.66151384037425,21.26297900159382
32.681513840374244,5.941690442158315
32.70151384037424,22.19962459514493
32.72151384037424,22.43662270504219
32.741513840374246,23.39399599831602
32.76151384037424,14.153730574315531
32.78151384037424,31.07759340437608
32.80151384037424,30.521421140823037
32.821513840374244,10.326651041600739
32.84151384037424,32.257028873277704
32.861513840374236,45.78626017826416
32.88151384037424,26.973356992846988
32.90151384037424,21.874839885925766
32.92151384037424,23.822391750417125
32.941513840374235,31.389318523105462
32.96151384037424,7.924356349635168
32.98151384037424,26.869295599456883
33.00151384037424,21.315059875065273
33.02151384037423,43.69225495565521
33.041513840374236,23.46657762221216
33.06151384037424,41.88147590477804
33.081513840374235,14.159482369641221
33.10151384037423,31.06376531134292
33.121513840374234,28.379455340488747
33.14151384037424,16.48925406804491
33.16151384037423,26.947956343494763
33.18151384037423,37.293447043666305
33.20151384037423,21.92459995999188
33.221513840374236,8.23714370945514
33.24151384037423,24.975390026979372
33.26151384037423,16.12103034826902
33.28151384037423,21.7160898493821
33.301513840374234,24.317854435944223
33.32151384037423,8.071437847937787
33.341513840374226,8.96559949029595
33.36151384037423,29.93706913588312
33.38151384037423,19.883426759388513
33.40151384037423,0.0
33.421513840374224,32.947465184615076
33.44151384037423,27.81692057156958
33.46151384037423,17.948668108692985
33.48151384037423,11.91330272032843
33.50151384037422,33.433867449228266
33.521513840374226,28.56347356189633
33.54151384037423,48.89016423009842
33.561513840374225,29.26019669596991
33.58151384037422,28.929506687052672
33.601513840374224,23.377355821073074
33.62151384037423,33.20854894568525
33.64151384037422,31.285792763261146
33.66151384037422,37.54633666092171
33.68151384037422,19.809998582592094
33.701513840374226,20.66328962425554
33.72151384037422,20.220464642183444
33.74151384037422,32.91364099543463
33.76151384037422,39.98349107555521
33.781513840374224,20.405460108520536
33.80151384037422,20.74024162988422
33.821513840374216,28.122860536596566
33.84151384037422,22.5185782320532
33.86151384037422,34.49083026399569
33.88151384037422,2.446616914894893
33.901513840374214,16.691431050434264
33.92151384037422,17.1284055105034
33.94151384037422,1.7430917107474748
33.96151384037422,15.30434605138008
33.98151384037421,15.783243695039898
34.001513840374216,22.9178283867294
34.02151384037422,36.052599668953945
34.041513840374215,22.46639582493235
34.06151384037421,14.602922504721484
34.081513840374214,24.335567474059832
34.10151384037422,35.390898109613666
34.12151384037421,15.133618595385203
34.14151384037421,15.781498653080474
34.16151384037421,30.4667737173336
34.181513840374215,22.65995551823591
34.20151384037421,31.344192074379173
34.22151384037421,24.726901704003
34.24151384037421,31.874026542608483
34.261513840374214,14.500625368314008
34.28151384037421,24.724572477272623
34.301513840374206,22.73252736957346
34.32151384037421,12.67452287402682
34.34151384037421,9.192653334267149
34.36151384037421,31.678919981829644
34.381513840374204,21.305898763506384
34.40151384037421,14.586608888531929
34.42151384037421,23.84160764005934
34.441513840374206,36.077567094304534
34.4615138403742,1.983977808116098
34.481513840374205,9.81894335561492
34.50151384037421,15.55043610259185
34.521513840374205,39.38505575203245
34.5415138403742,27.59309979601016
34.561513840374204,32.434361594446216
34.58151384037421,13.353535584952596
34.6015138403742,13.553737995600384
34.6215138403742,29.22118229568892
34.6415138403742,25.319733248403466
34.661513840374205,30.218319391084005
34.6815138403742,22.848159031743876
34.7015138403742,27.50024044174741
34.7215138403742,26.293924782416948
34.7415138403742,32.484335122786376
34.7615138403742,32.7706679147838
34.781513840374195,8.495785602087778
34.8015138403742,2.215737052970905
34.8215138403742,34.699790275428725
34.8415138403742,36.553497578689374
34.861513840374194,14.46392347518641
34.8815138403742,6.065703328687178
34.9015138403742,25.648306050102704
34.921513840374196,33.96023729398553
34.94151384037419,42.62169421234303
34.961513840374195,29.802615456120932
34.9815138403742,20.91636032846859
35.001513840374194,15.696105472343172
35.02151384037419,24.735805855955086
35.04151384037419,21.622524031195276
35.0615138403742,14.458367045862271
35.08151384037419,45.090474569758555
35.10151384037419,42.44847098727278
35.12151384037419,35.951139677568435
35.141513840374195,15.376011732017258
35.16151384037419,33.12856883641054
35.18151384037419,30.96849660959223
35.20151384037419,28.991542738295127
35.22151384037419,37.05659023142749
35.24151384037419,30.907497160067294
35.261513840374185,31.9477733933363
35.28151384037419,30.91053631387905
35.30151384037419,27.943227183727437
35.32151384037419,6.693038626467118
35.34151384037418,25.359194736645733
35.36151384037419,18.954895654691967
35.38151384037419,11.712234211828806
35.401513840374186,41.32263581338427
35.42151384037418,41.78824617118731
35.441513840374185,38.084319239761356
35.46151384037419,27.038065235080566
35.481513840374184,37.98599748373485
35.50151384037418,24.594090688618387
35.52151384037418,26.49534168341792
35.541513840374186,13.526462687858343
35.56151384037418,28.424894384459666
35.58151384037418,25.052643062427617
35.60151384037418,11.41606256304106
35.621513840374185,23.924410103689976
35.64151384037418,23.63288063381083
35.66151384037418,42.399580572192534
35.68151384037418,33.359892429889925
35.70151384037418,24.52600140312756
35.72151384037418,26.89320562893964
35.741513840374175,24.841239504763546
35.76151384037418,22.36375676546014
35.78151384037418,13.562403248958955
35.80151384037418,22.869932798768087
35.82151384037417,16.91324312572062
35.841513840374176,11.86484220868513
35.86151384037418,29.473985460181076
35.881513840374176,28.268181464807405
35.90151384037417,6.4822251594116835
35.921513840374175,23.116217185480554
35.94151384037418,34.29383860937213
35.961513840374174,34.92282125476446
35.98151384037417,34.582709358460626
36.00151384037417,24.70722803370548
36.021513840374176,15.86139571426036
36.04151384037417,13.468611766718837
36.06151384037417,27.74539817415093
36.08151384037417,28.085896619566448
36.101513840374174,37.160152627077046
36.12151384037417,35.280381358332825
36.14151384037417,22.952039765195032
36.16151384037417,11.826007172142333
36.18151384037417,21.070737798481296
36.20151384037417,26.427851725080274
36.221513840374165,22.228441554966775
36.24151384037417,18.464065406431533
36.26151384037417,26.76558538468118
36.28151384037417,19.190888861047153
36.30151384037416,17.943532793442436
36.321513840374166,27.33244766762489
36.34151384037417,20.191717578528362
36.361513840374165,26.646409709158164
36.38151384037416,26.93112689476764
36.401513840374164,12.79851593251761
36.42151384037417,19.37411243528337
36.441513840374164,38.55800927992972
36.46151384037416,12.553159459583851
36.48151384037416,3.0011233257317507
36.501513840374166,5.542928056889792
36.52151384037416,24.446189397349812
36.54151384037416,24.457971645595507
36.56151384037416,22.966397859150618
36.581513840374164,36.27811088830265
36.60151384037416,0.0
36.621513840374156,28.082959719162197
36.64151384037416,39.73170522919803
36.66151384037416,12.833216528211537
36.68151384037416,20.306658777907018
36.701513840374155,16.56950321796429
36.72151384037416,15.148659222746705
36.74151384037416,20.823195748453138
36.76151384037416,38.354363595646504
36.78151384037415,42.44707134182052
36.801513840374156,20.707505055786314
36.82151384037416,43.11119108024938
36.841513840374155,24.410044280121
36.86151384037415,41.58487930829057
36.881513840374154,23.108671059169417
36.90151384037416,25.345923337097368
36.92151384037415,27.683776353593093
36.94151384037415,55.81125402405908
36.96151384037415,32.52925765783627
36.981513840374156,16.937440387762187
37.00151384037415,33.69374728990826
37.02151384037415,20.379125261266577
37.04151384037415,19.09363001625109
37.061513840374154,33.0708258486381
37.08151384037415,24.28934774629293
37.101513840374146,26.75792987008663
37.12151384037415,24.105701060645714
37.14151384037415,27.325357508824734
37.16151384037415,28.20286192478119
37.181513840374144,4.577209661006812
37.20151384037415,30.606281064911645
37.22151384037415,14.114034947506617
37.24151384037415,9.504911956572458
37.26151384037414,23.337464462427622
37.281513840374146,24.755059968626714
37.30151384037415,16.973860792977387
37.321513840374145,32.2129130104802
37.34151384037414,10.47451428020722
37.361513840374144,19.820499504456794
37.38151384037415,18.034866252404704
37.40151384037414,23.411405092317075
37.42151384037414,26.659590443720386
37.44151384037414,13.785687533251277
37.461513840374145,31.1011128901294
37.48151384037414,24.4819785619776
37.50151384037414,4.926160808700381
37.52151384037414,4.2533771243066205
37.541513840374144,23.709766531853745
37.56151384037414,21.616953985710353
37.581513840374136,22.786093522956957
37.60151384037414,23.534137404378733
37.62151384037414,26.063227514754896
37.64151384037414,33.27779223024964
37.661513840374134,12.683914019993155
37.68151384037414,12.068913905998944
37.70151384037414,12.84905799355502
37.721513840374136,26.665129936269622
37.74151384037413,36.21910372108054
37.761513840374135,19.44990222328248
37.78151384037414,0.0
37.801513840374135,6.710701417373155
37.82151384037413,15.413929628550617
37.841513840374134,18.160674888212228
37.86151384037414,19.647744514038056
37.88151384037413,24.111109179729883
37.90151384037413,20.601501968092844
37.92151384037413,34.20602889435551
37.941513840374135,16.946127454065195
37.96151384037413,15.07678887057942
37.98151384037413,28.48239206063853
38.00151384037413,8.33088446505873
38.02151384037413,27.577891008335985
38.04151384037413,24.700174908286947
38.061513840374126,22.193887635944524
38.08151384037413,39.54474344207473
38.10151384037413,17.43357814758415
38.12151384037413,44.25230495335291
38.141513840374124,21.38867984418059
38.16151384037413,10.866501439013263
38.18151384037413,24.329533737956847
38.201513840374126,12.861558474286264
38.22151384037412,16.100125082108406
38.241513840374125,27.581690199602203
38.26151384037413,29.160852304715622
38.281513840374124,17.37702923712925
38.30151384037412,33.46643313740915
38.321513840374124,35.16113536336939
38.34151384037413,37.94275211706544
38.36151384037412,28.86754608614586
38.38151384037412,37.20137731750154
38.40151384037412,4.7527848400758295
38.421513840374125,20.37538332123368
38.44151384037412,14.87807671962796
38.46151384037412,24.73406918023187
38.48151384037412,17.82100049694564
38.50151384037412,21.8675972463353
38.52151384037412,42.34460832486013
38.541513840374115,21.819346318770645
38.56151384037412,27.648153141297023
38.58151384037412,21.181223305933965
38.60151384037412,24.254737092979738
38.621513840374114,23.551459621550826
38.64151384037412,27.968223099331237
38.66151384037412,35.131748459196146
38.681513840374116,39.946304808679095
38.70151384037411,26.562258468534104
38.721513840374115,29.35522043754581
38.74151384037412,11.94480154710461
38.761513840374114,22.568375433666965
38.78151384037411,32.84373490568041
38.80151384037411,32.09422524325862
38.82151384037412,25.544336015560827
38.84151384037411,32.285879361149775
38.86151384037411,28.323309205657615
38.88151384037411,35.412408344000085
38.901513840374115,26.296642295149113
38.92151384037411,19.839773875564234
38.94151384037411,26.74887727086489
38.96151384037411,0.0
38.98151384037411,27.206741591728868
39.00151384037411,0.0
39.021513840374105,6.130675414782296
39.04151384037411,27.876710336759423
39.06151384037411,28.128034041240504
39.08151384037411,11.722170734116226
39.1015138403741,16.21915753239505
39.12151384037411,37.03930882472221
39.14151384037411,18.487320204975394
39.161513840374106,45.750548844570886
39.1815138403741,23.295873029322415
39.201513840374105,27.389160834133104
39.22151384037411,39.471272241209945
39.241513840374104,24.60653031870483
39.2615138403741,13.266551983022442
39.2815138403741,22.186451661725332
39.301513840374106,22.921354984043074
39.3215138403741,9.623783792697154
39.3415138403741,20.706619394516547
39.3615138403741,15.836760808550547
39.381513840374105,32.49600283132743
39.4015138403741,23.59228940549655
39.4215138403741,20.41196049255136
39.4415138403741,22.17184793730062
39.4615138403741,25.45863864912235
39.4815138403741,29.389313668441044
39.501513840374095,13.21780459918799
39.5215138403741,12.792807804765818
39.5415138403741,34.24923558375529
39.5615138403741,19.072836082979688
39.58151384037409,9.021547353785868
39.601513840374096,27.621860970623107
39.6215138403741,27.811199679339566
39.641513840374095,7.864118956716824
39.66151384037409,25.459860785103054
39.681513840374095,30.514648869701013
39.7015138403741,26.896459014046485
39.721513840374094,29.466188145623605
39.74151384037409,9.09746342042379
39.76151384037409,26.444339349740996
39.781513840374096,20.10152593147235
39.80151384037409,18.29361001609558
39.82151384037409,31.820858148282845
39.84151384037409,37.90184000795405
39.861513840374094,41.04659071352179
39.88151384037409,36.24476659085488
39.901513840374086,21.99314623252696
39.92151384037409,26.61149233965781
39.94151384037409,30.74632459810541
39.96151384037409,24.2836830771926
39.981513840374085,24.373355723071214
40.00151384037409,31.297058001047436
40.02151384037409,22.460515661670314
40.04151384037409,15.75429082188609
40.06151384037408,18.89625023773384
40.081513840374086,29.373908053396466
40.10151384037409,23.058563260234934
40.121513840374085,26.42455890401016
40.14151384037408,29.717083082052966
40.161513840374084,19.261710316062338
40.18151384037409,30.566443649329482
40.20151384037408,26.786227921268786
40.22151384037408,10.643513719550906
40.24151384037408,37.408538053495576
40.261513840374086,17.97189113066925
40.28151384037408,6.422236459272931
40.30151384037408,12.5166070370644
40.32151384037408,12.750449709490251
40.341513840374084,23.47649465035718
40.36151384037408,20.21011954260086
40.381513840374076,19.57417106531412
40.40151384037408,29.133379572171105
40.42151384037408,26.328985759454707
40.44151384037408,26.084586161284093
40.461513840374074,27.016270435142516
40.48151384037408,29.073214071153103
40.50151384037408,1.8262186474434934
40.52151384037408,19.255257384015156
40.54151384037407,1.0914302930952893
40.561513840374076,23.24802444971155
40.58151384037408,22.83499293816302
40.601513840374075,33.33054614441245
40.62151384037407,34.74547133977028
40.641513840374074,24.89078521354926
40.66151384037408,17.853334600425864
40.68151384037407,27.702470490594695
40.70151384037407,17.565600352470955
40.72151384037407,22.82477096414346
40.741513840374076,32.69398481577592
40.76151384037407,17.248835791026607
40.78151384037407,30.877266707683056
40.80151384037407,29.5884285485166
40.821513840374074,13.260434741023236
40.84151384037407,32.54123577203999
40.861513840374066,29.781903070296707
40.88151384037407,23.809447188579703
40.90151384037407,15.160906026768588
40.92151384037407,14.186036329756655
40.941513840374064,17.395430293569323
40.96151384037407,28.19196390356087
40.98151384037407,13.203734487947962
41.001513840374066,27.12907924507445
41.02151384037406,10.330375794902672
41.041513840374066,20.70122331429951
41.06151384037407,23.83236855190318
41.081513840374065,47.18117809897368
41.10151384037406,8.95070955241069
41.121513840374064,37.43800507100546
41.14151384037407,24.210280705967453
41.16151384037406,26.817576789975675
41.18151384037406,23.883341693369655
41.20151384037406,27.141139619270156
41.221513840374065,21.151033221884063
41.24151384037406,37.22240288080803
41.26151384037406,18.111210419433768
41.28151384037406,33.9922923958038
41.301513840374064,16.2203043232475
41.32151384037406,22.055489973909424
41.341513840374056,11.93241991087362
41.36151384037406,27.19632373853293
41.38151384037406,37.09139133314143
41.40151384037406,21.860619344118945
41.421513840374054,20.65937770545787
41.44151384037406,11.476122805778722
41.46151384037406,20.323427860749305
41.481513840374056,6.682477996774976
41.50151384037405,13.475711184461657
41.521513840374055,24.866426252369266
41.54151384037406,35.78277681230278
41.561513840374054,50.67883681678032
41.58151384037405,16.71496507134895
41.601513840374054,36.927909576039795
41.62151384037406,25.006529293050484
41.64151384037405,21.050628914894258
41.66151384037405,26.883155228760906
41.68151384037405,23.170485335187333
41.701513840374055,23.649392021062532
41.72151384037405,18.45622190479531
41.74151384037405,8.55258022665652
41.76151384037405,7.0915526363483306
41.78151384037405,29.05438589851375
41.80151384037405,19.74907315803933
41.821513840374045,16.549326666434105
41.84151384037405,22.58941816705981
41.86151384037405,30.447835320366252
41.88151384037405,24.296307789207944
41.901513840374044,15.926279258410627
41.92151384037405,34.74392316710553
41.94151384037405,38.267018367911405
41.961513840374046,27.414904382236735
41.98151384037404,32.200152218533816
42.001513840374045,34.87730115621156
42.02151384037405,33.7528832637058
42.041513840374044,28.58707563267827
42.06151384037404,28.423752966180388
42.08151384037404,27.63109175643471
42.10151384037405,11.455317720352834
42.12151384037404,29.43013941423139
42.14151384037404,8.858986472770432
42.16151384037404,14.465354951389745
42.181513840374045,35.44122850113127
42.20151384037404,30.80201279379625
42.22151384037404,37.2680324524846
42.24151384037404,19.671549174052576
42.26151384037404,10.860053141531143
42.28151384037404,19.972423236574322
42.301513840374035,23.39136696378566
42.32151384037404,23.15520509150879
42.34151384037404,33.69639182652016
42.36151384037404,18.741157095353493
42.38151384037403,25.868485586902604
42.40151384037404,12.456154136509086
42.42151384037404,26.839888433202653
42.441513840374036,22.362096457874443
42.46151384037403,14.82717817917258
42.481513840374035,19.961323870402225
42.50151384037404,20.472171302637253
42.521513840374034,19.606694116920522
42.54151384037403,40.01597986367628
42.56151384037403,21.31243485816224
42.581513840374036,19.85226665055555
42.60151384037403,1.3110564994592693
42.62151384037403,13.33783635242398
42.64151384037403,19.643524919006808
42.661513840374035,15.410087209100986
42.68151384037403,36.0800502491246
42.70151384037403,20.607962464267047
42.72151384037403,35.13615419390357
42.74151384037403,22.863135124516084
42.76151384037403,22.61274985349382
42.781513840374025,21.34689536055214
42.80151384037403,22.26721636656775
42.82151384037403,39.41160357893243
42.84151384037403,0.0
42.86151384037402,2.1970126408542754
42.881513840374026,16.77517865558277
42.90151384037403,22.346588436179527
42.921513840374026,29.09678230590917
42.94151384037402,26.921044291846396
42.961513840374025,18.342153268921876
42.98151384037403,32.36949527015423
43.001513840374024,32.47546418410956
43.02151384037402,24.008546175947423
43.04151384037402,31.789007215504824
43.061513840374026,24.883353690054133
43.08151384037402,16.536546311621205
43.10151384037402,29.124026472740724
43.12151384037402,23.24647681250445
43.141513840374024,22.148237580766096
43.16151384037402,36.85887440896953
43.181513840374016,0.0
43.20151384037402,7.941514463609133
43.22151384037402,10.242170115912138
43.24151384037402,18.4747932578764
43.261513840374015,19.55585294480465
43.28151384037402,7.02323022891305
43.30151384037402,12.23949859696292
43.32151384037402,13.477361179766254
43.34151384037401,46.65500990505808
43.361513840374016,40.09396329798578
43.38151384037402,17.956857816093958
43.401513840374015,18.441394685701308
43.42151384037401,10.600168223418791
43.441513840374014,3.0535719372233743
43.46151384037402,21.069336629256483
43.481513840374014,12.489694263781024
43.50151384037401,22.10341251195449
43.52151384037401,7.9179772811571105
43.541513840374016,18.151175170196268
43.56151384037401,30.64135705475403
43.58151384037401,38.736301681347186
43.60151384037401,49.15052078881682
43.621513840374014,47.60460751468132
43.64151384037401,93.54293419428366
43.661513840374006,112.25227960948929
43.68151384037401,175.571229753451
43.70151384037401,233.9003244514348
43.72151384037401,301.52530774405005
43.741513840374004,408.6644108691505
43.76151384037401,523.476056794346
43.78151384037401,638.9386191514877
43.80151384037401,740.6423031822364
43.821513840374,852.8668527023626
43.841513840374006,919.5655941992344
43.86151384037401,947.341001942827
43.881513840374005,961.6235543120514
43.901513840374,940.9764710642874
43.921513840374004,875.8422466263385
43.94151384037401,752.9735860656064
43.961513840374,648.9570904066383
43.981513840374,560.0924819993241
44.001513840374,424.86248204623524
44.021513840374006,322.64252121985464
44.041513840374,246.05684580874313
44.061513840374,186.60276290830276
44.081513840374,128.9430120841796
44.101513840374004,85.29882449643861
44.121513840374,58.59680056209617
44.141513840373996,40.70328391543783
44.161513840374,27.962832249479007
44.181513840374,52.88561369152765
44.201513840374,29.177067407692384
44.221513840373994,32.928298991669195
44.241513840374,18.033510782296084
44.261513840374,20.48567228833527
44.281513840374,14.925583631556322
44.30151384037399,0.0
44.321513840373996,8.082739070937015
44.341513840374,3.7266656329861547
44.361513840373995,0.0
44.38151384037399,9.85482522194302
44.401513840373994,35.051363778301926
44.421513840374,21.351814669030823
44.44151384037399,34.6965506178289
44.46151384037399,25.895610753862446
44.48151384037399,29.606296223659086
44.501513840373995,12.766682639950327
44.52151384037399,27.010118641069695
44.54151384037399,29.052716723305362
44.56151384037399,15.994074586365622
44.581513840373994,27.35093192389813
44.60151384037399,27.412394036533986
44.621513840373986,16.249985994950414
44.64151384037399,10.512831175446587
44.66151384037399,9.894243025611388
44.68151384037399,22.595600183874673
44.701513840373984,24.995669465568486
44.72151384037399,13.795346098417212
44.74151384037399,21.981499073231863
44.761513840373986,27.416064929312903
44.78151384037398,27.88765829282935
44.801513840373985,37.21961661522789
44.82151384037399,34.46569571265441
44.841513840373985,11.67805276786828
44.86151384037398,38.52191664288553
44.881513840373984,16.371384720533086
44.90151384037399,32.124980894912724
44.92151384037398,22.351229840009168
44.94151384037398,17.544988428046683
44.96151384037398,3.5846400910882537
44.981513840373985,19.94109792509159
45.00151384037398,6.058052893884021
45.02151384037398,31.3200277253698
45.04151384037398,36.81011997768089
45.06151384037398,13.668249491017658
45.08151384037398,24.652240744206622
45.101513840373975,14.373800010257995
45.12151384037398,15.338057835527309
45.14151384037398,29.363050096256924
45.16151384037398,21.22792639292229
45.181513840373974,39.00500343633728
45.20151384037398,16.78142030643624
45.22151384037398,31.592338584243713
45.241513840373976,22.568347663510195
45.26151384037397,29.54724003299101
45.281513840373975,17.113137909808245
45.30151384037398,21.084388819831027
45.321513840373974,20.42025929799143
45.34151384037397,13.209956040243569
45.36151384037397,28.186629852995534
45.38151384037398,28.063600120840455
45.40151384037397,27.491960830016975
45.42151384037397,36.921382512668444
45.44151384037397,36.040494373589425
45.461513840373975,17.792928164227607
45.48151384037397,25.268235280842887
45.50151384037397,15.297050588498921
45.52151384037397,21.761964396089375
45.54151384037397,15.526278885362583
45.56151384037397,37.719847015702264
45.581513840373965,25.151504400160167
45.60151384037397,19.329619031065107
45.62151384037397,33.44149190741017
45.64151384037397,0.0
45.66151384037396,1.355097451098068
45.68151384037397,29.449931322735054
45.70151384037397,22.09165915709323
45.721513840373966,23.986876136755537
45.74151384037396,8.213899130263464
45.761513840373965,21.24097867352165
45.78151384037397,41.503874112069255
45.801513840373964,29.706249057654077
45.82151384037396,23.156799806503248
45.84151384037396,17.06468541125243
45.861513840373966,17.504994830764453
45.88151384037396,0.15425199260348066
45.90151384037396,24.01815134498383
45.92151384037396,29.892103205793045
45.941513840373965,5.676612586490492
45.96151384037396,14.814179442332325
45.98151384037396,9.849253338189275
46.00151384037396,11.765947813391113
46.02151384037396,21.94984495437384
46.04151384037396,0.5665849025311189
46.061513840373955,27.548897461672002
46.08151384037396,28.940339280363077
46.10151384037396,18.886367098611682
46.12151384037396,0.0
46.14151384037395,11.42444227099247
46.161513840373956,33.713279061581126
46.18151384037396,0.0
46.201513840373956,17.90031489319023
46.22151384037395,9.571199370793803
46.241513840373955,29.41257733052265
46.26151384037396,14.611410988905714
46.281513840373954,25.397775967386746
46.30151384037395,27.0085342729771
46.32151384037395,39.711891888922906
46.341513840373956,19.315926571777073
46.36151384037395,25.10151134570171
46.38151384037395,6.486243640622693
46.40151384037395,33.23667400614707
46.421513840373954,13.723199010088738
46.44151384037395,15.716504161161412
46.46151384037395,21.097335375765
46.48151384037395,5.686746621371029
46.50151384037395,23.599076360152306
46.52151384037395,30.981834059048545
46.541513840373945,24.232314103784354
46.56151384037395,5.409814063324291
46.58151384037395,20.05651991258593
46.60151384037395,28.71073436807722
46.62151384037394,2.506399509783801
46.641513840373946,10.53447822829311
46.66151384037395,30.043434987259634
46.681513840373945,23.974823268392235
46.70151384037394,25.38946414469042
46.721513840373945,39.860585230689765
46.74151384037395,25.947063221558153
46.761513840373944,27.836323290822335
46.78151384037394,48.36081569354605
46.80151384037394,19.111241577104543
46.821513840373946,13.266395777115745
46.84151384037394,25.519133186551574
46.86151384037394,25.627034841054304
46.88151384037394,15.965935539884644
46.901513840373944,10.905093761840014
46.92151384037394,44.32349227892894
46.941513840373936,24.489476481856766
46.96151384037394,13.894191319897
46.98151384037394,30.372361165305126
47.00151384037394,20.11762930476789
47.021513840373935,18.676298720959373
47.04151384037394,26.8238839695002
47.06151384037394,8.278384353266894
47.08151384037394,24.719540595517813
47.10151384037393,40.31888790645543
47.121513840373936,25.84719749240104
47.14151384037394,17.419390658823083
47.161513840373935,16.106559519959234
47.18151384037393,17.070323036115752
47.201513840373934,18.63021626851537
47.22151384037394,17.387907851270494
47.24151384037393,30.325227586197794
47.26151384037393,3.8261720229778824
47.28151384037393,29.774423338071642
47.301513840373936,17.353727276897107
47.32151384037393,24.91625001133398
47.34151384037393,9.873082626281985
47.36151384037393,34.42547193468824
47.381513840373934,33.59172038592115
47.40151384037393,30.72749555590165
47.421513840373926,5.980272066910869
47.44151384037393,29.41527009022808
47.46151384037393,25.168859854923106
47.48151384037393,5.0638561664893125
47.501513840373924,20.869864535551706
47.52151384037393,24.754463091150647
47.54151384037393,26.666160874610352
47.56151384037393,22.874321865292167
47.58151384037392,24.01033256339928
47.601513840373926,35.83045267208042
47.62151384037393,33.35100837455914
47.641513840373925,0.0
47.66151384037392,17.908975355683822
47.681513840373924,19.43321176273868
47.70151384037393,3.5551076791291116
47.72151384037392,22.014305606680736
47.74151384037392,33.55644463176626
47.76151384037392,10.199590475981738
47.781513840373925,24.42569091948523
47.80151384037392,11.899869532314355
47.82151384037392,14.335417168659838
47.84151384037392,35.82491719028409
47.861513840373924,15.62185644897675
47.88151384037392,25.666023715502753
47.901513840373916,2.328192229255663
47.92151384037392,39.66003397279931
47.94151384037392,27.05987821073596
47.96151384037392,19.204861145114876
47.981513840373914,26.781840945950623
48.00151384037392,6.924708296427985
48.02151384037392,32.84474722421079
48.041513840373916,17.776139768496158
48.06151384037391,18.971850600895692
48.081513840373916,16.09255835590414
48.10151384037392,15.19917977362823
48.121513840373915,27.948989769296926
48.14151384037391,23.55795257741568
48.161513840373914,27.512976500195133
48.18151384037392,20.904169802500384
48.20151384037391,26.120747035659328
48.22151384037391,16.796904344419076
48.24151384037391,43.27936370267835
48.261513840373915,5.299405290174137
48.28151384037391,33.58475753180983
48.30151384037391,34.65114433568724
48.32151384037391,12.447178006478262
48.34151384037391,43.25820912944238
48.36151384037391,30.917093545878945
48.381513840373906,30.670309226665736
48.40151384037391,21.235880234817206
48.42151384037391,18.78014676721776
48.44151384037391,18.85508085716217
48.461513840373904,24.851246676768184
48.48151384037391,34.95458587231114
48.50151384037391,22.752658545863245
48.521513840373906,11.821884232493929
48.5415138403739,29.17740605010839
48.561513840373905,30.141468732775124
48.58151384037391,27.473393290423182
48.601513840373904,28.378634717205166
48.6215138403739,18.211222919591282
48.641513840373904,11.627482056563323
48.66151384037391,12.23231987989819
48.6815138403739,4.556513126122333
48.7015138403739,23.277534130703874
48.7215138403739,20.070473581830427
48.741513840373905,16.50200877608923
48.7615138403739,0.0
48.7815138403739,8.42259302070329
48.8015138403739,32.101131748751186
48.8215138403739,14.243433815812315
48.8415138403739,24.492590253361865
48.861513840373895,6.976809929961824
48.8815138403739,35.267720912713315
48.9015138403739,19.437402468350257
48.9215138403739,23.775107147730623
48.941513840373894,44.1295363637545
48.9615138403739,36.03318587470914
48.9815138403739,17.80018625541697
49.001513840373896,14.930709408380295
49.02151384037389,17.604541133706604
49.041513840373895,25.956064942173683
49.0615138403739,19.80194355372993
49.081513840373894,16.898857128962483
49.10151384037389,35.52023602634752
49.12151384037389,19.7034608127818
49.1415138403739,43.83859815679013
49.16151384037389,21.74729165782829
49.18151384037389,38.690220067924116
49.20151384037389,24.407411783050424
49.221513840373895,30.461016056987894
49.24151384037389,13.58250392950079
49.26151384037389,12.288237703945782
49.28151384037389,25.420116343359197
49.30151384037389,30.705827472758166
49.32151384037389,21.220109727738677
49.341513840373885,7.950872434454835
49.36151384037389,7.209494631048688
49.38151384037389,6.537998224954009
49.40151384037389,3.130436527621516
49.42151384037388,21.898818132077846
49.44151384037389,32.05172211870805
49.46151384037389,20.66445489283426
49.481513840373886,0.0
49.50151384037388,18.885702420805593
49.521513840373885,19.162681485288452
49.54151384037389,41.74803492946454
49.561513840373884,6.214055834586901
49.58151384037388,16.876058048151915
49.60151384037388,37.83877157652026
49.621513840373886,25.277450480788232
49.64151384037388,26.408231710768373
49.66151384037388,21.9183908788411
49.68151384037388,24.069439065541275
49.701513840373885,28.543567802107376
49.72151384037388,12.670089793321443
49.74151384037388,29.54303092938609
49.76151384037388,7.029918817153375
49.78151384037388,24.041144260167812
49.80151384037388,22.542401423155184
49.821513840373875,14.589599891830398
49.84151384037388,20.52322874136638
49.86151384037388,14.522242438609588
49.88151384037388,10.028204929387329
49.90151384037387,17.206656788999144
49.921513840373876,9.70051564520205
49.94151384037388,23.965986232514826
49.961513840373875,9.234778053798571
49.98151384037387,27.85303645221152
50.001513840373875,8.916120605360469
50.02151384037388,15.065619038652185
50.041513840373874,14.480202881654083
50.06151384037387,33.97538489345913
50.08151384037387,24.024509585340986
50.101513840373876,18.601976523720115
50.12151384037387,25.70422528730711
50.14151384037387,0.0
50.16151384037387,20.281163405026174
50.181513840373874,40.685393200561236
50.20151384037387,22.031480562473096
50.221513840373866,21.384923232693332
50.24151384037387,26.18486335832963
50.26151384037387,29.657432006012932
50.28151384037387,0.7245246566539905
50.301513840373865,3.8737507936826354
50.32151384037387,22.797764573464207
50.34151384037387,13.543934131229502
50.36151384037387,33.81081250837356
50.38151384037386,17.536688184169776
50.401513840373866,1.3410089991116614
50.42151384037387,8.004073564237396
50.441513840373865,0.0
50.46151384037386,18.338786835748504
50.481513840373864,18.794134924307123
50.50151384037387,16.43129831223449
50.52151384037386,31.462686900015346
50.54151384037386,32.657107538351084
50.56151384037386,18.966134841271938
50.581513840373866,0.0
50.60151384037386,26.8401891886808
50.62151384037386,26.221577596537095
50.64151384037386,23.76638651946693
50.661513840373864,30.500826884629895
50.68151384037386,9.071514167585267
50.701513840373856,40.8842234377221
50.72151384037386,11.367190542734587
50.74151384037386,28.7898146967674
50.76151384037386,5.0788622182646606
50.781513840373854,13.869578748530772
50.80151384037386,40.51045120580262
50.82151384037386,26.445928601196965
50.84151384037386,43.50069465402258
50.86151384037385,46.8927478128491
50.881513840373856,57.49049123788396
50.90151384037386,92.06590764754715
50.921513840373855,102.93023916332277
50.94151384037385,121.99029863290912
50.961513840373854,173.75056943107916
50.98151384037386,235.5289786785387
51.00151384037385,285.97660527141016
51.02151384037385,318.477335789254
51.04151384037385,374.68160064223576
51.061513840373856,414.8404432390056
51.08151384037385,442.5210531447863
51.10151384037385,441.81203208334614
51.12151384037385,441.4591124206764
51.141513840373854,416.3227957735736
51.16151384037385,393.64500442575707
51.181513840373846,346.87935667571116
51.20151384037385,285.4054694259562
51.22151384037385,230.75572431321945
51.24151384037385,187.36796552360892
51.261513840373844,135.16885700924882
51.28151384037385,96.65198446953325
51.30151384037385,71.1600029013889
51.32151384037385,53.72222341182132
51.34151384037384,33.9274697436035
51.361513840373846,37.387600378360574
51.38151384037385,36.75014071152904
51.401513840373845,9.69240104832366
51.42151384037384,23.522979576256912
51.441513840373844,19.780016116045655
51.46151384037385,24.696451500335932
51.48151384037384,20.79054290475428
51.50151384037384,6.204253423473823
51.52151384037384,8.030343534927646
51.541513840373845,20.908583195203082
51.56151384037384,30.883975767143863
51.58151384037384,0.0
51.60151384037384,24.040838828013385
51.621513840373844,32.47734988571623
51.64151384037384,19.04912437961017
51.661513840373836,26.079932621250432
51.68151384037384,13.545847723162048
51.70151384037384,19.381552646795217
51.72151384037384,4.364779126171097
51.741513840373834,0.0
51.76151384037384,29.999017904132714
51.78151384037384,10.720153407196753
51.801513840373836,16.013579902558973
51.82151384037383,6.703204309128941
51.841513840373835,6.466711112895091
51.86151384037384,18.82682526172976
51.881513840373835,13.268237265056372
51.90151384037383,24.34253896348377
51.921513840373834,25.087045792613438
51.94151384037384,23.76900353628515
51.96151384037383,22.94537331224544
51.98151384037383,36.33591865062839
52.00151384037383,9.8811829863268
52.021513840373835,20.006668975985534
52.04151384037383,31.881825698842114
52.06151384037383,33.1992483456343
52.08151384037383,6.335149428940012
52.10151384037383,17.42818009599496
52.12151384037383,34.131906989906426
52.141513840373825,25.630461538857112
52.16151384037383,22.50128820265359
52.18151384037383,18.37081130822379
52.20151384037383,16.70866230226483
52.221513840373824,23.427888477371233
52.24151384037383,18.020995862362955
52.26151384037383,20.118003154341487
52.281513840373826,21.328841673540982
52.30151384037382,13.76121757823892
52.321513840373825,25.86231786406618
52.34151384037383,49.682574890858305
52.361513840373824,2.769379322313739
52.38151384037382,23.778501301770227
52.40151384037382,12.93561856137412
52.42151384037383,26.31070166178027
52.44151384037382,21.001420118121597
52.46151384037382,28.153575690615973
52.48151384037382,32.28928935554682
52.501513840373825,22.45764349111774
52.52151384037382,31.853177011017376
52.54151384037382,0.0
52.56151384037382,36.43566003513581
52.58151384037382,24.28101970588449
52.60151384037382,31.30810599651153
52.621513840373815,8.330202371427744
52.64151384037382,12.220561520792533
52.66151384037382,21.986956939014807
52.68151384037382,20.356521916093904
52.70151384037381,23.356926660075718
52.72151384037382,31.370745525777558
52.74151384037382,2.872757073298658
52.761513840373816,30.262530434012483
52.78151384037381,20.606551494873084
52.801513840373815,18.48531965768749
52.82151384037382,5.811405001113867
52.841513840373814,25.55247631432109
52.86151384037381,0.0
52.88151384037381,27.004833971291973
52.901513840373816,5.599307461092572
52.92151384037381,21.05443013678455
52.94151384037381,19.327661076973158
52.96151384037381,32.21424261463777
52.981513840373815,18.731834401722587
53.00151384037381,13.576538696158504
53.02151384037381,15.451448836086207
53.04151384037381,33.245868250758775
53.06151384037381,25.879588308430343
53.08151384037381,16.659910147522048
53.101513840373805,18.15135040865447
53.12151384037381,4.843661654058529
53.14151384037381,24.39980583272606
53.16151384037381,2.916551330817711
53.1815138403738,28.032330975495544
53.201513840373806,21.800253483734952
53.22151384037381,44.3832401350243
53.241513840373806,9.512064527717996
53.2615138403738,19.48651043183854
53.281513840373805,38.49573298672472
53.30151384037381,32.4264903799433
53.321513840373804,13.550224831334429
53.3415138403738,22.751784377787555
53.3615138403738,20.531881788148016
53.381513840373806,23.33123841707906
53.4015138403738,13.524680297760485
53.4215138403738,19.61809894650113
53.4415138403738,4.530610944129673
53.461513840373804,21.86221435247759
53.4815138403738,25.01104512441241
53.501513840373796,18.23651624559837
53.5215138403738,4.360086879389421
53.5415138403738,30.395813264182838
53.5615138403738,24.15565730909449
53.581513840373795,13.250181694521483
53.6015138403738,17.704267400143753
53.6215138403738,5.503530498051944
53.6415138403738,10.256089371477094
53.66151384037379,15.132056780760074
53.681513840373796,32.79437143951007
53.7015138403738,14.115135963087445
53.721513840373795,26.91232650891733
53.74151384037379,15.127061424595267
53.761513840373794,22.989746098687306
53.7815138403738,19.096376010489095
53.801513840373794,29.240971084801565
53.82151384037379,15.162379269173867
53.84151384037379,4.785311239670968
53.861513840373796,6.691218040520351
53.88151384037379,15.192061560552958
53.90151384037379,8.020378475586002
53.92151384037379,24.613253563272174
53.941513840373794,15.85362052885453
53.96151384037379,44.257550000593525
53.981513840373786,3.1345344288361616
54.00151384037379,22.548221609179564
54.02151384037379,9.232582595868507
54.04151384037379,15.57833600784772
54.061513840373784,21.926794302633304
54.08151384037379,0.0
54.10151384037379,22.88140180203195
54.12151384037379,39.54250617387196
54.14151384037378,15.979353080443287
54.161513840373786,23.11213274591325
54.18151384037379,30.763602828243
54.201513840373785,18.875196225885915
54.22151384037378,14.705488284640255
54.241513840373784,0.0
54.26151384037379,26.92575611359635
54.28151384037378,19.384564637253437
54.30151384037378,10.389823668195833
54.32151384037378,21.783056369435766
54.341513840373786,14.680726424593942
54.36151384037378,15.233723053244287
54.38151384037378,26.581363947270688
54.40151384037378,7.135109949024985
54.421513840373784,30.992582257594172
54.44151384037378,6.543076762958666
54.461513840373776,13.893446974710809
54.48151384037378,39.7504593339883
54.50151384037378,31.79509501980992
54.52151384037378,21.498151017435084
54.541513840373774,11.11738630958508
54.56151384037378,15.230556456688191
54.58151384037378,21.256637419521013
54.60151384037378,20.89973504179969
54.62151384037377,19.616425565484125
54.641513840373776,20.21745556664195
54.66151384037378,18.38268916233422
54.681513840373775,6.107326164771795
54.70151384037377,15.362693074920534
54.721513840373774,29.674741728971934
54.74151384037378,6.84587262699376
54.76151384037377,18.634388624911537
54.78151384037377,12.333146318326149
54.80151384037377,21.64494549717166
54.821513840373775,16.645878724560692
54.84151384037377,35.30693025531478
54.86151384037377,25.59962195949109
54.88151384037377,7.416569316860336
54.901513840373774,27.24770539614078
54.92151384037377,12.789744774347767
54.941513840373766,14.767151434978548
54.96151384037377,23.676170919620876
54.98151384037377,15.621385852205572
55.00151384037377,29.468311307968186
55.021513840373764,12.795559392185584
55.04151384037377,14.352115114372488
55.06151384037377,13.978806111155539
55.081513840373766,14.887075745780646
55.10151384037376,31.536340746769195
55.121513840373765,26.83336387150318
55.14151384037377,37.64583000462416
55.161513840373765,43.22383582040036
55.18151384037376,10.241240569558418
55.201513840373764,21.253633062928607
55.22151384037377,8.788483319987119
55.24151384037376,12.775485704349968
55.26151384037376,14.251792175947877
55.28151384037376,9.982154637631458
55.301513840373765,10.035930556916005
55.32151384037376,19.113073216460094
55.34151384037376,8.389860344899542
55.36151384037376,28.979455461002907
55.38151384037376,11.381805652461571
55.40151384037376,48.65619970310472
55.421513840373755,16.047848288803273
55.44151384037376,21.28306583699654
55.46151384037376,7.610688017848432
55.48151384037376,37.62624171596512
55.501513840373754,31.761569044549816
55.52151384037376,23.536972877482068
55.54151384037376,7.101054449771901
55.561513840373756,22.67702831814623
55.58151384037375,9.357342521946913
55.601513840373755,35.196512897922126
55.62151384037376,28.66622870456315
55.641513840373754,21.5300067374113
55.66151384037375,0.0
55.68151384037375,10.744168037278293
55.70151384037376,27.45731564827872
55.72151384037375,32.70993160874104
55.74151384037375,31.674197018171824
55.76151384037375,4.663786946743485
55.781513840373755,23.600871958977603
55.80151384037375,30.74194683472936
55.82151384037375,4.00489865202961
55.84151384037375,20.510682652473182
55.86151384037375,23.32963914950759
55.88151384037375,17.585070541461157
55.901513840373745,2.072612924095452
55.92151384037375,17.338779331569604
55.94151384037375,17.324248951285
55.96151384037375,19.118135898484905
55.981513840373744,14.965716249669239
56.00151384037375,16.171893402485914
56.02151384037375,20.206550414588992
56.041513840373746,25.029771464207407
56.06151384037374,17.56258383676579
56.081513840373745,16.512002107883994
56.10151384037375,21.533685576749733
56.121513840373744,1.4026536152657272
56.14151384037374,25.383845704788865
56.16151384037374,20.609558898780364
56.181513840373746,21.013834453496163
56.20151384037374,30.22596546180815
56.22151384037374,1.0922041653252705
56.24151384037374,0.883771729493958
56.261513840373745,23.36191372661801
56.28151384037374,20.554485451073457
56.30151384037374,22.32921604754496
56.32151384037374,16.007982362035502
56.34151384037374,27.2746102396984
56.36151384037374,29.95929619665315
56.381513840373735,25.474578862064185
56.40151384037374,18.028333381095933
56.42151384037374,0.0
56.44151384037374,28.332745792550703
56.46151384037373,32.85957407945086
56.48151384037374,27.089789130297532
56.50151384037374,11.849712218281667
56.521513840373736,27.38602579863984
56.54151384037373,29.255338200240523
56.561513840373735,36.240176746052185
56.58151384037374,11.89290206206306
56.601513840373734,18.391456384064604
56.62151384037373,28.13073755498337
56.64151384037373,21.23414646081156
56.661513840373736,9.488812317556995
56.68151384037373,24.81030766861683
56.70151384037373,26.45283152526492
56.72151384037373,21.547928407474657
56.741513840373734,22.866246861069353
56.76151384037373,18.085450605299137
56.78151384037373,35.45742489967362
56.80151384037373,11.66985351286313
56.82151384037373,14.805721416560896
56.84151384037373,20.790951759987728
56.861513840373725,29.472818368074677
56.88151384037373,5.711741741809089
56.90151384037373,7.5847151815815455
56.92151384037373,0.3126207225818085
56.94151384037372,21.019095056746522
56.961513840373726,9.511335519366659
56.98151384037373,16.851157360707735
57.001513840373725,27.312719010759857
57.02151384037372,14.28580243569721
57.041513840373725,23.016356282556664
57.06151384037373,17.712477268266447
57.081513840373724,27.429333665582284
57.10151384037372,25.461819234177614
57.12151384037372,13.793563521309597
57.141513840373726,19.02875874668257
57.16151384037372,31.15509992975278
57.18151384037372,24.653838200096462
57.20151384037372,6.752866337077805
57.221513840373724,27.281098814203038
57.24151384037372,9.88125713569537
57.261513840373716,34.85495308566826
57.28151384037372,30.973283677625712
57.30151384037372,23.63363679739998
57.32151384037372,22.309611096069546
57.341513840373715,18.649474588025555
57.36151384037372,27.52756501056356
57.38151384037372,17.037086010409933
57.40151384037372,23.103122478594372
57.42151384037371,29.469337361707804
57.441513840373716,15.134512041145118
57.46151384037372,14.593247710330038
57.481513840373715,8.814131789116514
57.50151384037371,10.115684471813083
57.521513840373714,2.479098004226021
57.54151384037372,28.063992041439604
57.56151384037371,38.857516450018316
57.58151384037371,35.02434118521057
57.60151384037371,4.512901427078962
57.621513840373716,28.025001431333116
57.64151384037371,35.00024045505625
57.66151384037371,16.213813224099983
57.68151384037371,21.799137247224767
57.701513840373714,0.7084961734038444
57.72151384037371,23.45756593131037
57.741513840373706,10.157398354497396
57.76151384037371,22.79215105026922
57.78151384037371,5.186590694346933
57.80151384037371,26.23003502659039
57.821513840373704,31.049426219843543
57.84151384037371,12.9753613480188
57.86151384037371,9.44080846410131
57.88151384037371,0.0
57.9015138403737,18.151688994095316
57.921513840373706,15.002800730664912
57.94151384037371,5.3114754921308975
57.961513840373705,25.35480052177818
57.9815138403737,16.32786628134913
58.001513840373704,10.073181450517879
58.02151384037371,15.287801710478686
58.0415138403737,31.54956967629527
58.0615138403737,26.868906032096643
58.0815138403737,19.54230207172221
58.101513840373705,27.03665274528544
58.1215138403737,9.239536649577923
58.1415138403737,21.17542464947579
58.1615138403737,22.328028148817054
58.181513840373704,16.159534730695302
58.2015138403737,25.21559191392874
58.221513840373696,13.059796510443984
58.2415138403737,25.965474397927487
58.2615138403737,26.38900505634463
58.2815138403737,0.0
58.301513840373694,32.77981567781026
58.3215138403737,0.0
58.3415138403737,14.722664680344923
58.361513840373696,31.13985403860557
58.38151384037369,17.716738941473125
58.401513840373696,6.230992601695679
58.4215138403737,9.958741772580264
58.441513840373695,31.168443543771446
58.46151384037369,1.687628189821524
58.481513840373694,32.19588564001896
58.5015138403737,20.35826849180074
58.52151384037369,8.988664742705739
58.54151384037369,15.084809598400742
58.56151384037369,10.747072890371427
58.581513840373695,29.5849379918293
58.60151384037369,28.250347460819892
58.62151384037369,3.7378550986271364
58.64151384037369,16.896956016758192
58.66151384037369,12.304445029521746
58.68151384037369,33.87483947106344
58.701513840373686,7.442200417208175
58.72151384037369,36.98894813178978
58.74151384037369,20.61718884663136
58.76151384037369,9.334285001146002
58.781513840373684,14.184393710138565
58.80151384037369,12.944467285784942
58.82151384037369,8.218005470283522
58.841513840373686,21.916005534181945
58.86151384037368,8.692142521571382
58.881513840373685,0.0
58.90151384037369,17.18169642136404
58.921513840373684,2.953501166624882
58.94151384037368,13.464070078685697
58.961513840373684,11.898279124995948
58.98151384037369,12.280790161025669
59.00151384037368,41.00623838146183
59.02151384037368,21.56439313095332
59.04151384037368,23.45767124768994
59.061513840373685,3.243675492897424
59.08151384037368,14.471738013924934
59.10151384037368,23.168120134320603
59.12151384037368,10.77354277623406
59.14151384037368,30.103211992021965
59.16151384037368,8.999382925463438
59.181513840373675,18.166466224703843
59.20151384037368,15.173403548791008
59.22151384037368,22.680932468887082
59.24151384037368,14.636644639348866
59.261513840373674,18.336442121288716
59.28151384037368,18.687924054481194
59.30151384037368,13.709207519649608
59.321513840373676,25.907897435706918
59.34151384037367,23.444729686950225
59.361513840373675,20.178607199309297
59.38151384037368,16.76407755063145
59.401513840373674,29.038028938688804
59.42151384037367,18.718187453057713
59.44151384037367,18.01351177473136
59.46151384037368,22.13135321231381
59.48151384037367,38.05430149676611
59.50151384037367,7.688867828148966
59.52151384037367,28.795007562353987
59.541513840373675,2.168749219415055
59.56151384037367,23.277228085017025
59.58151384037367,36.85937391503715
59.60151384037367,25.999293479434304
59.62151384037367,22.82293506983345
59.64151384037367,15.516279094175154
59.661513840373665,21.435348727153777
59.68151384037367,18.608364944747432
59.70151384037367,13.273356826551824
59.72151384037367,18.23850998285654
59.74151384037366,23.125234394311576
59.76151384037367,13.47342216589408
59.78151384037367,13.08695811419037
59.801513840373666,7.551538815570426
59.82151384037366,25.065433717351898
59.841513840373665,26.6156397294805
59.86151384037367,23.483248587721405
59.881513840373664,30.822599484174606
59.90151384037366,22.05383470896119
59.92151384037366,25.099544856523416
59.941513840373666,24.222100241073985
59.96151384037366,20.272629643106836
59.98151384037366,15.884128752941482
60.00151384037366,43.338203727027924
60.021513840373665,16.681511636892697
60.04151384037366,14.54660151547976
60.06151384037366,25.549847370831152
60.08151384037366,23.732677110730968
60.10151384037366,7.170614608311627
60.12151384037366,32.44972305521073
60.141513840373655,20.285418473052303
60.16151384037366,10.122490276487017
60.18151384037366,33.12409265259339
60.20151384037366,27.497470776947132
60.22151384037365,8.599771958114715
60.241513840373656,39.021510354576634
60.26151384037366,27.842158960947245
60.281513840373655,21.15674069024751
60.30151384037365,37.16541970886466
60.321513840373655,22.86075252700119
60.34151384037366,20.991500196567408
60.361513840373654,14.673899262035086
60.38151384037365,27.09998749857989
60.40151384037365,26.052108663435796
60.421513840373656,21.437489468001978
60.44151384037365,13.395446796312232
60.46151384037365,22.599244322222862
60.48151384037365,20.606606540884393
60.501513840373654,7.974512994119916
60.52151384037365,6.595807608794896
60.541513840373646,26.97015300089756
60.56151384037365,0.0
60.58151384037365,23.382140084599367
60.60151384037365,16.551931733828972
60.621513840373645,34.41996899664843
60.64151384037365,16.407574565281504
60.66151384037365,27.941865633149746
60.68151384037365,17.38266500921733
60.70151384037364,22.494077976853056
60.721513840373646,28.72976785326203
60.74151384037365,16.740664556764404
60.761513840373645,31.33660280699069
60.78151384037364,11.438920491118674
60.801513840373644,24.326686038220963
60.82151384037365,30.61202623330631
60.84151384037364,27.990888350482603
60.86151384037364,40.55985965343338
60.88151384037364,13.765928184772786
60.901513840373646,7.613752326409061
60.92151384037364,11.46683023905395
60.94151384037364,28.019556467537477
60.96151384037364,26.399322608539627
60.981513840373644,22.44763530362843
61.00151384037364,10.200486626641997
61.021513840373636,29.103731422512375
61.04151384037364,9.193025036837142
61.06151384037364,33.03459590547152
61.08151384037364,50.024524517291255
61.101513840373634,25.11970488318329
61.12151384037364,27.291340824524585
61.14151384037364,16.536740739858306
61.16151384037364,3.368297080647192
61.18151384037363,15.448341417160796
61.201513840373636,10.551700277045077
61.22151384037364,7.015737440413737
61.241513840373635,38.714526008317605
61.26151384037363,24.22470801095034
61.281513840373634,25.29812772893089
61.30151384037364,18.416210203890905
61.32151384037363,19.782917796606593
61.34151384037363,31.162343031872705
61.36151384037363,21.198685425306532
61.381513840373636,26.834229200680667
61.40151384037363,19.572492846572032
61.42151384037363,18.116265709688097
61.44151384037363,7.473924531321657
61.461513840373634,1.7708599032583372
61.48151384037363,18.938028615989413
61.501513840373626,22.123924397285432
61.52151384037363,8.702979702746712
61.54151384037363,21.224866744522217
61.56151384037363,22.11248907309512
61.581513840373624,0.020244144905348094
61.60151384037363,12.434451077665216
61.62151384037363,25.66372277205731
61.64151384037363,25.467069976777747
61.66151384037362,10.065145043374454
61.681513840373626,23.191798903878762
61.70151384037363,31.83682750144145
61.721513840373625,29.388934334600187
61.74151384037362,20.670809009723563
61.761513840373624,16.949378510491883
61.78151384037363,15.34118418330972
61.80151384037362,26.318326848032196
61.82151384037362,23.596681342284057
61.84151384037362,27.945206853678236
61.861513840373625,22.975442685758136
61.88151384037362,29.849894390173635
61.90151384037362,22.613743108829006
61.92151384037362,29.520280383624918
61.941513840373624,30.387208909601977
61.96151384037362,13.63931541791984
61.981513840373616,3.608754286296339
62.00151384037362,37.13074886055239
62.02151384037362,24.2680456534288
62.04151384037362,4.562249927634884
62.061513840373614,14.574576926949117
62.08151384037362,29.437190309449818
62.10151384037362,18.927367020903397
62.121513840373616,16.609221535143043
62.14151384037361,35.74436716690829
62.161513840373615,11.268402364413715
62.18151384037362,13.765477933857612
62.201513840373615,23.866626353341246
62.22151384037361,25.663073412731574
62.241513840373614,26.72772931236446
62.26151384037362,30.882466668355455
62.28151384037361,23.76167204961429
62.30151384037361,26.675537208186142
62.32151384037361,19.195429546935134
62.341513840373615,22.42034182839489
62.36151384037361,22.874549576506357
62.38151384037361,23.95605042741153
62.40151384037361,29.536340740883
62.42151384037361,27.36828537216102
62.44151384037361,22.264896750400794
62.461513840373605,13.73737731087554
62.48151384037361,22.5112724391384
62.50151384037361,21.560316956221225
62.52151384037361,23.778257787489608
62.541513840373604,43.91765447148781
62.56151384037361,16.620645240946427
62.58151384037361,26.087247048403917
62.601513840373606,32.5549735538352
62.6215138403736,22.85638022897823
62.641513840373605,45.26083265751462
62.66151384037361,18.108021086335437
62.681513840373604,25.135350913555087
62.7015138403736,13.912458065741145
62.7215138403736,18.39133711389737
62.74151384037361,24.402004634996565
62.7615138403736,30.381799323511025
62.7815138403736,25.115812302407353
62.8015138403736,34.5221297981875
62.821513840373605,20.98745761107553
62.8415138403736,18.621566888797297
62.8615138403736,48.98925677668524
62.8815138403736,25.897947749997066
62.9015138403736,14.766933370887063
62.9215138403736,15.025300795093656
62.941513840373595,12.547340859331028
62.9615138403736,31.346047138779618
62.9815138403736,18.342806203639462
63.0015138403736,23.266441406552072
63.02151384037359,21.36397937630418
63.0415138403736,29.320251612276095
63.0615138403736,13.544159945849419
63.081513840373596,11.26216327285492
63.10151384037359,24.267156371565566
63.121513840373595,28.04008520614567
63.1415138403736,25.362136431483105
63.161513840373594,13.948608820853716
63.18151384037359,28.82433920198595
63.20151384037359,14.617238025216892
63.221513840373596,16.8468291971654
63.24151384037359,12.629060568285674
63.26151384037359,35.0865712819558
63.28151384037359,28.41560698289218
63.301513840373595,28.13774089161129
63.32151384037359,34.566348681206165
63.34151384037359,50.22716604758509
63.36151384037359,5.014863369638757
63.38151384037359,14.729821179274502
63.40151384037359,15.958310448972377
63.421513840373585,13.618351080500869
63.44151384037359,11.357212540377857
63.46151384037359,19.143023773931873
63.48151384037359,9.980038333119289
63.50151384037358,25.503031893813997
63.521513840373586,22.676135813460352
63.54151384037359,26.97599526322963
63.561513840373586,27.24956077142341
63.58151384037358,28.208924039096498
63.601513840373585,18.45135698400068
63.62151384037359,43.4034828108545
63.641513840373584,24.542973953701164
63.66151384037358,3.5804408262619454
63.68151384037358,12.18816800489601
63.701513840373586,4.813544215866024
63.72151384037358,22.398580561868066
63.74151384037358,21.01385370171239
63.76151384037358,17.55433212984493
63.781513840373584,42.354544881132696
63.80151384037358,27.74181861483829
63.821513840373576,29.51969106105518
63.84151384037358,12.954701582170125
63.86151384037358,12.280727992620871
63.88151384037358,22.646983757412997
63.901513840373575,24.01576342645117
63.92151384037358,3.7293510120115343
63.94151384037358,20.496182484366756
63.96151384037358,22.446770934487418
63.98151384037357,20.161367190789537
64.00151384037358,14.1857748042831
64.02151384037357,16.931158510898968
64.04151384037357,20.564761106433817
64.06151384037356,23.248207286552603
64.08151384037356,28.394988167003735
64.10151384037357,33.162510951293584
64.12151384037357,19.417359482494078
64.14151384037356,17.80617381471233
64.16151384037357,26.75120279781744
64.18151384037357,28.49001672806084
64.20151384037356,18.04649593403998
64.22151384037356,30.299378926463767
64.24151384037356,32.198252632298626
64.26151384037357,35.32623010126206
64.28151384037356,40.199551882014504
64.30151384037356,13.759169930741335
64.32151384037357,22.569313031701824
64.34151384037357,22.550118630238018
64.36151384037356,21.46362779511607
64.38151384037356,15.958767177495062
64.40151384037355,7.602820297226277
64.42151384037356,23.392289794541906
64.44151384037356,14.789004778220246
64.46151384037356,23.33957324128342
64.48151384037357,14.546291083483803
64.50151384037356,11.497242101117923
64.52151384037356,24.84391920067911
64.54151384037355,24.01727186638914
64.56151384037355,28.3080082627878
64.58151384037356,44.38096910059385
64.60151384037356,25.302380556664225
64.62151384037355,27.38746763031812
64.64151384037356,11.768212278761121
64.66151384037356,9.681937648087969
64.68151384037355,38.38650387105529
64.70151384037355,13.33061980327496
64.72151384037355,12.133195922156217
64.74151384037356,22.18887727936304
64.76151384037355,21.68518301836452
64.78151384037355,13.569293539681842
64.80151384037356,19.551888645739286
64.82151384037356,34.902651000288714
64.84151384037355,14.55624147390174
64.86151384037355,8.686747189827665
64.88151384037354,32.056713431887744
64.90151384037355,27.56106223506474
64.92151384037355,16.440233490620074
64.94151384037355,6.831086791091526
64.96151384037356,15.213871302235097
64.98151384037355,22.120419056538715
65.00151384037355,34.33155351154612
65.02151384037354,12.316392666039267
65.04151384037354,21.844404001056507
65.06151384037355,29.448450400989806
65.08151384037355,0.0
65.10151384037354,33.049699146431195
65.12151384037355,10.894764394016114
65.14151384037355,26.04666822393536
65.16151384037354,25.200998467886308
65.18151384037354,33.587495062808365
65.20151384037354,28.258349612296307
65.22151384037355,0.0
65.24151384037354,14.916294017724248
65.26151384037354,24.153643783047325
65.28151384037355,20.829310046343252
65.30151384037354,27.562743025608267
65.32151384037354,30.687838492357628
65.34151384037354,28.88623787931682
65.36151384037353,20.666529025164344
65.38151384037354,4.353476616083956
65.40151384037354,18.26961284074372
65.42151384037354,26.995695722611828
65.44151384037355,11.935140922050387
65.46151384037354,29.15997023395297
65.48151384037354,31.938775653859544
65.50151384037353,24.131142440251068
65.52151384037353,0.0
65.54151384037354,10.096879722773522
65.56151384037354,41.74731558058216
65.58151384037353,17.427716894798348
65.60151384037354,3.0593435930316417
65.62151384037354,35.26094086006193
65.64151384037353,23.049724182622928
65.66151384037353,33.97328456874291
65.68151384037353,25.70118794922621
65.70151384037354,27.52492416701549
65.72151384037353,26.57716696397342
65.74151384037353,29.9297093460968
65.76151384037354,45.736892494653375
65.78151384037353,32.68042317703197
65.80151384037353,7.174748457441732
65.82151384037353,27.452548601191808
65.84151384037352,34.408542919900974
65.86151384037353,35.02855505654054
65.88151384037353,18.74331885859886
65.90151384037352,34.66664476861102
65.92151384037354,32.30246585311186
65.94151384037353,48.75806766527083
65.96151384037353,15.540737251911798
65.98151384037352,17.97462003378428
66.00151384037352,19.99531634484
66.02151384037353,18.162176192626003
66.04151384037353,14.172090874511623
66.06151384037352,0.0
66.08151384037353,18.741134374272885
66.10151384037353,26.78963973586278
66.12151384037352,18.171780460997613
66.14151384037352,42.465760261874884
66.16151384037352,23.253665781077164
66.18151384037353,36.03816713334892
66.20151384037352,25.75005932007019
66.22151384037352,31.407916570032697
66.24151384037353,25.944256939197924
66.26151384037352,36.84769528143177
66.28151384037352,23.727259643337977
66.30151384037352,28.137100002889262
66.32151384037351,26.847258622117835
66.34151384037352,20.30912063482108
66.36151384037352,27.24985388588454
66.38151384037351,45.55195817240395
66.40151384037352,20.512200819660684
66.42151384037352,27.418903198860455
66.44151384037352,35.81013729136011
66.46151384037351,34.642983570144594
66.48151384037351,23.365727364677266
66.50151384037352,0.0
66.52151384037352,28.431844505826973
66.54151384037351,1.0782144041521988
66.56151384037352,37.98047935150831
66.58151384037352,24.984005169331244
66.60151384037351,33.29417541790108
66.62151384037351,14.284501928497678
66.6415138403735,7.788725980617738
66.66151384037352,25.929541253335916
66.68151384037351,22.994168988451605
66.70151384037351,18.42301036307415
66.72151384037352,24.193255911885686
66.74151384037351,51.02923573078213
66.76151384037351,31.70837519872498
66.7815138403735,33.86635788957443
66.8015138403735,31.81900202634666
66.82151384037351,38.182524985779466
66.84151384037351,21.495466393849217
66.8615138403735,2.8568587434142856
66.88151384037351,21.526908291660533
66.90151384037351,31.538433609987997
66.9215138403735,13.731388516404403
66.9415138403735,21.6740579718795
66.9615138403735,16.528354090083354
66.98151384037351,38.47468709839295
67.0015138403735,30.9573167927843
67.0215138403735,29.986513885172528
67.04151384037351,29.69549081354464
67.06151384037351,23.115364106308892
67.0815138403735,25.471807334774393
67.1015138403735,11.652795492275228
67.1215138403735,1.6486271908527819
67.1415138403735,25.02227283743621
67.1615138403735,26.769787509384155
67.1815138403735,35.63096288279967
67.20151384037351,39.26011643259183
67.2215138403735,39.255192998427084
67.2415138403735,13.583430877699191
67.2615138403735,20.049483890930787
67.28151384037349,28.38395337865787
67.3015138403735,48.90814210831716
67.3215138403735,38.398580992707906
67.3415138403735,34.80006289581013
67.3615138403735,19.73672271811324
67.3815138403735,14.791125619270835
67.4015138403735,31.520729063196377
67.42151384037349,12.633574508754098
67.44151384037349,21.264369168062085
67.4615138403735,22.509507301464993
67.4815138403735,39.594970364977215
67.50151384037349,20.127447676833427
67.5215138403735,0.0
67.5415138403735,28.73603522662809
67.5615138403735,16.70996699327839
67.58151384037349,24.135101020269833
67.60151384037349,22.85035747795839
67.6215138403735,20.98898667923036
67.64151384037349,31.63806302842977
67.66151384037349,8.414647403958373
67.6815138403735,18.581801300130984
67.7015138403735,30.600978409859074
67.72151384037349,17.628415602585658
67.74151384037349,7.689868670495784
67.76151384037348,30.47216991421665
67.78151384037349,35.02625179724855
67.80151384037349,23.35405070173645
67.82151384037348,4.204252334350468
67.8415138403735,30.881119563832673
67.86151384037349,7.231265278716393
67.88151384037349,26.92686705706154
67.90151384037348,14.972974417727748
67.92151384037348,12.25796634623431
67.94151384037349,19.446013715306457
67.96151384037348,22.04090112871192
67.98151384037348,17.440565101897388
68.00151384037349,29.778459387778856
68.02151384037349,19.43951988916204
68.04151384037348,33.71091750799623
68.06151384037348,26.7295435957697
68.08151384037347,16.95105103306038
68.10151384037349,15.276043413100924
68.12151384037348,7.469306387119385
68.14151384037348,26.860436237237437
68.16151384037349,20.416072002850186
68.18151384037348,0.2488431283339061
68.20151384037348,18.6225085126607
68.22151384037348,14.9781836579189
68.24151384037347,39.75417444194262
68.26151384037348,6.978494811628362
68.28151384037348,9.601663164986416
68.30151384037347,35.123765627449956
68.32151384037348,37.60060658823794
68.34151384037348,16.592059207503716
68.36151384037348,17.72995169258496
68.38151384037347,30.22209293764735
68.40151384037347,0.7976777603801146
68.42151384037348,5.465683329506749
68.44151384037347,21.27923827850423
68.46151384037347,39.59443770916019
68.48151384037348,19.747198556135015
68.50151384037348,25.122842354809443
68.52151384037347,35.46034975310053
68.54151384037347,45.200294521195346
68.56151384037346,18.37196016941806
68.58151384037347,23.98108290814999
68.60151384037347,42.37901511613248
68.62151384037347,8.945490401166444
68.64151384037348,34.4523215826518
68.66151384037347,14.002390731668582
68.68151384037347,25.21931233907288
68.70151384037347,21.77744822182848
68.72151384037346,14.632580112055194
68.74151384037347,14.390741641563412
68.76151384037347,26.99497671598035
68.78151384037346,34.19530584693936
68.80151384037347,22.951637342205103
68.82151384037347,24.959225067422153
68.84151384037347,29.978935526516743
68.86151384037346,14.560115774783322
68.88151384037346,31.68234446839294
68.90151384037347,32.487973452489804
68.92151384037346,50.33993576551648
68.94151384037346,20.551768347221667
68.96151384037347,19.741136869800094
68.98151384037347,32.02076537489524
69.00151384037346,32.531307240102116
69.02151384037346,18.998560008297265
69.04151384037345,20.326977843202737
69.06151384037346,29.779093124552478
69.08151384037346,16.1011295043795
69.10151384037346,20.280826220450848
69.12151384037347,25.291294962697215
69.14151384037346,34.36396230518102
69.16151384037346,18.3678044226196
69.18151384037346,5.99916803103385
69.20151384037345,5.266266962491727
69.22151384037346,11.847346856272958
69.24151384037346,11.319043106222882
69.26151384037345,22.913862326019846
69.28151384037346,12.580424839210462
69.30151384037346,17.450940058756082
69.32151384037346,16.746900887567502
69.34151384037345,20.091957987771558
69.36151384037345,37.73136352857631
69.38151384037346,31.135086462741704
69.40151384037345,24.68620179403489
69.42151384037345,19.923948605782005
69.44151384037346,20.211195292864694
69.46151384037346,27.8303036630011
69.48151384037345,30.403853437948108
69.50151384037345,15.49531800057597
69.52151384037344,24.945637570732142
69.54151384037345,4.27397785643808
69.56151384037345,26.71666146832481
69.58151384037345,32.23037266441126
69.60151384037346,21.81755710844126
69.62151384037345,42.792882964843564
69.64151384037345,15.824604628570215
69.66151384037344,26.82077580825809
69.68151384037344,24.297513173160162
69.70151384037345,23.662179361754383
69.72151384037345,23.531336143741495
69.74151384037344,25.755016282155424
69.76151384037345,33.17296792506248
69.78151384037345,38.48016369103486
69.80151384037345,24.689726029991512
69.82151384037344,32.874822631747875
69.84151384037344,17.71343214996653
69.86151384037345,32.40010208943802
69.88151384037344,17.130084499702445
69.90151384037344,35.666057480205176
69.92151384037345,46.87533145944489
69.94151384037345,23.55755453608943
69.96151384037344,2.862435381370318
69.98151384037344,19.31662395321834
70.00151384037343,37.12559372657679
70.02151384037344,30.34710543294537
70.04151384037344,27.3149747886244
70.06151384037344,34.922029639938955
70.08151384037345,29.68939376987296
70.10151384037344,37.03163054650973
70.12151384037344,34.058140709802366
70.14151384037343,40.09043969785725
70.16151384037343,28.47093317160629
70.18151384037344,33.94510942350375
70.20151384037344,21.8307936467382
70.22151384037343,18.897011103079876
70.24151384037344,41.98885631498993
70.26151384037344,27.092793196211783
70.28151384037344,32.98912442282974
70.30151384037343,26.187297027542996
70.32151384037343,19.094324260404356
70.34151384037344,25.07889932748835
70.36151384037343,39.33860593620492
70.38151384037343,30.54066756189037
70.40151384037344,7.883141964950752
70.42151384037344,22.855041401114015
70.44151384037343,42.840041938858356
70.46151384037343,22.88875905740157
70.48151384037342,7.031570020626599
70.50151384037343,43.976480631046115
70.52151384037343,31.879557269377987
70.54151384037343,24.365149511905244
70.56151384037344,21.360752181110854
70.58151384037343,35.9081057736083
70.60151384037343,19.674414877780283
70.62151384037342,36.58648097886076
70.64151384037342,30.535542872609923
70.66151384037343,27.5700879586005
70.68151384037343,26.588100830806056
70.70151384037342,23.39296184805024
70.72151384037343,35.60873819768588
70.74151384037343,16.50860877626097
70.76151384037342,8.952491230559033
70.78151384037342,31.325854407859524
70.80151384037342,31.503552396753193
70.82151384037343,30.003301813986457
70.84151384037342,29.28790037202868
70.86151384037342,22.01494447218257
70.88151384037343,33.10491205037672
70.90151384037343,24.78424563970214
70.92151384037342,20.378438328079255
70.94151384037342,22.14041294939841
70.96151384037341,45.475480280636276
70.98151384037342,7.929084757005537
71.00151384037342,30.286493947094204
71.02151384037342,8.507280975093945
71.04151384037343,24.225829214224987
71.06151384037342,20.98167006936141
71.08151384037342,4.477449233260476
71.10151384037341,29.227900317628936
71.12151384037341,21.546940917032444
71.14151384037342,4.36506012977744
71.16151384037342,33.76261134866798
71.18151384037341,39.7268039537647
71.20151384037342,40.28780215550605
71.22151384037342,28.98594450172241
71.24151384037341,25.866787625922633
71.26151384037341,38.69760335459034
71.2815138403734,42.24970864329886
71.30151384037342,36.77140017993859
71.32151384037341,16.030182185408925
71.34151384037341,27.4688564698291
71.36151384037342,29.860423762210665
71.38151384037342,7.378951641566388
71.40151384037341,30.178591546383966
71.42151384037341,48.224771415559516
71.4415138403734,31.904087583658665
71.46151384037341,40.248734052380385
71.48151384037341,27.353632372107448
71.5015138403734,24.8021881624913
71.52151384037342,29.356976111393465
71.54151384037341,17.395890993819734
71.56151384037341,15.926305297295398
71.5815138403734,38.23700684825945
71.6015138403734,39.30729320115293
71.62151384037341,15.682719479563596
71.6415138403734,35.28368788897233
71.6615138403734,24.744021618425037
71.68151384037341,29.021632951491874
71.70151384037341,30.23566371207506
71.7215138403734,35.58691636711093
71.7415138403734,26.480532307609515
71.7615138403734,39.76491305802176
71.7815138403734,28.76736850947794
71.8015138403734,31.925034012226803
71.8215138403734,17.360520694501712
71.84151384037341,47.289696163857016
71.8615138403734,30.411318838275058
71.8815138403734,32.85301148945437
71.9015138403734,9.651150811894897
71.9215138403734,17.51596441731163
71.9415138403734,38.13180126531288
71.9615138403734,28.631859298839224
71.9815138403734,6.635138466999166
72.0015138403734,36.16582675190147
72.0215138403734,20.355094990511482
72.0415138403734,39.91609236777194
72.0615138403734,24.93456907870383
72.08151384037339,27.869999939220513
72.1015138403734,37.6224899155022
72.1215138403734,16.868029285652796
72.14151384037339,15.924509572253417
72.1615138403734,23.898015872510797
72.1815138403734,34.144754245824274
72.2015138403734,12.57428362152356
72.22151384037339,9.212743749434871
72.24151384037339,34.14033629973653
72.2615138403734,19.883384842580973
72.28151384037339,22.00095241364427
72.30151384037339,7.365156711339182
72.3215138403734,19.15351936605635
72.3415138403734,25.87769489067553
72.36151384037339,35.2672053268264
72.38151384037339,18.2611875056753
72.40151384037338,42.557316289189025
72.4215138403734,19.148064242921272
72.44151384037339,19.1727793233206
72.46151384037339,41.3873491467767
72.4815138403734,28.138454851803324
72.50151384037339,20.51368912770938
72.52151384037339,24.492691562522705
72.54151384037338,39.58484845063286
72.56151384037338,40.72623399426118
72.58151384037339,17.906370427521473
72.60151384037339,25.66006381859014
72.62151384037338,26.996073149652496
72.64151384037339,16.242209953336502
72.66151384037339,25.557869926941223
72.68151384037338,26.178061639783753
72.70151384037338,37.53704357081163
72.72151384037338,38.21931795254203
72.74151384037339,22.863095693081437
72.76151384037338,24.02578334199952
72.78151384037338,32.81836597922501
72.80151384037339,20.333689699006193
72.82151384037338,32.08210996421787
72.84151384037338,25.32678083808396
72.86151384037338,16.52200018308338
72.88151384037337,16.65776204151603
72.90151384037338,40.70686227899584
72.92151384037338,24.68220959152536
72.94151384037337,42.66011727947992
72.96151384037339,21.130368561506785
72.98151384037338,29.188940856098217
73.00151384037338,50.21381657640119
73.02151384037337,15.723345203661545
73.04151384037337,7.329233735336349
73.06151384037338,39.18344888852688
73.08151384037338,18.05962809763368
73.10151384037337,26.13082979830256
73.12151384037338,20.488888311833808
73.14151384037338,29.039877869358016
73.16151384037337,16.86307027515185
73.18151384037337,24.579216376401284
73.20151384037337,30.88695802730956
73.22151384037338,16.315905981053213
73.24151384037337,19.408347182180055
73.26151384037337,22.945554307530937
73.28151384037338,12.141425973400647
73.30151384037337,22.214170644321676
73.32151384037337,27.63794848970421
73.34151384037337,22.464698732092252
73.36151384037336,23.756630692104117
73.38151384037337,26.281588779145277
73.40151384037337,19.93338310121752
73.42151384037336,33.41165796926696
73.44151384037337,40.87103046858318
73.46151384037337,21.877664510663138
73.48151384037337,31.38367223870072
73.50151384037336,24.145742117299555
73.52151384037336,30.207013103326073
73.54151384037337,42.22016315699125
73.56151384037337,31.65919365502396
73.58151384037336,8.848685381634851
73.60151384037337,31.133021771226204
73.62151384037337,38.93193969613378
73.64151384037336,24.39757946573186
73.66151384037336,36.58013020305668
73.68151384037336,19.732869757129066
73.70151384037337,11.788878627903355
73.72151384037336,28.066207470734525
73.74151384037336,9.099999116122987
73.76151384037337,24.277307194810213
73.78151384037336,39.55369288642369
73.80151384037336,7.597896051866112
73.82151384037336,13.910813889757787
73.84151384037335,16.395718004121044
73.86151384037336,26.093102309798926
73.88151384037336,23.079395323004082
73.90151384037335,40.73819106741989
73.92151384037336,36.30057638784829
73.94151384037336,31.720090156608357
73.96151384037336,28.23393316790551
73.98151384037335,30.720198829442083
74.00151384037335,18.178350225194997
74.02151384037336,35.380551693257814
74.04151384037336,15.69828163110625
74.06151384037335,35.18277174538183
74.08151384037336,38.70070605087039
74.10151384037336,28.958207842548937
74.12151384037335,25.09771356969554
74.14151384037335,30.87322710271403
74.16151384037335,0.0
74.18151384037336,29.913282400993157
74.20151384037335,25.76744852792585
74.22151384037335,26.404997096526532
74.24151384037336,33.9868944844074
74.26151384037335,26.18417265264378
74.28151384037335,15.540087176135913
74.30151384037335,25.53842424720614
74.32151384037334,27.638302324494504
74.34151384037335,28.122384420091564
74.36151384037335,28.602538067050517
74.38151384037334,37.38733517959201
74.40151384037335,16.14360075958276
74.42151384037335,28.77125361167731
74.44151384037335,39.92384997519971
74.46151384037334,9.68874311973821
74.48151384037334,28.841631154735932
74.50151384037335,21.201686790028393
74.52151384037334,23.358676850464946
74.54151384037334,18.028016737106903
74.56151384037335,25.390900329705264
74.58151384037335,45.50929141970515
74.60151384037334,14.462792948916865
74.62151384037334,15.421450379655548
74.64151384037334,14.108906784481274
74.66151384037335,44.41377798180359
74.68151384037334,22.529125997026096
74.70151384037334,26.912818703090995
74.72151384037335,23.166594797527857
74.74151384037334,17.793925540092097
74.76151384037334,24.96881009386217
74.78151384037334,52.06114080327799
74.80151384037333,41.70215708560476
74.82151384037334,19.815603108261776
74.84151384037334,35.833210657987294
74.86151384037333,22.790198985518437
74.88151384037334,16.234177711099036
74.90151384037334,48.77314349542904
74.92151384037334,57.110395653945815
74.94151384037333,65.98198346256936
74.96151384037333,64.60538065722949
74.98151384037334,85.68494585353857
75.00151384037333,117.27858112796143
75.02151384037333,140.0524542137368
75.04151384037334,161.34490372146993
75.06151384037334,179.1772772017285
75.08151384037333,225.12623506220584
75.10151384037333,259.2454481266773
75.12151384037332,254.24206326650673
75.14151384037334,281.67642223305796
75.16151384037333,277.929677276846
75.18151384037333,271.7762852798179
75.20151384037334,254.18948331911255
75.22151384037333,213.34376457756088
75.24151384037333,175.15935973967694
75.26151384037333,155.924877780178
75.28151384037332,141.31904550125103
75.30151384037333,101.16357705264626
75.32151384037333,77.82902055733207
75.34151384037332,49.135515867900736
75.36151384037333,71.67098493442906
75.38151384037333,52.879882846266554
75.40151384037333,45.77902176633324
75.42151384037332,43.46844581955661
75.44151384037332,36.87416073857341
75.46151384037333,27.059624742126175
75.48151384037332,26.950112673316134
75.50151384037332,23.81462463977355
75.52151384037333,54.181178243184014
75.54151384037333,33.26891186638637
75.56151384037332,23.01733372508719
75.58151384037332,32.29068458565712
75.60151384037331,17.524082284519867
75.62151384037332,42.68252691853552
75.64151384037332,21.03479992471246
75.66151384037332,32.665777315307075
75.68151384037333,38.324693412987884
75.70151384037332,31.522812500724704
75.72151384037332,28.63011618004215
75.74151384037332,27.80375405783776
75.76151384037331,27.141648330486397
75.78151384037332,21.949403204651652
75.80151384037332,23.23188315157509
75.82151384037331,42.532950407484776
75.84151384037332,26.662009205502063
75.86151384037332,19.899741257310232
75.88151384037332,22.6050559191163
75.90151384037331,38.78206612158016
75.92151384037331,34.54475253915696
75.94151384037332,33.40230432536085
75.96151384037331,25.234126308894794
75.98151384037331,33.55328815096322
76.00151384037332,21.394376724126406
76.02151384037332,25.24417153460796
76.04151384037331,37.5486799233277
76.06151384037331,36.60373434373714
76.0815138403733,18.052180880848326
76.10151384037331,19.326335854638035
76.12151384037331,28.97894218966887
76.1415138403733,45.16356389737253
76.16151384037332,8.756907183352151
76.18151384037331,30.706206066226347
76.20151384037331,14.172760339278483
76.2215138403733,21.60019982314989
76.2415138403733,24.30954077696474
76.26151384037331,23.759055795148733
76.28151384037331,22.63649315444951
76.3015138403733,28.056835502850166
76.32151384037331,22.642520584256616
76.34151384037331,13.380812733840799
76.3615138403733,35.814391996689736
76.3815138403733,35.55472576620881
76.4015138403733,36.46805432930472
76.42151384037331,12.639272288819866
76.4415138403733,31.046103664637183
76.4615138403733,34.8270144260831
76.48151384037331,17.765507731653543
76.5015138403733,28.17956224166087
76.5215138403733,26.935463423221503
76.5415138403733,46.52993532813291
76.5615138403733,47.36368670528823
76.5815138403733,11.485458698110978
76.6015138403733,53.07858766543636
76.6215138403733,18.997354030818105
76.6415138403733,37.96663645423402
76.6615138403733,37.87517419958495
76.6815138403733,18.22358159086668
76.7015138403733,33.12344983133579
76.72151384037329,27.125721026244847
76.7415138403733,33.75464361047247
76.7615138403733,30.528350179466106
76.7815138403733,40.19530407413186
76.8015138403733,28.996185166912092
76.8215138403733,26.573727983461524
76.8415138403733,39.22338835482365
76.86151384037329,34.07698140062651
76.88151384037329,35.60142978131127
76.9015138403733,21.64770153686807
76.9215138403733,17.851211179131724
76.94151384037329,22.636886583588396
76.9615138403733,22.11616144867551
76.9815138403733,36.196633524778846
77.00151384037329,38.10474509440106
77.02151384037329,26.80386364683504
77.04151384037328,42.67461685563887
77.0615138403733,42.06037888187598
77.08151384037329,30.81993051371276
77.10151384037329,20.177278145478564
77.1215138403733,44.160214949255696
77.14151384037329,27.806525598473385
77.16151384037329,29.68859976387176
77.18151384037328,25.041144248335225
77.20151384037328,19.54953593739467
77.22151384037329,13.771287561404389
77.24151384037329,34.79660570964947
77.26151384037328,20.64415046706772
77.2815138403733,59.08370972751275
77.30151384037329,17.63789591960458
77.32151384037329,15.935039157901734
77.34151384037328,33.62048105676999
77.36151384037328,43.8224564913017
77.38151384037329,29.185443857272134
77.40151384037328,34.27219483829299
77.42151384037328,10.124517549940016
77.44151384037329,21.795095072406497
77.46151384037329,17.844269736605717
77.48151384037328,9.640182698196366
77.50151384037328,29.77065535582728
77.52151384037327,6.182786242806145
77.54151384037328,15.399309843962913
77.56151384037328,23.259536190437615
77.58151384037328,20.328817953812298
77.60151384037329,32.615961052378054
77.62151384037328,31.71787517777252
77.64151384037328,37.610255435228616
77.66151384037327,36.206297486050026
77.68151384037327,40.10077767875307
77.70151384037328,28.683652831682604
77.72151384037328,31.74769028424979
77.74151384037327,33.83834011452646
77.76151384037328,30.149949240710498
77.78151384037328,24.77161566858952
77.80151384037327,25.42930723210439
77.82151384037327,20.58831968402108
77.84151384037327,32.990240319617016
77.86151384037328,27.84408587155462
77.88151384037327,22.162662913933257
77.90151384037327,22.182112228282524
77.92151384037328,16.71073031559427
77.94151384037328,38.61328532569519
77.96151384037327,29.621200053898566
77.98151384037327,20.217171710819052
78.00151384037326,36.940795030621715
78.02151384037327,23.260972122159565
78.04151384037327,14.810593670316125
78.06151384037327,39.09795956518802
78.08151384037328,23.524900499514857
78.10151384037327,24.81701018229476
78.12151384037327,29.327928921523245
78.14151384037326,40.35214550144681
78.16151384037326,29.136747637020154
78.18151384037327,16.95532179845371
78.20151384037327,34.395378286763446
78.22151384037326,24.116823020404546
78.24151384037327,47.8560688048077
78.26151384037327,28.975737482612
78.28151384037326,6.6466821007531145
78.30151384037326,32.58078592000981
78.32151384037326,48.463209958835535
78.34151384037327,44.78652745604577
78.36151384037326,47.34695666661533
78.38151384037326,18.849897785322003
78.40151384037327,38.179106088159855
78.42151384037327,21.84771582699746
78.44151384037326,31.320630898781502
78.46151384037326,16.35828485930534
78.48151384037325,22.653320279385746
78.50151384037326,22.345476253093572
78.52151384037326,38.10355782127565
78.54151384037326,37.135254501874904
78.56151384037327,31.906315293640457
78.58151384037326,15.643954962383106
78.60151384037326,26.04182235113103
78.62151384037325,21.707095791624482
78.64151384037325,37.87505847880817
78.66151384037326,40.9701860689005
78.68151384037326,39.76222634563279
78.70151384037325,21.65620552916523
78.72151384037326,1.8230940095648656
78.74151384037326,11.558828009103
78.76151384037325,43.454734755706525
78.78151384037325,25.23592977043193
78.80151384037325,21.751243351727986
78.82151384037326,45.695098999242575
78.84151384037325,41.93009818777645
78.86151384037325,29.532984735386197
78.88151384037326,26.364461481907107
78.90151384037325,27.98747121162947
78.92151384037325,31.59009831950756
78.94151384037325,45.32892617117338
78.96151384037324,33.56310662699111
78.98151384037325,36.608697723785
79.00151384037325,41.05107945285043
79.02151384037325,17.671585258498496
79.04151384037326,36.92692701578561
79.06151384037325,26.442579260321146
79.08151384037325,4.2372694365837305
79.10151384037324,8.126476411213375
79.12151384037324,19.236941979946174
79.14151384037325,34.74029245034888
79.16151384037325,30.575993670283236
79.18151384037324,31.291598702211726
79.20151384037325,48.96729580997661
79.22151384037325,16.776889904219985
79.24151384037324,29.203373275729028
79.26151384037324,32.53197848349019
79.28151384037324,22.134804178801982
79.30151384037325,29.790710512917546
79.32151384037324,13.517853046251107
79.34151384037324,43.6263074700012
79.36151384037325,22.720994245311488
79.38151384037324,49.8610314330452
79.40151384037324,29.23217208009271
79.42151384037324,39.84733200472468
79.44151384037323,29.043644167853618
79.46151384037324,29.27910649587975
79.48151384037324,23.756118878805854
79.50151384037324,30.79751430719673
79.52151384037325,32.796120148308496
79.54151384037324,21.783401671948006
79.56151384037324,28.385391503915045
79.58151384037323,23.54469122603663
79.60151384037323,52.65216010774032
79.62151384037324,28.768046516573765
79.64151384037324,45.12750579410405
79.66151384037323,27.72878626611042
79.68151384037324,32.28770650044863
79.70151384037324,16.491005071698865
79.72151384037323,25.243730742954405
79.74151384037323,31.829609391739634
79.76151384037323,45.594102142709175
79.78151384037324,31.963687864515933
79.80151384037323,43.59085503804905
79.82151384037323,36.1707289285946
79.84151384037324,46.04723266211024
79.86151384037323,29.192573554147323
79.88151384037323,53.69499429068566
79.90151384037323,24.948571587644015
79.92151384037322,22.147676661500626
79.94151384037323,17.72152282579411
79.96151384037323,53.14204926844201
79.98151384037322,38.03602439865566
80.00151384037324,26.510082326210544
80.02151384037323,42.35125246270431
80.04151384037323,36.7476780040333
80.06151384037322,49.54175632895383
80.08151384037322,14.41187353213798
80.10151384037323,27.246315781285332
80.12151384037323,25.284412769011432
80.14151384037322,10.18250430607058
80.16151384037323,40.53230227597425
80.18151384037323,27.234758503081704
80.20151384037322,37.3447245974644
80.22151384037322,53.555815009567
80.24151384037322,26.435336477513513
80.26151384037323,25.765915888256366
80.28151384037322,31.173754299313803
80.30151384037322,39.86924756606456
80.32151384037323,24.33929974291454
80.34151384037322,23.70646448884269
80.36151384037322,40.59761810983673
80.38151384037322,33.821758054937646
80.40151384037321,9.597716036297875
80.42151384037322,17.800708940893244
80.44151384037322,45.07660824135447
80.46151384037321,34.09314947845428
80.48151384037322,22.461518737804738
80.50151384037322,28.388987211122984
80.52151384037322,30.235050560442563
80.54151384037321,37.46961177672678
80.56151384037321,16.539232838287372
80.58151384037322,21.72195826349219
80.60151384037322,32.870584291460005
80.62151384037321,29.15225223876137
80.64151384037322,35.87875535820173
80.66151384037322,17.874649212571157
80.68151384037321,33.75056374842758
80.70151384037321,41.10466110326828
80.7215138403732,35.06655240803109
80.74151384037322,31.59902044351431
80.76151384037321,29.258597190980623
80.78151384037321,21.87844590013191
80.80151384037322,29.516489734219736
80.82151384037321,42.84304641687248
80.84151384037321,29.065209029330784
80.8615138403732,21.3669543660738
80.8815138403732,25.352017472258364
80.90151384037321,32.29247934833737
80.92151384037321,26.55831831394693
80.9415138403732,35.155966900292526
80.96151384037321,35.5408413140195
80.98151384037321,39.21169897965709
81.0015138403732,44.566919178823866
81.0215138403732,40.299362771226896
81.0415138403732,21.007829727422873
81.06151384037321,21.324314493928245
81.0815138403732,29.611376514607773
81.1015138403732,25.866763734408167
81.12151384037321,19.004669752242563
81.14151384037321,25.980432462014804
81.1615138403732,25.661628095697452
81.1815138403732,23.697680688094152
81.2015138403732,27.267657483092442
81.2215138403732,42.2194486913404
81.2415138403732,32.43670200822059
81.2615138403732,55.171787307406625
81.28151384037321,32.16814688123881
81.3015138403732,27.571769258458836
81.3215138403732,30.523111283317792
81.3415138403732,33.05605116185923
81.36151384037319,34.853013311092404
81.3815138403732,51.27692278083775
81.4015138403732,22.065934055868205
81.4215138403732,39.11892185098941
81.4415138403732,32.61528316875282
81.4615138403732,14.836109029814253
81.4815138403732,38.26337685858275
81.50151384037319,43.24192052670975
81.52151384037319,22.00321004058654
81.5415138403732,30.494917817538177
81.5615138403732,13.339989532655853
81.58151384037319,18.014736430132338
81.6015138403732,41.09235887516755
81.6215138403732,25.957153288544077
81.6415138403732,19.542537006312042
81.66151384037319,32.934411944666905
81.68151384037319,25.4249186473633
81.7015138403732,25.950054142613585
81.72151384037319,38.06075181284077
81.74151384037319,19.059371859440567
81.7615138403732,21.63226025158894
81.7815138403732,32.235912246430836
81.80151384037319,40.39840317587093
81.82151384037319,43.09509420366553
81.84151384037318,24.07205286249952
81.86151384037319,40.10561154969017
81.88151384037319,22.89958367727507
81.90151384037318,49.01225770973812
81.9215138403732,19.421604492487013
81.94151384037319,44.05324621807646
81.96151384037319,24.212733243064797
81.98151384037318,50.919187878086156
82.00151384037318,36.70905243554553
82.02151384037319,20.64479444802861
82.04151384037318,25.59168230022273
82.06151384037318,38.63497924012638
82.08151384037319,41.35870417526746
82.10151384037319,30.134189592369573
82.12151384037318,31.29700650934872
82.14151384037318,38.443024876190435
82.16151384037317,32.186542310188315
82.18151384037319,17.942565557700522
82.20151384037318,22.756922616760153
82.22151384037318,33.24690358825004
82.24151384037319,43.0595621772164
82.26151384037318,47.07358865176214
82.28151384037318,38.71807753863673
82.30151384037318,33.804702365447795
82.32151384037317,38.428937522976064
82.34151384037318,24.28228653359978
82.36151384037318,29.42647425061877
82.38151384037317,22.72645788294088
82.40151384037318,18.4893126386031
82.42151384037318,34.32119489822541
82.44151384037318,32.849796251382415
82.46151384037317,37.88013878245633
82.48151384037317,36.473675326973826
82.50151384037318,33.447935121536766
82.52151384037317,36.59658674562312
82.54151384037317,30.61250907817934
82.56151384037318,35.17716619611966
82.58151384037318,23.79571265310806
82.60151384037317,34.76311258589442
82.62151384037317,37.75911902619279
82.64151384037316,24.3870089116027
82.66151384037317,31.611017357293726
82.68151384037317,24.865536583068547
82.70151384037317,25.845352144083922
82.72151384037318,19.869975086944102
82.74151384037317,43.78585949816294
82.76151384037317,41.793795663036306
82.78151384037317,36.52010816927195
82.80151384037316,50.87654688046345
82.82151384037317,29.270940133293994
82.84151384037317,61.489822973046756
82.86151384037316,28.905698357386953
82.88151384037317,33.74171166490296
82.90151384037317,27.22077657266025
82.92151384037317,34.930580786954266
82.94151384037316,39.57223583026778
82.96151384037316,30.085675857912303
82.98151384037317,49.00078334988186
83.00151384037316,33.6338146497911
83.02151384037316,33.955904405083984
83.04151384037317,22.16979413645406
83.06151384037317,35.45347414311987
83.08151384037316,29.936915265317406
83.10151384037316,25.203485996981048
83.12151384037315,23.52982674836147
83.14151384037316,58.02088387087498
83.16151384037316,28.6771485003992
83.18151384037316,16.750729390146322
83.20151384037317,24.34702324478356
83.22151384037316,30.822205321394243
83.24151384037316,36.81319152780439
83.26151384037315,36.90311549737445
83.28151384037315,38.129916450952834
83.30151384037316,24.923780076074372
83.32151384037316,34.785391324549764
83.34151384037315,22.628987514998002
83.36151384037316,25.201739093695785
83.38151384037316,22.22965742943149
83.40151384037316,19.531428343642744
83.42151384037315,42.06597293974082
83.44151384037315,38.31854765060341
83.46151384037316,41.20762834016653
83.48151384037315,31.84264069193797
83.50151384037315,39.22611378524151
83.52151384037316,13.853660870514961
83.54151384037316,40.10593955509379
83.56151384037315,33.25476345165801
83.58151384037315,37.763153231276746
83.60151384037314,35.300773581624995
83.62151384037315,21.63846367229082
83.64151384037315,16.53708333745201
83.66151384037315,24.405396532456855
83.68151384037316,37.183559321224465
83.70151384037315,38.44374016783098
83.72151384037315,17.87183392532542
83.74151384037314,21.748684865151255
83.76151384037314,24.33573466089824
83.78151384037315,28.003445020081767
83.80151384037315,17.964382520847572
83.82151384037314,17.372759461013374
83.84151384037315,23.383301520056488
83.86151384037315,32.472561259061244
83.88151384037315,19.812438945227257
83.90151384037314,30.468697704602153
83.92151384037314,42.220602425262136
83.94151384037315,18.625609329584414
83.96151384037314,29.587272522250895
83.98151384037314,41.907611791697036
84.00151384037315,27.48566582604063
84.02151384037315,25.939949006725694
84.04151384037314,43.31989113665812
84.06151384037314,28.63119015734964
84.08151384037313,42.746430010342024
84.10151384037314,35.99939332111569
84.12151384037314,28.2895433552509
84.14151384037314,36.523136470415906
84.16151384037315,34.938958371241235
84.18151384037314,41.95151428208344
84.20151384037314,26.26744428633829
84.22151384037313,32.17116466212642
84.24151384037313,31.15214224674331
84.26151384037314,38.81696620961626
84.28151384037314,21.531869283971993
84.30151384037313,41.961598813597504
84.32151384037314,36.46327380620734
84.34151384037314,18.63888373483209
84.36151384037314,43.898901728920244
84.38151384037313,54.165333884288756
84.40151384037313,41.85086295621759
84.42151384037314,46.11048168261563
84.44151384037313,32.70244912424528
84.46151384037313,15.241777939995767
84.48151384037314,13.423704969238347
84.50151384037314,34.42380276059977
84.52151384037313,25.96125756623784
84.54151384037313,22.743336645643886
84.56151384037312,31.269676821558654
84.58151384037313,38.06103120234501
84.60151384037313,17.385627931993138
84.62151384037313,27.43244266935269
84.64151384037314,47.027931555851424
84.66151384037313,21.184337138193143
84.68151384037313,40.6428193744258
84.70151384037312,27.105876779637043
84.72151384037312,37.41908919935618
84.74151384037313,42.942384175418354
84.76151384037313,39.38987455602766
84.78151384037312,41.076590954837094
84.80151384037313,20.476987892378222
84.82151384037313,43.13743881840129
84.84151384037312,23.481819343501364
84.86151384037312,34.612067082343785
84.88151384037312,34.60700041491114
84.90151384037313,36.88364341711815
84.92151384037312,35.40985402134935
84.94151384037312,23.610047040362986
84.96151384037313,18.557322383776942
84.98151384037313,40.78732308748768
85.00151384037312,33.930011927985404
85.02151384037312,43.573254494897
85.04151384037311,31.639966727392583
85.06151384037312,18.043452481745085
85.08151384037312,41.764182936979026
85.10151384037312,28.40696007184657
85.12151384037313,35.53847077122827
85.14151384037312,25.651601911796167
85.16151384037312,48.57696325351445
85.18151384037311,23.37603780297257
85.20151384037311,28.775118320466436
85.22151384037312,33.231622612405495
85.24151384037312,21.243021929759266
85.26151384037311,35.47773997713366
85.28151384037312,48.29933881616191
85.30151384037312,27.283291628575867
85.32151384037311,36.14701044787734
85.34151384037311,4.708887231495513
85.3615138403731,31.821597717908524
85.38151384037312,29.088105275234994
85.40151384037311,24.041180287335305
85.42151384037311,43.04827893423476
85.44151384037312,28.97894508218427
85.46151384037312,30.47420440634578
85.48151384037311,28.48463761108777
85.50151384037311,13.095984410342599
85.5215138403731,20.951845168065674
85.54151384037311,41.89020052724407
85.56151384037311,11.187304935379927
85.5815138403731,24.631193271686584
85.60151384037312,28.304671178760287
85.62151384037311,49.74560498319099
85.64151384037311,40.002928113341305
85.6615138403731,26.7526789001445
85.6815138403731,45.37700440306415
85.70151384037311,24.9341820218346
85.7215138403731,42.437800577624806
85.7415138403731,18.765481897822248
85.76151384037311,43.094273979896414
85.78151384037311,28.30778998531746
85.8015138403731,22.09150426662164
85.8215138403731,30.212520224206564
85.8415138403731,35.16479725900868
85.8615138403731,27.451259676290192
85.8815138403731,37.945656959177164
85.9015138403731,26.58355036325705
85.92151384037311,38.62456980797312
85.9415138403731,36.85041251099574
85.9615138403731,31.82629670387891
85.9815138403731,28.029028811165176
86.0015138403731,33.96557388509085
86.0215138403731,37.96000664437471
86.0415138403731,53.08275330720799
86.0615138403731,41.866247828281
86.0815138403731,42.23921418874624
86.1015138403731,63.371696954718765
86.1215138403731,37.653409309949936
86.1415138403731,37.34749839758953
86.16151384037309,39.54844196138344
86.1815138403731,22.425848552950107
86.2015138403731,28.083698237790184
86.22151384037309,27.468217356217014
86.2415138403731,39.013234350084375
86.2615138403731,30.802522629609413
86.2815138403731,33.933665285310006
86.30151384037309,43.43312910126909
86.32151384037309,41.19723123220444
86.3415138403731,30.95564382200993
86.36151384037309,25.880021938530234
86.38151384037309,43.93982831214555
86.4015138403731,40.333089912235515
86.4215138403731,16.538696032769597
86.44151384037309,29.476799930162453
86.46151384037309,34.27055801977251
86.48151384037308,40.410753613945715
86.5015138403731,41.730513383998286
86.52151384037309,35.475589372949614
86.54151384037309,38.49602452213209
86.5615138403731,33.29192598648404
86.58151384037309,25.919038727952977
86.60151384037309,30.051898225416895
86.62151384037308,32.86142939346469
86.64151384037308,32.33168926945466
86.66151384037309,13.829705805336022
86.68151384037309,28.717543404401265
86.70151384037308,33.2613639985791
86.72151384037309,29.892527058993323
86.74151384037309,30.244897316002653
86.76151384037308,37.599946041303866
86.78151384037308,21.93734628037946
86.80151384037308,16.45337057085814
86.82151384037309,29.258958089864144
86.84151384037308,40.38865205595649
86.86151384037308,49.62987909988196
86.88151384037309,40.58246048796285
86.90151384037308,18.085358564834742
86.92151384037308,30.45113049738767
86.94151384037308,35.347942077375215
86.96151384037307,34.56429344565227
86.98151384037308,38.1882004368645
87.00151384037308,23.631426681753226
87.02151384037307,33.45809685547335
87.04151384037309,37.01863269281834
87.06151384037308,41.078840911508536
87.08151384037308,24.77166525095218
87.10151384037307,29.383982325353823
87.12151384037307,5.804066806779765
87.14151384037308,26.63430505745844
87.16151384037308,27.611445432238273
87.18151384037307,22.666407399005113
87.20151384037308,34.525020578816026
87.22151384037308,32.31607981601868
87.24151384037307,10.290018871973842
87.26151384037307,35.04384929049977
87.28151384037307,23.612128664966868
87.30151384037308,37.758848353001106
87.32151384037307,20.090023472165342
87.34151384037307,33.21516691052027
87.36151384037308,30.090022186825355
87.38151384037307,35.959216637744085
87.40151384037307,34.181701226757895
87.42151384037307,30.389605698901654
87.44151384037306,17.585031631860865
87.46151384037307,18.182170772675107
87.48151384037307,27.12186495065248
87.50151384037306,32.88440772341981
87.52151384037307,26.891187586294457
87.54151384037307,39.23223512168889
87.56151384037307,30.194343631067007
87.58151384037306,23.342850820034343
87.60151384037306,30.21842860765961
87.62151384037307,35.2643915832175
87.64151384037307,36.26103029138821
87.66151384037306,51.80235249454705
87.68151384037307,26.33583402227665
87.70151384037307,32.296495218195155
87.72151384037306,37.2988638660794
87.74151384037306,32.80972550959792
87.76151384037306,28.044092473345728
87.78151384037307,17.56400911732451
87.80151384037306,27.954530341716215
87.82151384037306,22.332134948561844
87.84151384037307,15.809363488111998
87.86151384037306,25.124901174505773
87.88151384037306,22.61701973182951
87.90151384037306,38.93203778532833
87.92151384037305,39.111314132303995
87.94151384037306,24.067814309240184
87.96151384037306,30.510520355732794
87.98151384037305,14.53656749431578
88.00151384037306,28.181770053821563
88.02151384037306,37.121151977411124
88.04151384037306,41.386863244234604
88.06151384037305,26.013152860321526
88.08151384037305,43.66829955158796
88.10151384037306,17.998946928728525
88.12151384037305,20.68569126701709
88.14151384037305,40.2646789350693
88.16151384037306,49.88535147883833
88.18151384037306,38.114525872507635
88.20151384037305,32.7828367944482
88.22151384037305,11.24046572407375
88.24151384037305,12.973863007529179
88.26151384037306,34.49844715355592
88.28151384037305,29.629731132322167
88.30151384037305,22.157999865624937
88.32151384037306,33.87765915914029
88.34151384037305,34.37961648313284
88.36151384037305,42.67841873316746
88.38151384037305,34.60622788910443
88.40151384037304,45.530081514078304
88.42151384037305,33.33199864759958
88.44151384037305,32.10461666414473
88.46151384037304,43.90698446266991
88.48151384037305,23.485337504814915
88.50151384037305,61.42009224918516
88.52151384037305,37.03405160499438
88.54151384037304,37.09561614329668
88.56151384037304,38.54411782034278
88.58151384037305,52.070344963082704
88.60151384037304,41.22986410847744
88.62151384037304,17.26002762595011
88.64151384037305,47.35107631960686
88.66151384037305,29.913179354614538
88.68151384037304,34.399456165301636
88.70151384037304,20.54111360326497
88.72151384037304,38.601408984220576
88.74151384037305,26.83136895974851
88.76151384037304,34.352518866937764
88.78151384037304,30.515530618803513
88.80151384037305,52.612334423734744
88.82151384037304,53.19048268011543
88.84151384037304,33.83867218120514
88.86151384037304,34.01896591109046
88.88151384037303,29.650394960062748
88.90151384037304,44.45051086245402
88.92151384037304,30.106860055608134
88.94151384037303,29.188284301618108
88.96151384037304,43.19317144148016
88.98151384037304,28.029825066081212
89.00151384037304,33.04082633691578
89.02151384037303,17.61081696628999
89.04151384037303,40.47136376062005
89.06151384037304,52.843652647364266
89.08151384037303,40.65274733808344
89.10151384037303,48.063983038730285
89.12151384037304,24.990455143571456
89.14151384037304,35.820191846949136
89.16151384037303,24.030809673884576
89.18151384037303,31.190200712654534
89.20151384037302,41.195405543284956
89.22151384037304,34.49691884294674
89.24151384037303,19.35771175941191
89.26151384037303,20.339227525443256
89.28151384037304,19.683263173761055
89.30151384037303,38.41479959896427
89.32151384037303,54.14457756072174
89.34151384037303,47.135560433101794
89.36151384037302,14.556459065647719
89.38151384037303,47.732390767620466
89.40151384037303,42.89094314346579
89.42151384037302,18.079234351823125
89.44151384037303,30.50549971203949
89.46151384037303,44.49800929526184
89.48151384037303,39.052376810854994
89.50151384037302,20.462334909828925
89.52151384037302,39.66593792586022
89.54151384037303,12.18872853429496
89.56151384037302,31.340718048805094
89.58151384037302,44.95369998682423
89.60151384037303,33.76325410128565
89.62151384037303,28.595103256171495
89.64151384037302,42.48309525240603
89.66151384037302,43.34229196435205
89.68151384037301,46.70029897214626
89.70151384037302,42.34844168042845
89.72151384037302,44.42386780166743
89.74151384037302,40.94429500822827
89.76151384037303,36.27557259321806
89.78151384037302,34.520439855989046
89.80151384037302,31.257803503261172
89.82151384037302,21.511755670634393
89.84151384037301,24.08734848270357
89.86151384037302,30.825330775490418
89.88151384037302,36.064996260711794
89.90151384037301,48.0635867521485
89.92151384037302,33.24246163004774
89.94151384037302,43.70015697529642
89.96151384037302,44.463497801355174
89.98151384037301,31.360807435270928
90.00151384037301,39.627098697445746
90.02151384037302,31.2498243264262
90.04151384037301,46.911358824658095
