two_theta_deg,intensity
20.033966092941178,11.179852816814577
20.053966092941177,23.63934706522639
20.073966092941177,25.222888707652334
20.093966092941177,12.43414576858087
20.113966092941176,20.91425000051019
20.133966092941176,22.972440366682005
20.153966092941175,23.051025370990196
20.173966092941175,28.50393216332196
20.193966092941174,20.37042716675476
20.213966092941174,41.76566388548206
20.233966092941174,31.870418353533623
20.253966092941173,18.91829401955323
20.273966092941173,27.93558763099941
20.293966092941172,28.231655558982666
20.313966092941172,39.1397330004484
20.33396609294117,20.989696058525766
20.35396609294117,34.66789562956036
20.37396609294117,27.414027930101692
20.39396609294117,41.912109074792355
20.41396609294117,39.90630539571888
20.43396609294117,28.968117098188344
20.45396609294117,24.376417251920103
20.47396609294117,32.06620819857609
20.493966092941168,25.19654070313305
20.513966092941168,43.80499014281171
20.533966092941167,27.787484212538978
20.553966092941167,22.947207695652416
20.573966092941166,22.408319995517697
20.593966092941166,14.8749380884413
20.613966092941165,32.57169455749748
20.633966092941165,18.806786841576955
20.653966092941165,37.98916323987462
20.673966092941164,14.079098290007776
20.693966092941164,28.281617697205462
20.713966092941163,38.512181438780104
20.733966092941163,5.488200126283175
20.753966092941162,47.19403940507307
20.773966092941162,22.759231469293937
20.79396609294116,28.423723020124974
20.81396609294116,32.72793349765097
20.83396609294116,34.27539013807119
20.85396609294116,29.753583588111606
20.87396609294116,36.98922096911353
20.89396609294116,32.20669948954196
20.91396609294116,44.6254072945008
20.93396609294116,32.24046116603669
20.953966092941158,46.66411709301066
20.973966092941158,36.029112770576646
20.993966092941157,8.961371905862134
21.013966092941157,53.13043506812333
21.033966092941156,21.276488649597496
21.053966092941156,41.975877670043474
21.073966092941156,27.28886607055367
21.093966092941155,37.63231467857796
21.113966092941155,20.137089803167758
21.133966092941154,33.279777502334625
21.153966092941154,24.49086613174404
21.173966092941154,42.8132285748073
21.193966092941153,31.410291369642373
21.213966092941153,36.38343471280581
21.233966092941152,5.38362456157963
21.253966092941152,26.16903783163277
21.27396609294115,31.130638714523187
21.29396609294115,29.261615548532863
21.31396609294115,36.63736913188389
21.33396609294115,23.36707144891193
21.35396609294115,27.51428825590063
21.37396609294115,38.83897455937189
21.39396609294115,4.2400929995866505
21.41396609294115,32.92075058318105
21.433966092941148,23.68864625838497
21.453966092941148,17.904548647936643
21.473966092941147,30.393393939916226
21.493966092941147,39.30267290239719
21.513966092941146,37.41979292475443
21.533966092941146,25.67740541991087
21.553966092941145,35.786112934166184
21.573966092941145,35.709536302199766
21.593966092941145,26.155285092727084
21.613966092941144,20.09831922159225
21.633966092941144,20.676897843167673
21.653966092941143,35.40787153033058
21.673966092941143,26.607956271400226
21.693966092941142,16.567675063034493
21.713966092941142,10.180928247350888
21.73396609294114,35.347916961186925
21.75396609294114,21.56185055646934
21.77396609294114,30.333531181133026
21.79396609294114,39.42672805280246
21.81396609294114,13.94040608873145
21.83396609294114,26.57825545048811
21.85396609294114,25.32265272058886
21.87396609294114,30.82697440068189
21.893966092941138,39.42108363038545
21.913966092941138,13.734890047217728
21.933966092941137,32.72729878020719
21.953966092941137,37.34445469984378
21.973966092941136,25.165330530385535
21.993966092941136,25.65450203023525
22.013966092941136,31.213323013309836
22.033966092941135,30.476844047685383
22.053966092941135,32.852029874807414
22.073966092941134,32.64112619054515
22.093966092941134,17.208401594884897
22.113966092941133,36.93057995781167
22.133966092941133,38.69552354373583
22.153966092941133,28.88828441733318
22.173966092941132,12.085652597268142
22.19396609294113,25.879485415085885
22.21396609294113,28.970724693088457
22.23396609294113,15.580373637008329
22.25396609294113,23.424692119258697
22.27396609294113,12.932062274952296
22.29396609294113,33.098348457702585
22.31396609294113,28.68463608242272
22.33396609294113,10.56689468559653
22.35396609294113,30.53900503121438
22.373966092941128,26.45888371104918
22.393966092941127,32.18771947657567
22.413966092941127,23.107842476735936
22.433966092941127,19.00794967999159
22.453966092941126,19.31386101057933
22.473966092941126,21.640155418780676
22.493966092941125,27.209645587358963
22.513966092941125,28.50050304809819
22.533966092941125,25.113230129967445
22.553966092941124,22.786730681093136
22.573966092941124,23.505377509777066
22.593966092941123,52.096128826427304
22.613966092941123,19.31108700768013
22.633966092941122,21.438062765345023
22.653966092941122,59.955755046572754
22.67396609294112,31.226764890656497
22.69396609294112,13.216229908421589
22.71396609294112,35.44230011409579
22.73396609294112,17.914417501879132
22.75396609294112,36.104786611494326
22.77396609294112,24.903900706593628
22.79396609294112,22.61490380692345
22.81396609294112,43.10383763366264
22.833966092941118,32.67551396502952
22.853966092941118,36.74069416292568
22.873966092941117,31.359282798077675
22.893966092941117,22.564913851378193
22.913966092941116,33.12216325788335
22.933966092941116,39.10001983531029
22.953966092941116,28.35448009162559
22.973966092941115,45.02274635040347
22.993966092941115,35.510399899670254
23.013966092941114,29.12454784406122
23.033966092941114,29.518769060991495
23.053966092941113,28.3754433785615
23.073966092941113,14.489839512476715
23.093966092941113,26.100647639253392
23.113966092941112,29.21236363697363
23.13396609294111,22.838763722403357
23.15396609294111,30.37548824691714
23.17396609294111,27.210883069564588
23.19396609294111,34.733804172569215
23.21396609294111,33.62707316535085
23.23396609294111,28.666533329353207
23.25396609294111,13.321909653186697
23.27396609294111,44.90029108783837
23.29396609294111,25.57316588051683
23.313966092941108,26.182210533159687
23.333966092941107,23.564852834016566
23.353966092941107,22.104918066642735
23.373966092941107,42.42857547738669
23.393966092941106,40.84738564356471
23.413966092941106,31.429810998521518
23.433966092941105,25.909797030712095
23.453966092941105,33.174887135216146
23.473966092941104,27.720572919203253
23.493966092941104,25.079256849703803
23.513966092941104,30.361415303076257
23.533966092941103,22.567635805983848
23.553966092941103,29.50070024397517
23.573966092941102,29.019098338502715
23.593966092941102,33.00506793185553
23.6139660929411,20.783143948991654
23.6339660929411,34.07467003333889
23.6539660929411,17.90897174115685
23.6739660929411,21.245187514744593
23.6939660929411,21.68035800298083
23.7139660929411,16.247832646384083
23.7339660929411,37.12370220091202
23.7539660929411,17.275270832429992
23.773966092941098,19.975335686993454
23.793966092941098,39.517266881275475
23.813966092941097,21.25604073103056
23.833966092941097,25.07910613838108
23.853966092941096,16.838895497091862
23.873966092941096,35.28733738457801
23.893966092941096,35.4238148472884
23.913966092941095,34.3445258479406
23.933966092941095,32.32896680368021
23.953966092941094,27.688148670116114
23.973966092941094,21.707067261342896
23.993966092941093,18.799704576994824
24.013966092941093,39.84700397588017
24.033966092941093,34.59452985139431
24.053966092941092,20.011970658861113
24.07396609294109,27.341843790356204
24.09396609294109,23.9408757457424
24.11396609294109,15.658407585931524
24.13396609294109,28.715503786283005
24.15396609294109,22.782526174234057
24.17396609294109,17.41053637952583
24.19396609294109,12.143015166082863
24.21396609294109,11.294730819518065
24.23396609294109,23.216917117689405
24.253966092941088,26.07862873239947
24.273966092941087,18.174957855989987
24.293966092941087,33.43373524413628
24.313966092941087,26.269238058741003
24.333966092941086,32.691906600723655
24.353966092941086,25.092283130325338
24.373966092941085,19.048539747068858
24.393966092941085,28.059204417143945
24.413966092941084,14.289583742115619
24.433966092941084,32.309001785406835
24.453966092941084,17.541399801162918
24.473966092941083,36.09347999974145
24.493966092941083,23.52484773134023
24.513966092941082,37.532978417866076
24.533966092941082,15.679637041996221
24.55396609294108,20.126385216292817
24.57396609294108,30.711632620876166
24.59396609294108,38.60544265912822
24.61396609294108,43.564737034728175
24.63396609294108,27.310473479975613
24.65396609294108,45.27241971814789
24.67396609294108,23.99645716535507
24.69396609294108,37.87890583750804
24.713966092941078,17.467534302252563
24.733966092941078,31.089451716936434
24.753966092941077,3.4686063455154255
24.773966092941077,15.667704483503147
24.793966092941076,31.54844817786993
24.813966092941076,13.75534503408723
24.833966092941075,31.147270795979665
24.853966092941075,35.94038481216884
24.873966092941075,21.86061838781262
24.893966092941074,17.182295275261122
24.913966092941074,22.127951007619476
24.933966092941073,17.20967413677724
24.953966092941073,25.853629750366835
24.973966092941073,27.88462743196841
24.993966092941072,23.801563666569507
25.01396609294107,43.60318888701168
25.03396609294107,19.663477760336583
25.05396609294107,40.769755117614146
25.07396609294107,16.44092623695481
25.09396609294107,27.578977493068592
25.11396609294107,38.68012700270877
25.13396609294107,38.16050350480314
25.15396609294107,22.642200023278992
25.17396609294107,32.39331118351174
25.193966092941068,31.052227778032556
25.213966092941067,21.438856101732835
25.233966092941067,32.99554620472512
25.253966092941067,45.45875551033605
25.273966092941066,31.548615419693256
25.293966092941066,32.49293557345115
25.313966092941065,33.548672624621254
25.333966092941065,12.215095886927386
25.353966092941064,31.424835880236948
25.373966092941064,16.652708669183614
25.393966092941064,20.91913837358732
25.413966092941063,48.43511706098347
25.433966092941063,24.2807627385483
25.453966092941062,19.409305507738072
25.473966092941062,38.33452819677832
25.49396609294106,17.32957639003184
25.51396609294106,22.32978715295718
25.53396609294106,39.29212062895394
25.55396609294106,27.22688314641584
25.57396609294106,11.180833788519065
25.59396609294106,32.23428534389406
25.61396609294106,22.827303567785677
25.63396609294106,42.188038680132195
25.653966092941058,20.725204016392848
25.673966092941058,37.296871171585344
25.693966092941057,44.53911797565719
25.713966092941057,18.270219920067536
25.733966092941056,24.84502475775345
25.753966092941056,30.660898827393147
25.773966092941055,18.19866800700596
25.793966092941055,29.47254278476796
25.813966092941055,24.517846578904052
25.833966092941054,24.31381823805885
25.853966092941054,27.251310757510524
25.873966092941053,27.47199525174678
25.893966092941053,28.395565454066798
25.913966092941052,20.76589239064826
25.933966092941052,21.19982511097583
25.95396609294105,25.563041415645127
25.97396609294105,26.29870429396571
25.99396609294105,22.355139175177317
26.01396609294105,29.98036934262456
26.03396609294105,8.590684273877851
26.05396609294105,19.430956515125736
26.07396609294105,23.933646703499512
26.09396609294105,18.169067487301454
26.113966092941048,43.01948244161362
26.133966092941048,26.913392253632164
26.153966092941047,28.48973063157508
26.173966092941047,21.88697541583678
26.193966092941046,26.55873053437728
26.213966092941046,14.561210947365081
26.233966092941046,25.01278970465876
26.253966092941045,17.338078891093687
26.273966092941045,23.93131909048073
26.293966092941044,1.1033696989140616
26.313966092941044,15.419672377693743
26.333966092941044,41.336126297174744
26.353966092941043,34.99798623617227
26.373966092941043,39.88153731395958
26.393966092941042,40.56548059138522
26.413966092941042,33.41525481989236
26.43396609294104,22.153795165306622
26.45396609294104,16.307062768178007
26.47396609294104,38.14409728159164
26.49396609294104,27.31939876542265
26.51396609294104,51.61100379171608
26.53396609294104,23.016841299763573
26.55396609294104,46.39381387903856
26.57396609294104,25.093960548821055
26.593966092941038,40.019376419917336
26.613966092941038,43.62280869206904
26.633966092941037,16.423381805100433
26.653966092941037,21.79987897982815
26.673966092941036,16.31703510419515
26.693966092941036,14.34433901363506
26.713966092941035,33.31139788710648
26.733966092941035,24.671380129649613
26.753966092941035,27.158250493038167
26.773966092941034,32.19389103268229
26.793966092941034,8.0545327745609
26.813966092941033,39.49295160115172
26.833966092941033,23.13122941335687
26.853966092941032,31.9430526438369
26.873966092941032,32.82302557222755
26.89396609294103,40.32070946413016
26.91396609294103,25.561005747591786
26.93396609294103,5.370029910648974
26.95396609294103,27.17449463237117
26.97396609294103,28.607090211715544
26.99396609294103,16.25420532090476
27.01396609294103,28.068501903250024
27.03396609294103,22.980181637176713
27.053966092941028,13.159586310563839
27.073966092941028,33.298723780417475
27.093966092941027,20.94336157085478
27.113966092941027,22.513548419158532
27.133966092941026,21.948268832189108
27.153966092941026,38.92554928474212
27.173966092941026,26.158296978622943
27.193966092941025,27.35514138402211
27.213966092941025,22.154455527622826
27.233966092941024,31.18614851246935
27.253966092941024,40.04731333319552
27.273966092941023,33.02938293751136
27.293966092941023,33.416075660024916
27.313966092941023,32.60632877453553
27.333966092941022,12.738210351524403
27.35396609294102,17.77604795148889
27.37396609294102,24.483951246234945
27.39396609294102,19.27176311597238
27.41396609294102,15.881601112015693
27.43396609294102,7.801771244622955
27.45396609294102,13.054783305940926
27.47396609294102,23.951356153158414
27.49396609294102,25.81887386822306
27.51396609294102,18.579115120665126
27.533966092941018,27.295409905328754
27.553966092941018,22.16431583216915
27.573966092941017,37.404872159271775
27.593966092941017,24.879352286411365
27.613966092941016,33.45538199400038
27.633966092941016,28.520663683830556
27.653966092941015,12.464258192329037
27.673966092941015,25.574819009706786
27.693966092941015,14.121581629989802
27.713966092941014,25.39302578668951
27.733966092941014,19.019327247041385
27.753966092941013,30.286656725145466
27.773966092941013,13.039863722624657
27.793966092941012,26.60679580871965
27.813966092941012,32.18029360748277
27.83396609294101,35.528443483819295
27.85396609294101,18.807150019413015
27.87396609294101,26.622666942223038
27.89396609294101,28.282946401284256
27.91396609294101,41.909048765513916
27.93396609294101,11.620784522210561
27.95396609294101,17.319348716170794
27.97396609294101,54.47127802481886
27.993966092941008,23.691949097774383
28.013966092941008,7.5092426033966255
28.033966092941007,20.589927975209996
28.053966092941007,0.0
28.073966092941006,28.817103833210034
28.093966092941006,34.50196293716052
28.113966092941006,17.28370020365813
28.133966092941005,21.689283395122555
28.153966092941005,35.62925286105818
28.173966092941004,8.886735402221792
28.193966092941004,13.169346741752644
28.213966092941003,24.10006594560719
28.233966092941003,18.85401838928607
28.253966092941003,23.434836908836985
28.273966092941002,13.732131943834421
28.293966092941,28.508889402457275
28.313966092941,24.86953326413563
28.333966092941,31.849868814672234
28.353966092941,28.35804883365384
28.373966092941,28.417034726839567
28.393966092941,11.883130862569976
28.413966092941,31.268180579746076
28.433966092941,23.029651966611805
28.453966092941,24.668374111976767
28.473966092940998,36.813032455207825
28.493966092940997,19.132054944546763
28.513966092940997,39.83426594491697
28.533966092940997,40.76317815349732
28.553966092940996,33.84226239833744
28.573966092940996,16.50419316412121
28.593966092940995,4.443442461515399
28.613966092940995,37.09068812200086
28.633966092940994,27.41214408672292
28.653966092940994,18.84226370839518
28.673966092940994,38.025797263370116
28.693966092940993,17.670510909092968
28.713966092940993,22.040463527343807
28.733966092940992,31.526826661229464
28.753966092940992,15.137792143866406
28.77396609294099,25.174899356401067
28.79396609294099,37.15695885154062
28.81396609294099,28.372563593036276
28.83396609294099,38.7315792709926
28.85396609294099,37.589189847315694
28.87396609294099,26.326390611623268
28.89396609294099,2.877425156744298
28.91396609294099,15.182938290970265
28.933966092940988,33.86981537682764
28.953966092940988,10.729763764229626
28.973966092940987,22.961146516764984
28.993966092940987,29.608663713766713
29.013966092940986,40.91534046468671
29.033966092940986,20.46520324596508
29.053966092940986,19.77628061367264
29.073966092940985,25.68244834144104
29.093966092940985,29.711774831652395
29.113966092940984,24.65590682940028
29.133966092940984,36.68677942210045
29.153966092940983,18.198369310352163
29.173966092940983,27.387119576802736
29.193966092940983,30.633330860331558
29.213966092940982,22.174560103643532
29.23396609294098,34.569662960677356
29.25396609294098,27.657815364979996
29.27396609294098,34.05234442425472
29.29396609294098,28.10057671371093
29.31396609294098,29.919220706544174
29.33396609294098,19.826887817254732
29.35396609294098,19.838709781232875
29.37396609294098,38.386004150868345
29.39396609294098,32.49274740400102
29.413966092940978,15.903586010340184
29.433966092940977,27.93745775722088
29.453966092940977,2.386639955585629
29.473966092940977,20.38056699421373
29.493966092940976,35.72580471554192
29.513966092940976,24.859622576123964
29.533966092940975,27.285746887461542
29.553966092940975,0.0
29.573966092940974,22.175141177372875
29.593966092940974,29.47591507332632
29.613966092940974,30.74159835093487
29.633966092940973,35.707754775806634
29.653966092940973,23.9771095319154
29.673966092940972,24.41860965035508
29.693966092940972,12.749465567314124
29.71396609294097,24.020887930499324
29.73396609294097,13.445807553231306
29.75396609294097,7.578303246473499
29.77396609294097,15.200648441285448
29.79396609294097,41.13472036706832
29.81396609294097,23.33767988755939
29.83396609294097,28.237477631891593
29.85396609294097,20.899145092245124
29.873966092940968,8.123992534199743
29.893966092940968,35.38602064278098
29.913966092940967,4.298286218335736
29.933966092940967,20.467710649419104
29.953966092940966,25.464850004732703
29.973966092940966,28.31124825732362
29.993966092940965,18.73700041988611
30.013966092940965,7.617417927619886
30.033966092940965,17.981427797165452
30.053966092940964,18.500100494562222
30.073966092940964,18.252056775892388
30.093966092940963,35.678880711228466
30.113966092940963,13.837561853097696
30.133966092940963,28.978668966460308
30.153966092940962,27.547124962748775
30.17396609294096,35.56397553334969
30.19396609294096,24.6233680275935
30.21396609294096,33.86125024025137
30.23396609294096,24.222984866370318
30.25396609294096,30.284349066679333
30.27396609294096,10.906242375148056
30.29396609294096,0.0
30.31396609294096,29.70155643191536
30.33396609294096,30.233124396177885
30.353966092940958,30.671513675465217
30.373966092940957,20.662354392089075
30.393966092940957,40.80408326387664
30.413966092940957,21.303255811928423
30.433966092940956,30.105989437899986
30.453966092940956,31.838718826432004
30.473966092940955,43.07490759144193
30.493966092940955,22.71235131498616
30.513966092940954,19.34585208995204
30.533966092940954,10.89145308694803
30.553966092940954,41.391694935177355
30.573966092940953,30.077244054199895
30.593966092940953,30.388848354668465
30.613966092940952,57.02037423698491
30.633966092940952,29.098865998820134
30.65396609294095,12.82028355356286
30.67396609294095,23.87953314585902
30.69396609294095,16.085808391393808
30.71396609294095,21.870004430277955
30.73396609294095,21.7978405762079
30.75396609294095,19.948533271465195
30.77396609294095,11.88098507702859
30.79396609294095,41.73385180517045
30.813966092940948,28.792333659488488
30.833966092940948,23.544143042946487
30.853966092940947,33.37024430755407
30.873966092940947,30.49953385037891
30.893966092940946,28.54075600529252
30.913966092940946,32.62880948750498
30.933966092940945,27.113148804865354
30.953966092940945,32.4709810896347
30.973966092940945,33.294847245475694
30.993966092940944,27.38586188810619
31.013966092940944,23.549672507580784
31.033966092940943,41.05253098513139
31.053966092940943,20.96446574381845
31.073966092940942,29.65153797934081
31.093966092940942,29.872399598191006
31.11396609294094,19.632643185800084
31.13396609294094,17.644896794565653
31.15396609294094,22.17949211955944
31.17396609294094,20.790728238157776
31.19396609294094,11.126468376025088
31.21396609294094,19.187693190350327
31.23396609294094,28.359736705453003
31.25396609294094,38.351798384418046
31.273966092940938,31.231124438598776
31.293966092940938,0.0
31.313966092940937,32.089923982093964
31.333966092940937,20.09019621908096
31.353966092940937,30.19733500811796
31.373966092940936,25.519994811964928
31.393966092940936,23.729277265625974
31.413966092940935,24.628595368871046
31.433966092940935,25.421501707370457
31.453966092940934,39.08457969214591
31.473966092940934,25.438706341208384
31.493966092940934,36.48544086438806
31.513966092940933,35.0239026113301
31.533966092940933,32.29005696888704
31.553966092940932,7.748163971928154
31.573966092940932,36.77542257514985
31.59396609294093,21.02482009277718
31.61396609294093,32.75583606594544
31.63396609294093,15.86795836451742
31.65396609294093,13.737262946484691
31.67396609294093,45.346600691528224
31.69396609294093,16.0075858798875
31.71396609294093,37.033179465460776
31.73396609294093,26.75100613789286
31.753966092940928,21.360285530725907
31.773966092940928,25.107873824365637
31.793966092940927,12.539887638577692
31.813966092940927,25.407952147265885
31.833966092940926,14.712749567489885
31.853966092940926,21.580364970422693
31.873966092940925,34.782442224809245
31.893966092940925,28.065990507113092
31.913966092940925,10.697009414478785
31.933966092940924,34.028219859965
31.953966092940924,25.43695870556037
31.973966092940923,20.080714941173376
31.993966092940923,32.963935552284674
32.013966092940926,23.819702639209556
32.03396609294092,13.829749734122002
32.05396609294092,43.95904602086749
32.07396609294092,25.302653920241724
32.093966092940924,24.656249437310077
32.11396609294092,21.413616608637664
32.133966092940916,37.258886295809106
32.15396609294092,20.204998147245835
32.17396609294092,9.998532740809022
32.19396609294092,18.656096603749646
32.213966092940915,38.70515493528419
32.23396609294092,33.753260088310896
32.25396609294092,22.876305345872446
32.27396609294092,39.15353056410336
32.29396609294091,32.894912608426566
32.313966092940916,22.744101774454638
32.33396609294092,23.745395889285913
32.353966092940915,28.692164748986123
32.37396609294091,17.074604902720562
32.393966092940914,25.433006025740557
32.41396609294092,28.467564010415852
32.43396609294091,8.507237015083824
32.45396609294091,23.478159276546222
32.47396609294091,22.33525783472982
32.493966092940916,35.640951180209214
32.51396609294091,6.90974646174136
32.53396609294091,21.534095770071648
32.55396609294091,20.5260432297325
32.573966092940914,34.93872726889393
32.59396609294091,24.89697407339204
32.613966092940906,43.287802593040794
32.63396609294091,31.943400578235824
32.65396609294091,21.21344171419195
32.67396609294091,27.706657813949754
32.693966092940904,21.763776263409785
32.71396609294091,33.89281310835308
32.73396609294091,11.971257275628467
32.75396609294091,17.05065122782068
32.7739660929409,29.838881165160522
32.793966092940906,37.533911875198385
32.81396609294091,3.251021278401815
32.833966092940905,39.009773716232985
32.8539660929409,23.858059074525187
32.873966092940904,6.415004049104759
32.89396609294091,0.0
32.9139660929409,9.948563236409544
32.9339660929409,25.03970229496583
32.9539660929409,24.572092026618506
32.973966092940906,31.557392916776962
32.9939660929409,19.724827594083738
33.0139660929409,14.133599361633046
33.0339660929409,21.077441083652808
33.053966092940904,25.538702662698615
33.0739660929409,27.504617297014068
33.093966092940896,17.299526650590938
33.1139660929409,34.19991970593006
33.1339660929409,18.965758829452398
33.1539660929409,16.47682157387632
33.173966092940894,19.744343580667397
33.1939660929409,35.91091875988396
33.2139660929409,23.828805671746178
33.233966092940896,18.205883261056115
33.25396609294089,34.406338800679585
33.273966092940896,46.56698463550839
33.2939660929409,27.230558475884912
33.313966092940895,37.46638461674729
33.33396609294089,35.48296238925062
33.353966092940894,19.06000326404454
33.3739660929409,25.376955525847645
33.39396609294089,12.279375429465924
33.41396609294089,23.049602154917377
33.43396609294089,18.831319327569943
33.453966092940895,21.058556777301476
33.47396609294089,17.58265451710748
33.49396609294089,22.20482040412922
33.51396609294089,30.39229419894118
33.533966092940894,23.86922229885773
33.55396609294089,6.4145787311666815
33.573966092940886,17.591269625447662
33.59396609294089,9.852641596576202
33.61396609294089,27.481392533495015
33.63396609294089,30.068114391321483
33.653966092940884,27.594568793811412
33.67396609294089,17.14918383597107
33.69396609294089,27.485903645007326
33.713966092940886,20.310353793614492
33.73396609294088,13.62336928614222
33.753966092940885,32.41904586967719
33.77396609294089,33.17414257725126
33.793966092940884,34.476933718650194
33.81396609294088,18.898602297574012
33.833966092940884,36.769816359113
33.85396609294089,20.034471219316117
33.87396609294088,31.49940303647049
33.89396609294088,19.849354901936458
33.91396609294088,22.712747212660148
33.933966092940885,0.7348732607170305
33.95396609294088,21.921598350898964
33.97396609294088,25.845704521349433
33.99396609294088,20.828378758279317
34.01396609294088,42.48482143320271
34.03396609294088,13.292341483586608
34.053966092940875,19.275247336393765
34.07396609294088,15.856386786336591
34.09396609294088,19.261392105245463
34.11396609294088,35.2073373859413
34.133966092940874,39.6675654355646
34.15396609294088,17.873358015401948
34.17396609294088,17.645241248311883
34.193966092940876,13.29805868134528
34.21396609294087,37.926223487149
34.233966092940875,36.06743413087584
34.25396609294088,23.791588508832547
34.273966092940874,10.884427022086498
34.29396609294087,11.772801858642508
34.31396609294087,26.53972661891406
34.33396609294088,30.32081199741902
34.35396609294087,4.159981578871541
34.37396609294087,21.602323480307337
34.39396609294087,40.992370600579065
34.413966092940875,22.628304942989807
34.43396609294087,39.69375942871775
34.45396609294087,31.281817551392166
34.47396609294087,13.942534246294606
34.49396609294087,21.852587588025965
34.51396609294087,23.48632469938213
34.533966092940865,15.242114285882131
34.55396609294087,15.062508961724538
34.57396609294087,39.822830697400505
34.59396609294087,14.97549055137613
34.61396609294086,35.527405892548614
34.63396609294087,20.372145155398837
34.65396609294087,24.474537903611015
34.673966092940866,30.343313123414124
34.69396609294086,18.73321644815435
34.713966092940865,30.391777068311193
34.73396609294087,4.242364236453302
34.753966092940864,29.09765897948546
34.77396609294086,0.009204300289116674
34.79396609294086,22.419955339394885
34.813966092940866,33.22476615209857
34.83396609294086,30.899199706653768
34.85396609294086,11.686048880700374
34.87396609294086,12.967413433208293
34.893966092940865,17.771237436804345
34.91396609294086,26.514013654061582
34.93396609294086,4.326417087562852
34.95396609294086,24.50740397662084
34.97396609294086,27.747821032326183
34.99396609294086,21.79703987948196
35.013966092940855,29.874502619779058
35.03396609294086,26.85241265330988
35.05396609294086,19.19250350916148
35.07396609294086,5.241024458530784
35.09396609294085,25.930917782259694
35.113966092940856,15.059899189714374
35.13396609294086,18.80108946149308
35.153966092940856,29.369617773068605
35.17396609294085,38.74556634895672
35.193966092940855,24.185485261834508
35.21396609294086,30.100585925448428
35.233966092940854,10.108992319925612
35.25396609294085,27.00286684024329
35.27396609294085,23.942414103385325
35.293966092940856,36.8275889099682
35.31396609294085,19.124565163321385
35.33396609294085,22.106607790916453
35.35396609294085,35.10495991451117
35.373966092940854,23.590305864282517
35.39396609294085,13.416055807503342
35.413966092940846,50.0146254952315
35.43396609294085,13.706185603437905
35.45396609294085,23.838930251026586
35.47396609294085,27.946627834464415
35.493966092940845,27.149733972911275
35.51396609294085,22.569931874376138
35.53396609294085,22.613572687215093
35.55396609294085,22.105662676591713
35.57396609294084,13.289445192269726
35.593966092940846,45.94477587561299
35.61396609294085,22.236472044722177
35.633966092940845,30.39948620060987
35.65396609294084,21.077440328930077
35.673966092940844,20.870122421201
35.69396609294085,19.857110385516396
35.713966092940844,8.906874651036304
35.73396609294084,22.79290432251387
35.75396609294084,20.32282007022131
35.773966092940846,36.10192031468959
35.79396609294084,12.413450398992227
35.81396609294084,18.602753916697203
35.83396609294084,15.383592930375773
35.853966092940844,38.787071254823815
35.87396609294084,15.661450416928341
35.893966092940836,29.97229872035383
35.91396609294084,34.044678294491625
35.93396609294084,22.875595636218815
35.95396609294084,10.562473856396569
35.973966092940834,10.682802341971334
35.99396609294084,32.91573661265168
36.01396609294084,11.705908805953296
36.03396609294084,28.225866150898565
36.05396609294083,25.44284022485332
36.073966092940836,28.064421119025088
36.09396609294084,29.002689589485268
36.113966092940835,14.943877010732972
36.13396609294083,14.51904454035934
36.153966092940834,31.417337301755055
36.17396609294084,17.96835766294631
36.19396609294083,0.0
36.21396609294083,30.736826987699466
36.23396609294083,13.880393606520409
36.253966092940836,28.908096014034726
36.27396609294083,38.15868476832295
36.29396609294083,24.39181820331565
36.31396609294083,34.1755776412258
36.333966092940834,25.74962018518243
36.35396609294083,40.07965910078612
36.373966092940826,13.578015578675352
36.39396609294083,24.110656139268457
36.41396609294083,30.918139724352166
36.43396609294083,22.276122310664647
36.453966092940824,35.69614455345342
36.47396609294083,19.847272420329258
36.49396609294083,44.855091105603805
36.51396609294083,45.37706497430565
36.53396609294082,26.969518827541926
36.553966092940826,29.668518216950154
36.57396609294083,36.05292695527492
36.593966092940825,12.257943455533512
36.61396609294082,11.003620829322225
36.633966092940824,36.681512350840116
36.65396609294083,26.850908910593876
36.67396609294082,21.839671455566446
36.69396609294082,24.20965549667876
36.71396609294082,0.23170525582239065
36.733966092940825,22.180193738249784
36.75396609294082,16.549047182713892
36.77396609294082,33.25393382713692
36.79396609294082,34.01724701656426
36.813966092940824,29.82752216306769
36.83396609294082,28.00925855295371
36.853966092940816,9.075632776719694
36.87396609294082,29.951220373546978
36.89396609294082,30.337656135393804
36.91396609294082,36.502252357504126
36.933966092940814,45.25710575703049
36.95396609294082,7.214165583894992
36.97396609294082,20.40497607982759
36.993966092940816,17.190181349686036
37.01396609294081,26.997044729522354
37.033966092940815,26.687564539045077
37.05396609294082,26.593698004789925
37.073966092940815,43.440775660099476
37.09396609294081,29.338423469865482
37.113966092940814,41.617961216320246
37.13396609294082,59.91091182298267
37.15396609294081,93.40550857565653
37.17396609294081,122.66861312458049
37.19396609294081,185.51659135758106
37.213966092940815,249.59868686142147
37.23396609294081,322.41462486851555
37.25396609294081,429.3324540209525
37.27396609294081,516.8046494754688
37.29396609294081,624.3862469249126
37.31396609294081,699.3427627295756
37.333966092940805,771.0738228378468
37.35396609294081,810.6135820094679
37.37396609294081,830.861443993772
37.39396609294081,820.7855512720124
37.413966092940804,762.3448945851713
37.43396609294081,699.8808336864381
37.45396609294081,597.9793151664993
37.473966092940806,516.9893111547485
37.4939660929408,407.0756990510689
37.513966092940805,331.8316132381921
37.53396609294081,245.94018894781394
37.553966092940804,196.4360475600916
37.5739660929408,119.74492178615711
37.5939660929408,79.54752647008553
37.61396609294081,62.0759024632158
37.6339660929408,36.859951512231206
37.6539660929408,25.620915626372692
37.6739660929408,38.75419526019266
37.693966092940805,28.439927059905617
37.7139660929408,21.404118793968244
37.7339660929408,21.102255001413297
37.7539660929408,18.3636012802365
37.7739660929408,40.52275019316924
37.7939660929408,16.51082096412075
37.813966092940795,10.571647441614466
37.8339660929408,31.71823356462791
37.8539660929408,21.58178226722184
37.8739660929408,44.11592294175744
37.89396609294079,18.457948636572958
37.9139660929408,32.17283422964197
37.9339660929408,34.52839333771196
37.953966092940796,18.486648306419475
37.97396609294079,16.26444070405421
37.993966092940795,31.100973924498053
38.0139660929408,29.42989411154221
38.033966092940794,9.568542329819795
38.05396609294079,12.383956241592196
38.07396609294079,0.0
38.093966092940796,29.609521144532767
38.11396609294079,21.031051317731595
38.13396609294079,22.02149012692639
38.15396609294079,6.7222249117435915
38.173966092940795,12.649314397124908
38.19396609294079,18.84442135180018
38.21396609294079,16.894427558765557
38.23396609294079,24.78971795462367
38.25396609294079,29.439712684532523
38.27396609294079,46.294831932523806
38.293966092940785,23.392211386635886
38.31396609294079,34.74008441412751
38.33396609294079,15.28000678163478
38.35396609294079,6.82394886513508
38.37396609294078,20.044073729543303
38.393966092940786,7.58355194107399
38.41396609294079,23.701180479209338
38.433966092940786,15.743588037775572
38.45396609294078,3.9990967014120926
38.473966092940785,40.89574414751479
38.49396609294079,18.153558534778824
38.513966092940784,7.1466664933776585
38.53396609294078,32.49826218804733
38.55396609294078,16.224086344002032
38.573966092940786,34.40557694208294
38.59396609294078,16.163660866630906
38.61396609294078,18.082315914562137
38.63396609294078,26.933299534370107
38.653966092940784,29.410866910765478
38.67396609294078,31.157202206051785
38.69396609294078,22.568646262149148
38.71396609294078,28.745918792735623
38.73396609294078,30.909732708194483
38.75396609294078,25.45283424349167
38.773966092940775,22.01425912420155
38.79396609294078,8.98158937677579
38.81396609294078,29.419980255410213
38.83396609294078,23.843676756881763
38.85396609294077,19.279483592212355
38.873966092940776,36.18700939732347
38.89396609294078,9.124714396444844
38.913966092940775,39.83712018492345
38.93396609294077,23.167731915189997
38.953966092940775,26.559355544421436
38.97396609294078,19.427443082575664
38.993966092940774,6.700867004785586
39.01396609294077,21.96921050417868
39.03396609294077,26.70647339627751
39.053966092940776,30.11499513259849
39.07396609294077,21.366126551126516
39.09396609294077,1.414779539140259
39.11396609294077,7.91728549275464
39.133966092940774,43.8478177583351
39.15396609294077,12.395985882819883
39.173966092940766,37.58556614347796
39.19396609294077,13.96793169114448
39.21396609294077,21.47796915894519
39.23396609294077,29.548341752769673
39.253966092940765,15.088047324121717
39.27396609294077,39.205877536258775
39.29396609294077,24.034745926628094
39.31396609294077,27.879708777709507
39.33396609294076,20.58887002773352
39.353966092940766,29.84588461869582
39.37396609294077,39.040352657951715
39.393966092940765,21.93331128741185
39.41396609294076,40.537045891519426
39.433966092940764,17.117709159735202
39.45396609294077,30.868378858577785
39.47396609294076,28.112315033973744
39.49396609294076,12.529106159058108
39.51396609294076,25.346781177351854
39.533966092940766,23.27610280823372
39.55396609294076,14.664283042258543
39.57396609294076,26.769992621695874
39.59396609294076,24.646629337877236
39.613966092940764,22.451632145940533
39.63396609294076,22.48549683869704
39.653966092940756,22.264941041230795
39.67396609294076,19.481821732954
39.69396609294076,24.55093544713367
39.71396609294076,16.707231184371846
39.733966092940754,49.70824931603127
39.75396609294076,9.040605345125883
39.77396609294076,17.280362753832225
39.79396609294076,18.064090557572623
39.81396609294075,43.52023619733095
39.833966092940756,9.90774840143676
39.85396609294076,27.362113147379297
39.873966092940755,25.58062852626123
39.89396609294075,26.426511095574277
39.913966092940754,35.447722335503784
39.93396609294076,35.23638947773386
39.95396609294075,18.562335318996805
39.97396609294075,25.00588833889568
39.99396609294075,4.418506360764177
40.013966092940755,24.044272207148925
40.03396609294075,15.107265907303514
40.05396609294075,21.177156636487265
40.07396609294075,6.181085627892092
40.093966092940754,27.07735321542613
40.11396609294075,6.056772179570704
40.133966092940746,24.499136727946933
40.15396609294075,10.74506901481294
40.17396609294075,14.507551661672576
40.19396609294075,34.54512291213646
40.213966092940744,28.870824047801914
40.23396609294075,34.47752151833856
40.25396609294075,38.576609893251316
40.273966092940746,15.24480281972712
40.29396609294074,37.95676075733614
40.313966092940746,8.305844754484456
40.33396609294075,30.415764809230875
40.353966092940745,18.01524745206352
40.37396609294074,13.639489315326882
40.393966092940744,29.08105859039074
40.41396609294075,32.379747399219795
40.43396609294074,32.07679132130668
40.45396609294074,25.066584750803507
40.47396609294074,24.23144040442311
40.493966092940745,28.174417922216946
40.51396609294074,25.93728066183168
40.53396609294074,28.30708933384983
40.55396609294074,24.92741979284074
40.57396609294074,31.309160905470108
40.59396609294074,6.603145331011373
40.613966092940736,21.556392661695217
40.63396609294074,9.024569792569729
40.65396609294074,25.623965550443707
40.67396609294074,39.2701611236743
40.693966092940734,18.103928906244406
40.71396609294074,24.1112177815491
40.73396609294074,30.397488795384636
40.753966092940736,2.149319933255594
40.77396609294073,17.599375493816172
40.793966092940735,26.459571454322077
40.81396609294074,0.0
40.833966092940734,13.034209559116265
40.85396609294073,33.80481935039455
40.873966092940734,32.820157319360376
40.89396609294074,26.527322880746112
40.91396609294073,31.60007291494413
40.93396609294073,24.923098406814184
40.95396609294073,28.319968345064417
40.973966092940735,19.6034490735558
40.99396609294073,23.912083588096678
41.01396609294073,16.424227219528376
41.03396609294073,35.376742600511136
41.05396609294073,37.95148510118511
41.07396609294073,36.52900465535525
41.093966092940725,18.642778490835738
41.11396609294073,13.180119012453254
41.13396609294073,35.48159317359628
41.15396609294073,28.144929635730172
41.173966092940724,25.985705974724034
41.19396609294073,16.357550587866367
41.21396609294073,26.944522391871892
41.233966092940726,11.829120469614098
41.25396609294072,29.01654542247131
41.273966092940725,36.458813670073425
41.29396609294073,38.974430964457255
41.313966092940724,29.743248979020454
41.33396609294072,8.831829937564594
41.35396609294072,24.619387844517945
41.37396609294073,44.03694920445322
41.39396609294072,13.948065237904643
41.41396609294072,22.036418963394798
41.43396609294072,36.75753595446776
41.453966092940725,28.787693617008237
41.47396609294072,47.411983838841294
41.49396609294072,15.275797219364046
41.51396609294072,12.701007933869693
41.53396609294072,34.833899193240555
41.55396609294072,10.627941921769928
41.573966092940715,20.613136033882597
41.59396609294072,21.91844256098963
41.61396609294072,32.92889922289322
41.63396609294072,28.705785062610488
41.65396609294071,27.12785985326801
41.67396609294072,18.527011719371075
41.69396609294072,34.69547495575978
41.713966092940716,62.797793960334644
41.73396609294071,29.446497813874185
41.753966092940715,23.52452673703751
41.77396609294072,9.543307355779877
41.793966092940714,16.14125956572493
41.81396609294071,20.37311332352273
41.83396609294071,17.15835949715695
41.853966092940716,22.337734445941493
41.87396609294071,40.272829127016834
41.89396609294071,34.95849779851264
41.91396609294071,20.89266644593349
41.933966092940715,10.392363891436478
41.95396609294071,35.84301425803233
41.97396609294071,21.97297437047927
41.99396609294071,5.192696932049891
42.01396609294071,29.576191284591026
42.03396609294071,32.702950703886685
42.053966092940705,0.0
42.07396609294071,14.188939601640648
42.09396609294071,21.32415435274613
42.11396609294071,29.76801695872171
42.1339660929407,17.25966033779426
42.153966092940706,14.08993048290093
42.17396609294071,29.67727031985322
42.193966092940705,17.716587433712686
42.2139660929407,27.81459606111294
42.233966092940705,11.273136461179591
42.25396609294071,8.859211361934832
42.273966092940704,29.929486782981723
42.2939660929407,24.89625309455206
42.3139660929407,31.589875260470766
42.333966092940706,17.033657029738727
42.3539660929407,14.402808320590497
42.3739660929407,35.955329744282466
42.3939660929407,7.112837990910444
42.413966092940704,34.851322744570766
42.4339660929407,35.53605803084191
42.453966092940696,30.926206704678506
42.4739660929407,15.44154232204627
42.4939660929407,14.148690400535877
42.5139660929407,20.20768768030949
42.533966092940695,9.352170672685457
42.5539660929407,12.67995489370509
42.5739660929407,28.738570667419502
42.5939660929407,28.77905721780288
42.61396609294069,11.784161606872374
42.633966092940696,29.035478516586714
42.6539660929407,26.811647028339237
42.673966092940695,37.3618368614521
42.69396609294069,27.948704638361292
42.713966092940694,32.83752224416217
42.7339660929407,27.016864717833233
42.75396609294069,32.03976268097895
42.77396609294069,9.363688623638046
42.79396609294069,21.011810533361942
42.813966092940696,21.833830163584118
42.83396609294069,19.780573632053837
42.85396609294069,26.651381142527534
42.87396609294069,28.55081952637209
42.893966092940694,26.124277552128554
42.91396609294069,20.42741349349255
42.933966092940686,14.835874966960244
42.95396609294069,33.16425150754444
42.97396609294069,25.695741106522988
42.99396609294069,12.033642499785286
43.013966092940684,20.337374623476386
43.03396609294069,4.963987643336413
43.05396609294069,23.00794274941087
43.07396609294069,21.180756591109702
43.09396609294068,18.384319796200497
43.113966092940686,41.71579719534502
43.13396609294069,17.311845205754125
43.153966092940685,40.89138696462264
43.17396609294068,63.502575736977505
43.193966092940684,64.15904060392748
43.21396609294069,69.94064551285473
43.23396609294068,81.9859320746859
43.25396609294068,109.70637163874176
43.27396609294068,156.21248412563003
43.293966092940686,196.5863949268965
43.31396609294068,243.51836102889047
43.33396609294068,295.72380803269806
43.35396609294068,343.2819432870749
43.373966092940684,387.1894494713931
43.39396609294068,396.68872685343496
43.413966092940676,414.65687520027205
43.43396609294068,416.52962873218115
43.45396609294068,397.4464964365533
43.47396609294068,385.8283950274846
43.493966092940674,328.15344097107436
43.51396609294068,262.60218489417866
43.53396609294068,234.62001842808465
43.553966092940676,190.0461039003994
43.57396609294067,142.6011164498667
43.593966092940676,97.60636721828357
43.61396609294068,100.27955788972146
43.633966092940675,51.64409459234794
43.65396609294067,54.36664908793104
43.673966092940674,39.79840338290545
43.69396609294068,37.311521445435055
43.71396609294067,44.32562367420384
43.73396609294067,30.46192995753801
43.75396609294067,17.88280707130827
43.773966092940675,33.77652532879689
43.79396609294067,16.009901877269996
43.81396609294067,23.755852853245663
43.83396609294067,9.090496655852727
43.853966092940674,11.640199316627653
43.87396609294067,22.462640952355695
43.893966092940666,25.616363494581734
43.91396609294067,4.903085934327869
43.93396609294067,26.89335404951094
43.95396609294067,13.720477611174443
43.973966092940664,34.70624394020682
43.99396609294067,18.384433514406297
44.01396609294067,10.662614873967776
44.033966092940666,22.651662908487463
44.05396609294066,12.726058245019477
44.073966092940665,34.57265887853828
44.09396609294067,21.88331613509999
44.113966092940665,20.35606155597317
44.13396609294066,27.785658775314836
44.153966092940664,11.813002062983358
44.17396609294067,8.96577485464705
44.19396609294066,25.935669257676466
44.21396609294066,10.850295560402973
44.23396609294066,10.841757421909252
44.253966092940665,30.204282752031816
44.27396609294066,27.082234201407402
44.29396609294066,9.28817553991276
44.31396609294066,15.629995618814732
44.33396609294066,12.778932813227103
44.35396609294066,39.574340937977816
44.373966092940655,30.86615909830269
44.39396609294066,17.592520527414475
44.41396609294066,27.55783736530165
44.43396609294066,8.228957436149374
44.453966092940654,15.059293965987266
44.47396609294066,22.82933169818089
44.49396609294066,26.297957489157497
44.513966092940656,20.796017119137442
44.53396609294065,24.245709295184902
44.553966092940655,22.543912058081304
44.57396609294066,20.119754185089594
44.593966092940654,18.789060525919815
44.61396609294065,17.482863478797235
44.63396609294065,24.05989058429386
44.65396609294066,25.843682236557314
44.67396609294065,23.714136437842036
44.69396609294065,9.939600277663502
44.71396609294065,11.73132589156425
44.733966092940655,25.704463719451503
44.75396609294065,36.427427574636816
44.77396609294065,23.229905761763895
44.79396609294065,17.584131289233067
44.81396609294065,23.939291945101726
44.83396609294065,10.322752870299436
44.853966092940645,34.775486112869935
44.87396609294065,23.547091211170518
44.89396609294065,14.981680638262967
44.91396609294065,20.00340891856953
44.93396609294064,16.396119891980202
44.95396609294065,34.77830845700592
44.97396609294065,19.634342132784482
44.993966092940646,23.20554270809604
45.01396609294064,27.384299933454994
45.033966092940645,14.23452736864299
45.05396609294065,23.57445404533613
45.073966092940644,24.376889012956006
45.09396609294064,6.086927020131538
45.11396609294064,24.149870024671305
45.133966092940646,21.16048240817182
45.15396609294064,22.91297193251638
45.17396609294064,21.964820151932834
45.19396609294064,24.19544382296627
45.213966092940645,34.972407516260404
45.23396609294064,9.799139413081281
45.25396609294064,18.167936580544477
45.27396609294064,28.250900772736077
45.29396609294064,26.389235872625964
45.31396609294064,26.169303624401618
45.333966092940635,49.10629934543481
45.35396609294064,27.707169748345066
45.37396609294064,32.87048802760706
45.39396609294064,18.485693292436224
45.41396609294063,11.622602234519173
45.433966092940636,18.403872068890045
45.45396609294064,28.661976776153004
45.473966092940636,25.60599064479286
45.49396609294063,25.565571187069846
45.513966092940635,19.384967366972543
45.53396609294064,17.785747188421475
45.553966092940634,19.720571481408978
45.57396609294063,28.759277398382668
45.59396609294063,29.91718459381351
45.613966092940636,11.442889692134116
45.63396609294063,29.12413613960102
45.65396609294063,14.988911092188667
45.67396609294063,26.18076128894785
45.693966092940634,19.567317251294668
45.71396609294063,37.14029862653777
45.733966092940626,17.297113873637496
45.75396609294063,23.259434190973142
45.77396609294063,27.53471158365011
45.79396609294063,12.724664358466628
45.813966092940625,20.731163800805675
45.83396609294063,18.789375666070434
45.85396609294063,16.31258851539866
45.87396609294063,17.049000869771263
45.89396609294062,32.56189311714017
45.913966092940626,15.451764773371172
45.93396609294063,27.096884684912702
45.953966092940625,24.574298385711927
45.97396609294062,7.454098502771739
45.993966092940624,26.61115414574316
46.01396609294063,7.279896588577895
46.033966092940624,27.691524734067464
46.05396609294062,16.334276646792883
46.07396609294062,21.485461113590777
46.093966092940626,8.454593482717419
46.11396609294062,22.616829525778737
46.13396609294062,30.658132710722562
46.15396609294062,13.314605440327954
46.173966092940624,15.308229014594989
46.19396609294062,25.921759250800317
46.213966092940616,26.167390391935786
46.23396609294062,0.0
46.25396609294062,41.51661414816806
46.27396609294062,26.643770595513942
46.293966092940614,28.323116705815785
46.31396609294062,19.914229025002538
46.33396609294062,2.7918109230083274
46.35396609294062,28.088288261977993
46.37396609294061,15.684918149588189
46.393966092940616,26.771855315043027
46.41396609294062,19.140276788175097
46.433966092940615,23.704439593202643
46.45396609294061,13.569849510164659
46.473966092940614,29.95947950155884
46.49396609294062,9.427585676286208
46.51396609294061,43.76286558319033
46.53396609294061,43.68246221868156
46.55396609294061,37.625785559776645
46.573966092940616,34.04940271362763
46.59396609294061,20.4449617559459
46.61396609294061,32.951754226914964
46.63396609294061,20.320373383708972
46.653966092940614,5.742823523991365
46.67396609294061,36.305883066726246
46.693966092940606,32.557992952647936
46.71396609294061,20.952246077902295
46.73396609294061,9.009692863184625
46.75396609294061,15.395436420700802
46.773966092940604,3.041904572487695
46.79396609294061,30.700095684189222
46.81396609294061,5.2121337446588925
46.83396609294061,24.10947790554701
46.8539660929406,12.800191069368474
46.873966092940606,6.966055009351958
46.89396609294061,23.612614890174207
46.913966092940605,17.88705420490784
46.9339660929406,29.602932832230216
46.953966092940604,8.540992446630689
46.97396609294061,13.639911687770919
46.9939660929406,0.0
47.0139660929406,0.0
47.0339660929406,39.18307935014039
47.053966092940605,42.03318947658049
47.0739660929406,22.120530608585614
47.0939660929406,12.951052170072787
47.1139660929406,18.200931615526862
47.133966092940604,29.91725372152137
47.1539660929406,16.033722126021193
47.173966092940596,23.55006143998374
47.1939660929406,21.042282544180683
47.2139660929406,15.477846478024635
47.2339660929406,15.900185715533416
47.253966092940594,24.091471771922798
47.2739660929406,11.38554147007589
47.2939660929406,25.66788598455788
47.313966092940596,16.430982557888438
47.33396609294059,22.416634774772923
47.353966092940595,34.97878692787947
47.3739660929406,19.453450331932896
47.393966092940595,30.32963370032084
47.41396609294059,3.2074912660079775
47.433966092940594,16.420429243161607
47.4539660929406,21.397195189326744
47.47396609294059,40.349875429879575
47.49396609294059,1.5133175406609567
47.51396609294059,20.147019581890255
47.533966092940595,35.67229664554148
47.55396609294059,13.251504143134891
47.57396609294059,18.969630290668782
47.59396609294059,24.41172860010486
47.61396609294059,22.93575481268015
47.63396609294059,36.7447147429268
47.653966092940585,25.56809900479296
47.67396609294059,34.357450993320384
47.69396609294059,17.47600983329971
47.71396609294059,13.667220911854649
47.733966092940584,18.81163497746484
47.75396609294059,9.474238138211625
47.77396609294059,25.89679849468746
47.793966092940586,17.199323177726274
47.81396609294058,14.336648405681853
47.833966092940585,26.037564944793754
47.85396609294059,9.610276870352113
47.873966092940584,28.74892096395445
47.89396609294058,16.256999504951924
47.91396609294058,32.62782279979235
47.93396609294059,17.1059779653753
47.95396609294058,27.348956237196735
47.97396609294058,22.821999583680736
47.99396609294058,28.461921323050955
48.013966092940585,22.118908728160495
48.03396609294058,4.382013400028022
48.05396609294058,31.10048114380136
48.07396609294058,20.13228528097991
48.09396609294058,28.90085457463221
48.11396609294058,27.904748421701406
48.133966092940575,13.265919266260033
48.15396609294058,11.847541034411766
48.17396609294058,27.54566771184614
48.19396609294058,17.95625863078238
48.213966092940574,30.34968457833443
48.23396609294058,19.20003585995264
48.25396609294058,31.212807228962006
48.273966092940576,25.208429138271
48.29396609294057,23.85181976561902
48.313966092940575,17.228654078731456
48.33396609294058,23.289749164497813
48.353966092940574,32.89071786595285
48.37396609294057,20.416764571803423
48.39396609294057,26.26740280139699
48.413966092940576,21.416009111901584
48.43396609294057,22.19520955501247
48.45396609294057,38.180048282955994
48.47396609294057,32.96002343236769
48.493966092940575,21.733554519206233
48.51396609294057,23.080861343227173
48.53396609294057,13.914430390748905
48.55396609294057,19.20024580617767
48.57396609294057,24.020775881431472
48.59396609294057,29.42978154764662
48.613966092940565,28.412713190278552
48.63396609294057,9.824783168824016
48.65396609294057,30.684081493092304
48.67396609294057,20.023408816925386
48.69396609294056,11.038134458468996
48.71396609294057,34.268808788415576
48.73396609294057,35.53467578876585
48.753966092940566,23.53629107461971
48.77396609294056,27.98370373669733
48.793966092940565,28.56721732216384
48.81396609294057,34.84741534456614
48.833966092940564,28.167358731110703
48.85396609294056,7.606781455328701
48.87396609294056,40.97874357883228
48.893966092940566,31.53424796369745
48.91396609294056,15.779461130167624
48.93396609294056,10.575487721363551
48.95396609294056,25.91691917285594
48.973966092940564,18.083242084611758
48.99396609294056,24.16286479707348
49.01396609294056,28.294059661684553
49.03396609294056,15.19266357744037
49.05396609294056,9.693104969395268
49.07396609294056,24.70948325771698
49.093966092940555,15.514544966487364
49.11396609294056,22.30651758788415
49.13396609294056,7.409442856794284
49.15396609294056,18.318038775560183
49.17396609294055,27.98655503607681
49.193966092940556,26.893542632412125
49.21396609294056,12.94783061576073
49.233966092940555,9.145970751497519
49.25396609294055,20.98346682733782
49.273966092940555,26.43338476340341
49.29396609294056,24.872046450030528
49.313966092940554,15.695946264120948
49.33396609294055,23.79305021015784
49.35396609294055,35.835633006701904
49.373966092940556,22.860809119906698
49.39396609294055,4.475178298829125
49.41396609294055,22.83596791861339
49.43396609294055,41.24085261375389
49.453966092940554,7.924704630926394
49.47396609294055,21.09320075023345
49.493966092940546,18.529952693829735
49.51396609294055,21.74950104436516
49.53396609294055,22.730568958747863
49.55396609294055,32.18515482441171
49.573966092940545,21.630666938151975
49.59396609294055,33.552840343195086
49.61396609294055,19.60111047945793
49.63396609294055,17.273733235857794
49.65396609294054,14.080716678216259
49.673966092940546,2.5991333877671003
49.69396609294055,23.525286618580417
49.713966092940545,41.30495586696753
49.73396609294054,25.344799913162706
49.753966092940544,27.627422527625562
49.77396609294055,16.62715128170788
49.79396609294054,18.311657877555202
49.81396609294054,30.598945657084098
49.83396609294054,40.83701789752105
49.853966092940546,35.62712332323332
49.87396609294054,28.79766449528499
49.89396609294054,21.09430999904068
49.91396609294054,22.8375911415919
49.933966092940544,13.202938397299803
49.95396609294054,6.253957782295636
49.973966092940536,9.465282644701595
49.99396609294054,21.228911629868044
50.01396609294054,17.808645580195474
50.03396609294054,6.031819916609027
50.053966092940534,20.35068381421338
50.07396609294054,17.53730688451562
50.09396609294054,8.990825996323254
50.11396609294054,17.015240770409175
50.13396609294053,17.505229116248177
50.153966092940536,14.54612790219058
50.17396609294054,29.97695307027301
50.193966092940535,1.6789998775132524
50.21396609294053,0.8478016338902599
50.233966092940534,20.73643740639855
50.25396609294054,21.662651466792344
50.27396609294053,24.74134294574131
50.29396609294053,15.307280528796847
50.31396609294053,11.515613611654533
50.333966092940535,20.619538423138813
50.35396609294053,16.274778532172224
50.37396609294053,36.19914612732611
50.39396609294053,17.44404384765343
50.413966092940534,20.152361178322547
50.43396609294053,45.43630253391155
50.453966092940526,18.732439418280318
50.47396609294053,26.23954300178123
50.49396609294053,27.1390134757032
50.51396609294053,27.98789251018185
50.533966092940524,23.566717808613696
50.55396609294053,22.608234341646156
50.57396609294053,21.671162711653743
50.593966092940526,14.905886390517402
50.61396609294052,23.919031235746957
50.633966092940526,40.94833158208759
50.65396609294053,32.7667345149807
50.673966092940525,23.697150093104803
50.69396609294052,29.214334536401406
50.713966092940524,11.962356402413672
50.73396609294053,18.047085142889166
50.75396609294052,30.12880859353832
50.77396609294052,35.52009783556005
50.79396609294052,12.937892222563269
50.813966092940525,15.808811195838363
50.83396609294052,42.456604890143424
50.85396609294052,21.603624435758185
50.87396609294052,38.872808987857745
50.89396609294052,22.70595210309102
50.91396609294052,23.09738378034447
50.933966092940516,17.57888647507598
50.95396609294052,30.05757353970546
50.97396609294052,34.20803678939595
50.99396609294052,10.278490545971396
51.013966092940514,17.102271295883476
51.03396609294052,29.775838452599345
51.05396609294052,19.32785565218803
51.073966092940516,15.687788606587086
51.09396609294051,30.715378543489056
51.113966092940515,31.652815226023655
51.13396609294052,16.12020091771339
51.153966092940514,22.738638231453624
51.17396609294051,8.528588611410134
51.193966092940514,11.65690358638374
51.21396609294052,21.851753645129087
51.23396609294051,20.92257035415615
51.25396609294051,10.938155247548453
51.27396609294051,13.44560314599277
51.293966092940515,9.953337473910434
51.31396609294051,25.152831084531698
51.33396609294051,0.9243044619875889
51.35396609294051,10.483400628207516
51.37396609294051,1.968246531572568
51.39396609294051,24.786369735497832
51.413966092940505,2.567342494046734
51.43396609294051,20.910496897960854
51.45396609294051,36.98698461807482
51.47396609294051,37.324636460900535
51.493966092940504,2.5297857931672887
51.51396609294051,23.5715349967442
51.53396609294051,10.69631618033137
51.553966092940506,8.653271628428492
51.5739660929405,19.44854797015592
51.593966092940505,32.86478730844526
51.61396609294051,26.577105412272704
51.633966092940504,13.427761031423964
51.6539660929405,27.6281766610604
51.6739660929405,0.0
51.69396609294051,13.045749654619982
51.7139660929405,12.334996791638305
51.7339660929405,21.35583651709049
51.7539660929405,18.543080094621928
51.773966092940505,19.155391706097163
51.7939660929405,18.821663040909527
51.8139660929405,20.791699249149435
51.8339660929405,25.967717812717602
51.8539660929405,22.058512523565966
51.8739660929405,17.72049104033852
51.893966092940495,24.58031178157868
51.9139660929405,28.82289703934398
51.9339660929405,15.000248165812563
51.9539660929405,19.965338096234202
51.97396609294049,32.177302231775386
51.9939660929405,9.529513904102094
52.0139660929405,38.60303960057415
52.033966092940496,7.163377746250472
52.05396609294049,17.100204140206575
52.073966092940495,11.05088595362562
52.0939660929405,42.43100448124743
52.113966092940494,15.517195742762304
52.13396609294049,15.541258921581132
52.15396609294049,16.841170488456672
52.173966092940496,21.50368632150986
52.19396609294049,17.262253770297175
52.21396609294049,19.216829800243996
52.23396609294049,0.0
52.253966092940495,21.1153877248042
52.27396609294049,20.720920827257057
52.29396609294049,30.927620837297848
52.31396609294049,33.63163360804582
52.33396609294049,18.66304779278613
52.35396609294049,28.701536532314044
52.373966092940485,9.522688255422363
52.39396609294049,28.21094287452422
52.41396609294049,14.811917895242004
52.43396609294049,8.688870703542442
52.45396609294048,18.679141168150835
52.473966092940486,34.538948062436816
52.49396609294049,22.343487680744396
52.513966092940485,35.497535603659394
52.53396609294048,13.044561900337175
52.553966092940485,31.00964810145548
52.57396609294049,14.008797814591636
52.593966092940484,22.78295915395174
52.61396609294048,22.69578810643711
52.63396609294048,27.143177676087618
52.653966092940486,23.034980196680337
52.67396609294048,13.13505543125036
52.69396609294048,29.32931030090146
52.71396609294048,37.84215985973184
52.733966092940484,14.686926003765965
52.75396609294048,2.1720189523890703
52.773966092940476,25.5169280788317
52.79396609294048,17.21133432841148
52.81396609294048,19.211528785409804
52.83396609294048,26.08376718786256
52.853966092940475,15.957510834578537
52.87396609294048,17.83237414546813
52.89396609294048,19.519170646456626
52.91396609294048,35.21739039045997
52.93396609294047,20.82004549138818
52.953966092940476,8.162125333549334
52.97396609294048,8.559601280450336
52.993966092940475,21.910223524211172
53.01396609294047,9.223195788888448
53.033966092940474,4.894005693970534
53.05396609294048,26.871978525961513
53.07396609294047,27.361193991440107
53.09396609294047,16.83444926936107
53.11396609294047,23.452025471430087
53.133966092940476,22.396280266165654
53.15396609294047,26.53890226746322
53.17396609294047,26.561865356538977
53.19396609294047,0.0
53.213966092940474,18.108732554461135
53.23396609294047,25.692461946742384
53.253966092940466,16.408565431854726
53.27396609294047,20.874882370092354
53.29396609294047,28.019593793809932
53.31396609294047,21.32159767965505
53.333966092940464,35.59130426640174
53.35396609294047,31.781750746808356
53.37396609294047,19.32603821342315
53.39396609294047,18.531022950360995
53.41396609294046,0.0
53.433966092940466,17.24611272799155
53.45396609294047,6.978290906691505
53.473966092940465,22.723133810200316
53.49396609294046,22.039417483237226
53.513966092940464,27.469153345505077
53.53396609294047,34.47719935515013
53.55396609294046,20.247712632446785
53.57396609294046,43.31449579076321
53.59396609294046,22.83478632072343
53.613966092940466,7.408060588704002
53.63396609294046,14.889471898154941
53.65396609294046,16.782703241253248
53.67396609294046,26.431434828242345
53.693966092940464,11.037670869669196
53.71396609294046,17.530431087535785
53.733966092940456,18.8998206452502
53.75396609294046,16.029062413613122
53.77396609294046,28.6244848487243
53.79396609294046,26.923618968527688
53.813966092940454,32.176164002399034
53.83396609294046,17.20034192858338
53.85396609294046,32.535984030635696
53.87396609294046,6.870865640210074
53.89396609294045,6.627135172467957
53.913966092940456,8.37311654556453
53.93396609294046,20.603419103756202
53.953966092940455,32.53526566610677
53.97396609294045,14.490259573811178
53.993966092940454,15.744955772437178
54.01396609294046,18.351933277831822
54.03396609294045,26.240630645551054
54.05396609294045,15.736346535682124
54.07396609294045,15.178693729280923
54.093966092940455,7.059188000574771
54.11396609294045,14.796220439359075
54.13396609294045,32.28835359348254
54.15396609294045,21.423314262642922
54.173966092940454,13.115840794509854
54.19396609294045,32.876170953445225
54.213966092940446,14.662955149353214
54.23396609294045,34.715018527769764
54.25396609294045,34.55191869864762
54.27396609294045,21.076364998289094
54.293966092940444,5.531166908360575
54.31396609294045,43.41209542011638
54.33396609294045,24.39029055530122
54.353966092940446,17.27911411719364
54.37396609294044,30.07973153393416
54.393966092940445,27.5419619324769
54.41396609294045,33.62881289572099
54.433966092940445,13.89646050734374
54.45396609294044,23.70519518600737
54.473966092940444,8.662295090873165
54.49396609294045,27.184891360798037
54.51396609294044,20.292657396208806
54.53396609294044,23.332781019465365
54.55396609294044,19.05978228528242
54.573966092940445,18.013996067780436
54.59396609294044,11.842190978256568
54.61396609294044,28.429437008586092
54.63396609294044,35.422821074898174
54.65396609294044,14.959756670284508
54.67396609294044,26.062518570882872
54.693966092940435,24.849636743131285
54.71396609294044,20.609479302592057
54.73396609294044,5.263258268857767
54.75396609294044,7.513970229198398
54.773966092940434,12.720866094518883
54.79396609294044,0.0
54.81396609294044,34.61251783428502
54.833966092940436,24.210025897365224
54.85396609294043,20.234179933597336
54.873966092940435,0.0
54.89396609294044,2.2967167297997904
54.913966092940434,20.512849455098813
54.93396609294043,40.242014803593655
54.95396609294043,13.55153875981884
54.97396609294044,29.1768401936313
54.99396609294043,15.740729067989024
55.01396609294043,21.093052600208203
55.03396609294043,32.68841912921544
55.053966092940435,17.082998744971185
55.07396609294043,13.642414148809703
55.09396609294043,34.7251307325387
55.11396609294043,21.000979146536103
55.13396609294043,31.458441370365072
55.15396609294043,13.694904847560943
55.173966092940425,34.61515297849157
55.19396609294043,23.285714535001826
55.21396609294043,24.898362748568033
55.23396609294043,21.867838096124384
55.25396609294042,15.497867458539556
55.27396609294043,20.536875274064485
55.29396609294043,16.12890090600648
55.313966092940426,30.1513776281105
55.33396609294042,18.52647285807699
55.353966092940425,5.593113591687585
55.37396609294043,3.7651036767438733
55.393966092940424,3.2933284789365516
55.41396609294042,26.74140037398664
55.43396609294042,9.047846304091575
55.453966092940426,23.56495762089445
55.47396609294042,21.931069309602858
55.49396609294042,19.91947628742288
55.51396609294042,24.95186620394464
55.533966092940425,22.15211530847282
55.55396609294042,0.0
55.57396609294042,17.335400573634562
55.59396609294042,24.82399160382283
55.61396609294042,36.97710949358141
55.63396609294042,37.44019251835891
55.653966092940415,6.94546002869081
55.67396609294042,17.081074830740867
55.69396609294042,4.918556195200017
55.71396609294042,35.77994544261031
55.73396609294041,30.71106098473602
55.753966092940416,24.089795837789787
55.77396609294042,22.246297503450663
55.793966092940416,34.39310567339481
55.81396609294041,32.70150625545345
55.833966092940415,32.17017477276676
55.85396609294042,25.158013764245624
55.873966092940414,17.10043339478688
55.89396609294041,28.265479798283042
55.91396609294041,28.756179484858034
55.933966092940416,18.69092855791564
55.95396609294041,17.08637075562003
55.97396609294041,31.933563199502032
55.99396609294041,37.24317602259666
56.013966092940414,13.109655428911108
56.03396609294041,17.971458660030553
56.053966092940406,24.116182229879442
56.07396609294041,25.474481369050118
56.09396609294041,15.386481601792209
56.11396609294041,39.44701917765798
56.133966092940405,24.834447087975995
56.15396609294041,25.929023954715483
56.17396609294041,38.20574000263808
56.19396609294041,16.128006133417614
56.2139660929404,19.736040701384972
56.233966092940406,8.088888137867306
56.25396609294041,18.900370550847033
56.273966092940405,5.736378763004987
56.2939660929404,28.105940157557356
56.313966092940404,24.82922061445988
56.33396609294041,17.860380426913686
56.353966092940404,19.62867068856347
56.3739660929404,28.249420074438817
56.3939660929404,9.278657096242787
56.413966092940406,22.680172569428954
56.4339660929404,27.635481776766866
56.4539660929404,2.8195466432025142
56.4739660929404,27.493585067477923
56.493966092940404,3.9055118593410647
56.5139660929404,19.472137023446937
56.533966092940396,9.016130079673808
56.5539660929404,34.96448006096148
56.5739660929404,9.08279076281916
56.5939660929404,4.154103309852161
56.613966092940395,21.991538459511972
56.6339660929404,16.52301594622175
56.6539660929404,5.616036051430413
56.6739660929404,25.92229680989829
56.69396609294039,0.7512245626164571
56.713966092940396,10.30588971833339
56.7339660929404,14.918214885062064
56.753966092940395,28.69473354370784
56.77396609294039,33.629319212644546
56.793966092940394,31.704597823265622
56.8139660929404,19.14619113957636
56.83396609294039,0.0
56.85396609294039,24.591808303251337
56.87396609294039,35.39121083500059
56.893966092940396,33.02558675737162
56.91396609294039,25.319395897366185
56.93396609294039,8.79711516082929
56.95396609294039,15.441323655147947
56.973966092940394,40.03480244834365
56.99396609294039,6.531641765201437
57.013966092940386,9.222817362021818
57.03396609294039,30.129051566775857
57.05396609294039,16.394263897728386
57.07396609294039,8.890639292571699
57.093966092940384,35.990250347927685
57.11396609294039,25.323460264507098
57.13396609294039,16.897264636915313
57.15396609294039,9.259917593552682
57.17396609294038,41.19413513615487
57.193966092940386,20.477968727123045
57.21396609294039,34.69819882718415
57.233966092940385,29.663698806152148
57.25396609294038,15.520806769425851
57.273966092940384,15.602884129317653
57.29396609294039,35.19793101755517
57.31396609294038,35.36245598790739
57.33396609294038,1.9706373870924097
57.35396609294038,26.240128106385203
57.373966092940385,19.532719657794352
57.39396609294038,10.414192142810371
57.41396609294038,23.367454643685267
57.43396609294038,7.256609566537071
57.453966092940384,16.090621563775983
57.47396609294038,12.773049268661428
57.493966092940376,15.762499291514821
57.51396609294038,20.048266182021134
57.53396609294038,10.610037532229443
57.55396609294038,36.500161317923585
57.573966092940374,25.703884084448763
57.59396609294038,38.719376597164676
57.61396609294038,19.17565502499092
57.633966092940376,15.291277332849598
57.65396609294037,38.3660691764169
57.673966092940375,15.00406554198442
57.69396609294038,19.004506461559302
57.713966092940375,27.9906783565171
57.73396609294037,8.415737565871787
57.753966092940374,27.908747719090574
57.77396609294038,26.632090577881762
57.79396609294037,33.494705962192754
57.81396609294037,29.704744495678057
57.83396609294037,33.806943493946186
57.853966092940375,19.705815273121555
57.87396609294037,12.186219215182922
57.89396609294037,41.91567847568071
57.91396609294037,5.551783918261295
57.93396609294037,6.556538826873366
57.95396609294037,26.475893363744774
57.973966092940366,37.07743058176912
57.99396609294037,22.726049496111855
58.01396609294037,30.826562763905216
58.03396609294037,0.8784970122795315
58.053966092940364,15.844086972733049
58.07396609294037,2.103084615274515
58.09396609294037,28.649712142923516
58.113966092940366,5.376342947555168
58.13396609294036,8.073535181879013
58.153966092940365,25.995056893566375
58.17396609294037,31.476143335859867
58.193966092940364,19.271327472062396
58.21396609294036,26.565856097973594
58.23396609294036,26.245148988897228
58.25396609294037,18.71614874660699
58.27396609294036,9.92652628742772
58.29396609294036,26.525672711555508
58.31396609294036,27.010906824768263
58.333966092940365,29.823398966808764
58.35396609294036,24.007037936816996
58.37396609294036,9.204607059204266
58.39396609294036,27.7962540400829
58.41396609294036,20.88230158746356
58.43396609294036,16.07201163733182
58.453966092940355,17.956315123370782
58.47396609294036,14.003402846494991
58.49396609294036,29.797727270767922
58.51396609294036,6.7314707113298695
58.533966092940354,10.981100973363471
58.55396609294036,17.631587454670893
58.57396609294036,37.06019446563401
58.593966092940356,31.468874854119996
58.61396609294035,4.5210584049153475
58.633966092940355,34.446348089476395
58.65396609294036,34.430503822801356
58.673966092940354,9.199656526243306
58.69396609294035,0.0
58.71396609294035,20.224440861467222
58.733966092940356,32.174380334798954
58.75396609294035,36.8662487629489
58.77396609294035,12.24886290661884
58.79396609294035,38.4804467400991
58.813966092940355,0.0
58.83396609294035,17.287230798585313
58.85396609294035,16.799191336332342
58.87396609294035,32.498243010180126
58.89396609294035,33.96148578924357
58.91396609294035,30.524299685137663
58.933966092940345,7.480178271901956
58.95396609294035,29.615498329018727
58.97396609294035,26.08337056721873
58.99396609294035,4.284263512764387
59.01396609294034,0.33013917124074155
59.03396609294035,31.38385405794438
59.05396609294035,19.206665446527925
59.073966092940346,8.159548425745399
59.09396609294034,18.933374547817795
59.113966092940345,24.659242716496152
59.13396609294035,20.19407229016664
59.153966092940344,5.506487253212876
59.17396609294034,39.885696618996704
59.19396609294034,31.076099638425514
59.213966092940346,17.68395135833325
59.23396609294034,18.09059879888025
59.25396609294034,24.640252339129848
59.27396609294034,9.753011014857732
59.293966092940344,24.279849458932304
59.31396609294034,7.749634382128136
59.33396609294034,20.35550377012431
59.35396609294034,9.379031653272381
59.37396609294034,9.887821061983882
59.39396609294034,37.529814769670935
59.413966092940335,21.668788834045067
59.43396609294034,23.154549507002407
59.45396609294034,0.9706543026193195
59.47396609294034,15.118417081847124
59.49396609294033,25.704551095404476
59.513966092940336,23.03780129127549
59.53396609294034,0.0
59.553966092940335,23.175875669301597
59.57396609294033,24.774133674446734
59.593966092940335,33.95022821674823
59.61396609294034,14.564373095052094
59.633966092940334,0.0
59.65396609294033,11.157169204216679
59.67396609294033,10.158342710095424
59.693966092940336,28.50021168366512
59.71396609294033,0.0
59.73396609294033,16.657858187320958
59.75396609294033,35.40354758697303
59.773966092940334,21.22190094937356
59.79396609294033,30.117141353256407
59.813966092940326,4.740200120952061
59.83396609294033,5.142511977746668
59.85396609294033,35.53906872380857
59.87396609294033,22.18304821446048
59.893966092940325,22.207901960245355
59.91396609294033,9.997907201795883
59.93396609294033,22.19154327420067
59.95396609294033,9.728654153887952
59.97396609294032,33.06105152329445
59.993966092940326,48.47498466779053
60.01396609294033,26.040431972081077
60.033966092940325,14.855914772068687
60.05396609294032,0.0
60.073966092940324,4.369491812357509
60.09396609294033,36.76714839468626
60.11396609294032,10.931022076862616
60.13396609294032,17.519015409695513
60.15396609294032,27.785060974436007
60.173966092940326,36.059149502672575
60.19396609294032,19.244845849347215
60.21396609294032,17.19852318093351
60.23396609294032,21.965892237106225
60.253966092940324,14.977807110893147
60.27396609294032,15.52050981356842
60.293966092940316,25.382032827985604
60.31396609294032,23.12068986704965
60.33396609294032,42.58838401319356
60.35396609294032,25.66538858860927
60.373966092940314,32.792938586447384
60.39396609294032,10.573227222964686
60.41396609294032,26.542260969407575
60.43396609294032,14.065496868977672
60.45396609294031,25.2544784135277
60.473966092940316,28.189740379654182
60.49396609294032,21.807944621476665
60.513966092940315,45.38718833678468
60.53396609294031,35.59841690388439
60.553966092940314,33.095773774575314
60.57396609294032,28.970896738686903
60.59396609294031,38.966370488667664
60.61396609294031,6.9678099531571664
60.63396609294031,35.045087836726026
60.653966092940315,11.434580370635556
60.67396609294031,15.70841223092795
60.69396609294031,26.970520882608298
60.71396609294031,33.69360419916875
60.733966092940314,9.830455403190586
60.75396609294031,16.245605185229337
60.773966092940306,22.35121998719661
60.79396609294031,19.517097565680032
60.81396609294031,29.925949617779658
60.83396609294031,55.749789592424456
60.853966092940304,25.588617971338078
60.87396609294031,14.04835697625623
60.89396609294031,8.440161533504986
60.913966092940306,18.157642188149087
60.9339660929403,12.012631941765205
60.953966092940306,26.095591185600075
60.97396609294031,25.94528506499654
60.993966092940305,16.79837507246373
61.0139660929403,41.2846086270596
61.033966092940304,14.085599620943604
61.05396609294031,20.250789402720777
61.0739660929403,27.841766944790777
61.0939660929403,30.375742355166068
61.1139660929403,34.23602468337914
61.133966092940305,25.75030321874629
61.1539660929403,31.979557299395324
61.1739660929403,14.824453327183628
61.1939660929403,30.66147229153639
61.213966092940304,30.53307470612789
61.2339660929403,36.619793335896475
61.253966092940296,4.811722908407187
61.2739660929403,12.42942076678038
61.2939660929403,29.73784354952642
61.3139660929403,0.0
61.333966092940294,26.436897947362873
61.3539660929403,32.12010086157236
61.3739660929403,15.76353734492894
61.393966092940296,17.23063582390307
61.41396609294029,10.79642114460953
61.433966092940295,16.327594990026242
61.4539660929403,16.622665507312043
61.473966092940294,14.725234881998219
61.49396609294029,14.182175699508136
61.513966092940294,18.854232220950685
61.5339660929403,18.73857223830733
61.55396609294029,40.31628244180067
61.57396609294029,17.63847277432904
61.59396609294029,25.027199834378813
61.613966092940295,15.822254169939608
61.63396609294029,15.700524924405737
61.65396609294029,4.558188830045836
61.67396609294029,5.893655920770481
61.69396609294029,9.542772451306734
61.71396609294029,23.45517309229191
61.733966092940285,32.38540343270876
61.75396609294029,3.7624963747796265
61.77396609294029,16.143861013166592
61.79396609294029,7.97122192543214
61.813966092940284,19.002870669519677
61.83396609294029,32.40886172972773
61.85396609294029,17.18788053846686
61.873966092940286,21.18708516470225
61.89396609294028,36.22010174317515
61.913966092940285,26.252402527387147
61.93396609294029,14.078062647767569
61.953966092940284,23.27373457852523
61.97396609294028,13.41470464098089
61.99396609294028,25.90064042776685
62.01396609294029,26.854859887033776
62.03396609294028,8.035511877611572
62.05396609294028,23.464266072993965
62.07396609294028,20.54271480579234
62.093966092940285,27.170909303953444
62.11396609294028,30.043306238525645
62.13396609294028,26.51004460502467
62.15396609294028,18.709340294454297
62.17396609294028,31.080311720045955
62.19396609294028,13.022133839756062
62.213966092940275,8.553304158497802
62.23396609294028,0.0
62.25396609294028,21.068676705295704
62.27396609294028,13.560421447871084
62.29396609294027,25.759242579585745
62.31396609294028,2.075248199780919
62.33396609294028,15.321573287644402
62.353966092940276,26.501906837207773
62.37396609294027,11.506707616292076
62.393966092940275,25.903510192510442
62.41396609294028,16.24660275741074
62.433966092940274,21.49464418488195
62.45396609294027,27.780219172509344
62.47396609294027,31.362536585704913
62.493966092940276,22.765439730895984
62.51396609294027,13.706403106697055
62.53396609294027,17.272202255108475
62.55396609294027,28.228465077124202
62.573966092940275,11.653290996637985
62.59396609294027,20.093542822543995
62.61396609294027,18.027237988151537
62.63396609294027,20.8722948832398
62.65396609294027,11.850333973226158
62.67396609294027,3.497385542802583
62.693966092940265,27.37074705963176
62.71396609294027,32.09017478568579
62.73396609294027,5.065981307305908
62.75396609294027,27.655772968507847
62.77396609294026,36.504251021996915
62.793966092940266,34.479515385254636
62.81396609294027,28.90244804640915
62.833966092940265,30.57712716461196
62.85396609294026,50.937433897255424
62.873966092940265,66.65417110006526
62.89396609294027,83.70058240014028
62.913966092940264,104.23532759493834
62.93396609294026,122.86767643651919
62.95396609294026,168.85204723378743
62.973966092940266,201.68343509939893
62.99396609294026,230.24931172221318
63.01396609294026,256.6697338116276
63.03396609294026,292.91706423776475
63.053966092940264,281.413944864402
63.07396609294026,301.63950926262464
63.093966092940256,272.15003572296274
63.11396609294026,271.83002267378424
63.13396609294026,247.0127031514086
63.15396609294026,201.10640998216792
63.173966092940255,188.31431930717838
63.19396609294026,144.9837220577197
63.21396609294026,103.0420851136588
63.23396609294026,83.78566434940967
63.25396609294025,79.27116965929774
63.273966092940256,62.19304666881896
63.29396609294026,31.482829767762517
63.313966092940255,33.11615125719472
63.33396609294025,31.54883368871491
63.353966092940254,21.283919789372053
63.37396609294026,48.03579496582494
63.39396609294025,25.698186224503118
63.41396609294025,22.140133241173814
63.43396609294025,34.35038469817351
63.453966092940256,18.632479433447514
63.47396609294025,32.285816318284006
63.49396609294025,5.503669606372821
63.51396609294025,17.634437355431224
63.533966092940254,32.66114597288981
63.55396609294025,37.87607368097956
63.573966092940246,14.446570923222954
63.59396609294025,13.287468744508665
63.61396609294025,27.866594522568427
63.63396609294025,15.968350526224121
63.653966092940244,19.519517577378757
63.67396609294025,30.975978251752856
63.69396609294025,16.777553028782705
63.71396609294025,2.5709769613039946
63.73396609294024,9.221061641539384
63.753966092940246,22.338144980311224
63.77396609294025,3.61105227593276
63.793966092940245,19.28038570193695
63.81396609294024,8.337742284344188
63.833966092940244,38.664826530289375
63.85396609294025,43.923602853596634
63.87396609294024,11.696957743024573
63.89396609294024,24.85327883030844
63.91396609294024,12.688429363187648
63.933966092940246,19.206096692316994
63.95396609294024,40.34074338531043
63.97396609294024,17.645973371235975
63.99396609294024,19.459304305378726
64.01396609294025,12.901217657833397
64.03396609294025,33.79524681881041
64.05396609294024,0.0
64.07396609294024,17.919099126181845
64.09396609294025,21.89508796043029
64.11396609294025,15.750063419257433
64.13396609294024,31.003190853177585
64.15396609294025,34.39491890217912
64.17396609294025,8.26117243515715
64.19396609294024,43.323366804336885
64.21396609294024,8.162855913266887
64.23396609294024,35.288706037497306
64.25396609294025,23.907642430032272
64.27396609294024,17.37933184367813
64.29396609294024,18.329662020577363
64.31396609294025,22.095203031773575
64.33396609294024,24.521520282689234
64.35396609294024,13.242819966725893
64.37396609294024,20.11199679681252
64.39396609294023,14.751712100261045
64.41396609294024,10.315000063513141
64.43396609294024,14.2994443491204
64.45396609294023,10.979892106852777
64.47396609294024,18.285177372967148
64.49396609294024,26.81857461424549
64.51396609294024,23.708039138689756
64.53396609294023,42.25150436493069
64.55396609294023,0.410658412379302
64.57396609294024,27.215741098559484
64.59396609294024,22.59368762979928
64.61396609294023,30.693353383396495
64.63396609294024,29.708477610538463
64.65396609294024,20.901094552099945
64.67396609294023,24.28472225188951
64.69396609294023,15.124725473423151
64.71396609294023,28.70943643038718
64.73396609294024,3.791105970301558
64.75396609294023,30.355371538631573
64.77396609294023,22.362624161753658
64.79396609294024,17.731000454559396
64.81396609294023,20.283561829320405
64.83396609294023,21.024215216335907
64.85396609294023,35.59650963829439
64.87396609294022,54.96571385537494
64.89396609294023,34.83680135718819
64.91396609294023,16.992161838209128
64.93396609294022,28.950575195213496
64.95396609294023,29.393396527195566
64.97396609294023,13.415856200559226
64.99396609294023,10.066839640501115
65.01396609294022,22.049403125567952
65.03396609294022,30.766678843185588
65.05396609294023,6.57892112602654
65.07396609294022,15.49543668079778
65.09396609294022,28.43835455694626
65.11396609294023,23.13650624878629
65.13396609294023,36.88944949535597
65.15396609294022,8.620492431015432
65.17396609294022,46.26328048266447
65.19396609294022,7.36918136766511
65.21396609294023,2.464953733861865
65.23396609294022,22.17495869431109
65.25396609294022,11.427003207054431
65.27396609294023,22.391552267092333
65.29396609294022,22.049366938493893
65.31396609294022,20.83643081458626
65.33396609294022,14.377610193052238
65.35396609294021,27.135839976505906
65.37396609294022,19.643475579617064
65.39396609294022,33.861074036839526
65.41396609294021,21.028291715939208
65.43396609294022,13.193139218889268
65.45396609294022,5.970117414303349
65.47396609294022,21.133748366702786
65.49396609294021,10.170426963666419
65.51396609294021,9.370494365368977
65.53396609294022,28.152336441361427
65.55396609294021,5.108723383387428
65.57396609294021,37.01502860841125
65.59396609294022,24.497939668277006
65.61396609294022,22.470040666709593
65.63396609294021,12.568508861680337
65.65396609294021,30.567602642595034
65.6739660929402,22.902551861058605
65.69396609294022,16.078366377485782
65.71396609294021,24.945321453344143
65.73396609294021,6.126971672492999
65.75396609294022,6.609316693601009
65.77396609294021,11.768498964429307
65.79396609294021,26.47341431199422
65.8139660929402,22.953350230341456
65.8339660929402,33.483527894426324
65.85396609294021,13.801648469493308
65.87396609294021,28.75604709400327
65.8939660929402,21.878494792776937
65.91396609294021,13.594589910190523
65.93396609294021,26.88597000270272
65.9539660929402,22.380636031944587
65.9739660929402,16.757433856334544
65.9939660929402,23.476497700880454
66.01396609294021,21.769093833639836
66.0339660929402,21.53541768697263
66.0539660929402,18.954277351342476
66.07396609294021,10.03864372256785
66.0939660929402,23.84371329781246
66.1139660929402,15.076855178842576
66.1339660929402,12.908659750143109
66.1539660929402,20.71290921289247
66.1739660929402,30.468142023229348
66.1939660929402,24.99199026968032
66.2139660929402,17.832421387524228
66.23396609294021,17.438380821183728
66.2539660929402,29.51798158428382
66.2739660929402,0.0
66.2939660929402,31.149542813996213
66.31396609294019,4.4437715363140065
66.3339660929402,9.037896132864466
66.3539660929402,18.057372384005518
66.3739660929402,44.909337139735584
66.3939660929402,39.990363840757766
66.4139660929402,30.28913182829933
66.4339660929402,26.797771565620177
66.45396609294019,4.6176810805770465
66.47396609294019,24.8161448162906
66.4939660929402,17.764469860432463
66.5139660929402,15.098122983115095
66.53396609294019,24.820987890129317
66.5539660929402,18.570006947629004
66.5739660929402,31.982261917087143
66.59396609294019,3.937887543054515
66.61396609294019,24.05572753376801
66.63396609294018,14.522828478477848
66.6539660929402,19.22563912276731
66.67396609294019,26.37646758280544
66.69396609294019,12.165339998545138
66.7139660929402,24.988964497682698
66.7339660929402,21.23149475836689
66.75396609294019,16.757251073265518
66.77396609294019,18.66564697083205
66.79396609294018,21.83411419894384
66.81396609294019,15.709538421625414
66.83396609294019,23.46712787611278
66.85396609294018,20.622705603506468
66.8739660929402,17.299944251051024
66.89396609294019,39.31949884905281
66.91396609294019,27.581791693171347
66.93396609294018,19.610595150543258
66.95396609294018,24.904655828353576
66.97396609294019,13.186193212226566
66.99396609294018,19.09503057093283
67.01396609294018,20.270333174350462
67.03396609294019,11.011538583236101
67.05396609294019,27.36139711177434
67.07396609294018,18.4401174833711
67.09396609294018,19.949974623124366
67.11396609294017,17.825848387124903
67.13396609294018,53.11236744041696
67.15396609294018,16.903733444922583
67.17396609294018,2.851547659687622
67.19396609294019,7.547438562179799
67.21396609294018,31.148234375391965
67.23396609294018,36.928193727469264
67.25396609294017,16.75416232669994
67.27396609294017,36.37010711619872
67.29396609294018,31.004995329320824
67.31396609294018,21.702787645707858
67.33396609294017,21.001628438120974
67.35396609294018,25.42330453776268
67.37396609294018,32.39768015235849
67.39396609294018,27.604595885314207
67.41396609294017,16.872104133110742
67.43396609294017,21.906662207602004
67.45396609294018,43.46992133870346
67.47396609294017,26.177987446711057
67.49396609294017,32.36767497525635
67.51396609294018,29.081850343766323
67.53396609294018,26.425166189980434
67.55396609294017,24.787174524468345
67.57396609294017,32.68269702914216
67.59396609294016,30.903826839486463
67.61396609294017,26.36496141752353
67.63396609294017,16.797031955103847
67.65396609294017,27.598884242970165
67.67396609294018,23.08186418499375
67.69396609294017,20.678040165234503
67.71396609294017,50.55702310569002
67.73396609294016,8.387422686117224
67.75396609294016,33.37174507222412
67.77396609294017,15.168596050294848
67.79396609294017,25.115957671600473
67.81396609294016,49.49858350994764
67.83396609294017,14.197732148603881
67.85396609294017,16.591417544640635
67.87396609294017,23.663736917063876
67.89396609294016,15.375443088835727
67.91396609294016,32.696922713306975
67.93396609294017,18.51981952547041
67.95396609294016,30.413973094477885
67.97396609294016,10.59075628776118
67.99396609294017,5.823111584085094
68.01396609294017,21.61036388421988
68.03396609294016,8.223930410902055
68.05396609294016,39.10050106698941
68.07396609294015,8.62858819407348
68.09396609294016,13.558575374716805
68.11396609294016,28.080468232339875
68.13396609294016,18.089464957949154
68.15396609294017,8.778067776687726
68.17396609294016,44.37044000968865
68.19396609294016,13.963319208758964
68.21396609294015,22.025945875502927
68.23396609294015,21.905473319175712
68.25396609294016,31.109372450227237
68.27396609294016,28.638695769037543
68.29396609294015,15.756058819082904
68.31396609294016,20.774702839165236
68.33396609294016,21.772664259341973
68.35396609294015,31.540404902659688
68.37396609294015,12.37651982352821
68.39396609294015,44.24978129739104
68.41396609294016,16.485786299967867
68.43396609294015,23.999078319445417
68.45396609294015,12.495637650936516
68.47396609294016,11.122909321396243
68.49396609294016,15.369190346681656
68.51396609294015,14.417224850817863
68.53396609294015,19.988876946865574
68.55396609294014,14.350794613263776
68.57396609294015,31.104974358426347
68.59396609294015,16.328623949520303
68.61396609294015,15.229328218561575
68.63396609294016,20.246822235940897
68.65396609294015,34.113934842244106
68.67396609294015,26.343350404145305
68.69396609294014,23.206743396956522
68.71396609294014,9.882248419380698
68.73396609294015,12.794676319509069
68.75396609294015,11.44673367304657
68.77396609294014,37.30842480203601
68.79396609294015,29.55463060540661
68.81396609294015,15.641888390848049
68.83396609294014,18.623478425349717
68.85396609294014,16.023401742539583
68.87396609294014,15.426807220456626
68.89396609294015,28.897552794054135
68.91396609294014,21.42831057016925
68.93396609294014,45.124487695792126
68.95396609294015,36.82555313165135
68.97396609294015,37.42591006382501
68.99396609294014,31.053835300461994
69.01396609294014,20.122840836992495
69.03396609294013,30.336513457799064
69.05396609294014,20.879457797085493
69.07396609294014,40.67973241900974
69.09396609294014,28.428959931100202
69.11396609294015,27.018970875043017
69.13396609294014,25.675302081253527
69.15396609294014,41.81645485802359
69.17396609294013,10.085509312972714
69.19396609294013,42.8151199143611
69.21396609294014,22.579939448792917
69.23396609294014,10.389230530065742
69.25396609294013,16.937872595788377
69.27396609294014,7.961153747950686
69.29396609294014,31.015057112824522
69.31396609294013,14.104830233922804
69.33396609294013,26.183713258298493
69.35396609294013,35.84849051500356
69.37396609294014,17.795441282775172
69.39396609294013,21.843870711030927
69.41396609294013,11.50054531243023
69.43396609294014,20.659950769582927
69.45396609294014,50.29307521621533
69.47396609294013,32.341494345529625
69.49396609294013,21.924188872645928
69.51396609294012,18.463949652772676
69.53396609294013,24.163839586504015
69.55396609294013,25.900031148555232
69.57396609294013,20.418183173366828
69.59396609294014,29.918835334961308
69.61396609294013,15.093138102838418
69.63396609294013,15.05311235308804
69.65396609294012,28.348326225727526
69.67396609294012,12.96934310417574
69.69396609294013,31.955328564813865
69.71396609294013,24.531751699819633
69.73396609294012,6.4048737948885694
69.75396609294013,25.788371746034947
69.77396609294013,7.851335082397469
69.79396609294012,31.6458485715897
69.81396609294012,22.234518617525584
69.83396609294012,43.241943777702545
69.85396609294013,35.45367600590176
69.87396609294012,14.143074675654102
69.89396609294012,4.55205948090968
69.91396609294013,17.217910117598755
69.93396609294012,12.565807387499635
69.95396609294012,43.04525115821535
69.97396609294012,24.694206692865055
69.99396609294011,34.141030425515424
70.01396609294012,21.96602843718706
70.03396609294012,23.02916391906765
70.05396609294012,24.509075855301482
70.07396609294013,35.91025256331321
70.09396609294012,27.97062622874435
70.11396609294012,14.290565508565862
70.13396609294011,41.09857655135183
70.15396609294011,21.954817342680617
70.17396609294012,20.337314169797718
70.19396609294012,0.0
70.21396609294011,31.255615130283307
70.23396609294012,25.931306307419028
70.25396609294012,25.930002999003925
70.27396609294011,20.91207205309777
70.29396609294011,19.197718482101266
70.3139660929401,21.2636765012997
70.33396609294012,29.600679112937133
70.35396609294011,31.369843488861285
70.37396609294011,22.677950935350147
70.39396609294012,34.48724850542293
70.41396609294011,24.217744156700782
70.43396609294011,19.97483983057468
70.4539660929401,27.01088342497477
70.4739660929401,11.442492753029804
70.49396609294011,27.373174867613166
70.51396609294011,9.633811115986344
70.5339660929401,14.788008500195605
70.55396609294012,4.8880154747653
70.57396609294011,23.33341694897594
70.59396609294011,41.19058590313315
70.6139660929401,23.933150122886527
70.6339660929401,31.549443809698637
70.65396609294011,48.646407676850885
70.6739660929401,29.17351125865106
70.6939660929401,17.4905217693118
70.71396609294011,18.876650968234852
70.73396609294011,25.168619179509374
70.7539660929401,18.84279604625188
70.7739660929401,19.60058318080046
70.7939660929401,35.04370820867661
70.8139660929401,35.46245309659091
70.8339660929401,8.741691855361655
70.8539660929401,17.038653076555853
70.87396609294011,20.590041137387537
70.8939660929401,31.23071636890007
70.9139660929401,36.6803298212876
70.9339660929401,52.27900541469125
70.95396609294009,20.612350330051346
70.9739660929401,21.121558434039578
70.9939660929401,31.174313060513356
71.0139660929401,18.476218061782525
71.0339660929401,23.898543982549548
71.0539660929401,21.16756383306783
71.0739660929401,0.0
71.0939660929401,26.56985671480676
71.11396609294009,23.5237119459265
71.1339660929401,38.06943405795887
71.1539660929401,25.421834516289007
71.17396609294009,12.82926739073363
71.1939660929401,22.805570002745096
71.2139660929401,4.485551663841417
71.2339660929401,13.29702788815505
71.25396609294009,31.771096827162353
71.27396609294009,22.952468390361247
71.2939660929401,34.660795546162994
71.31396609294009,5.776635698926462
71.33396609294009,23.03079396444235
71.3539660929401,20.710137335418526
71.3739660929401,35.033607156870744
71.39396609294009,32.212612631842454
71.41396609294009,31.9173746566486
71.43396609294008,40.918826306491766
71.45396609294009,21.833732145097162
71.47396609294009,38.875293423827586
71.49396609294008,15.092309893532155
71.5139660929401,14.735484712926771
71.53396609294009,33.08162318864745
71.55396609294009,10.516649785551268
71.57396609294008,31.30161756075537
71.59396609294008,26.597001709701008
71.61396609294009,36.31230992198583
71.63396609294008,25.00926019388479
71.65396609294008,26.17411083744052
71.67396609294009,30.71619713583663
71.69396609294009,19.00698181712664
71.71396609294008,18.581348610965534
71.73396609294008,30.39764468741182
71.75396609294008,25.37041501369603
71.77396609294009,21.60010093883589
71.79396609294008,24.855350290554803
71.81396609294008,41.638741688257475
71.83396609294009,21.27292198940975
71.85396609294008,20.99287347340524
71.87396609294008,8.648594989378424
71.89396609294008,25.309479542439163
71.91396609294007,32.31181976050656
71.93396609294008,34.11494554293426
71.95396609294008,26.8451241322185
71.97396609294007,35.33127154609726
71.99396609294008,33.0952314808657
72.01396609294008,36.922425330961346
72.03396609294008,35.645949063780435
72.05396609294007,41.51270782581334
72.07396609294007,24.126001413352718
72.09396609294008,12.562363705970633
72.11396609294007,32.48014643105362
72.13396609294007,33.65850954382058
72.15396609294008,41.562954010303265
72.17396609294008,38.685929811309116
72.19396609294007,45.337780706304116
72.21396609294007,32.09162955159117
72.23396609294007,28.19123294868489
72.25396609294008,12.063336754993543
72.27396609294007,29.004177887987904
72.29396609294007,20.40822716202766
72.31396609294008,28.058412643900883
72.33396609294007,26.4984997200836
72.35396609294007,30.68076263909883
72.37396609294007,25.00018207263658
72.39396609294006,35.333756994189905
72.41396609294007,0.0
72.43396609294007,27.90363309075079
72.45396609294006,38.0386714193243
72.47396609294007,44.7243384127263
72.49396609294007,33.353549801675776
72.51396609294007,42.89285310015403
72.53396609294006,27.74347263279969
72.55396609294006,26.09283155727499
72.57396609294007,31.368458652501545
72.59396609294006,26.05245909047057
72.61396609294006,18.270930192803156
72.63396609294007,20.952208617183484
72.65396609294007,14.993191392679593
72.67396609294006,31.408603983919193
72.69396609294006,26.24886690644905
72.71396609294005,22.54220650184904
72.73396609294007,20.488352108298617
72.75396609294006,31.215878242603903
72.77396609294006,33.97992476476935
72.79396609294007,14.880434223224482
72.81396609294006,13.318861749087665
72.83396609294006,35.75094526798625
72.85396609294006,12.46465357558363
72.87396609294005,31.70099750853734
72.89396609294006,42.405367306224946
72.91396609294006,42.43877241688969
72.93396609294005,33.63530224681772
72.95396609294006,33.35482632187709
72.97396609294006,48.79596334674783
72.99396609294006,2.943092717281072
73.01396609294005,21.653855889487986
73.03396609294005,34.79229722510013
73.05396609294006,22.94467749723498
73.07396609294005,38.725502237634764
73.09396609294005,25.944352836262972
73.11396609294006,27.665509019725633
73.13396609294006,23.611503417345475
73.15396609294005,21.14332275892866
73.17396609294005,20.907517623757826
73.19396609294004,29.10046773011198
73.21396609294005,18.653345185567165
73.23396609294005,35.94123631355182
73.25396609294005,32.95164188954449
73.27396609294006,37.42374472536183
73.29396609294005,15.150536912379152
73.31396609294005,9.455217622810753
73.33396609294005,26.418330591658904
73.35396609294004,55.458401757016574
73.37396609294005,39.14269326915684
73.39396609294005,20.94635464047353
73.41396609294004,30.7461536549116
73.43396609294005,33.78711829500226
73.45396609294005,12.83758602528901
73.47396609294005,40.22794861426969
73.49396609294004,24.867672403436618
73.51396609294004,25.645331206862423
73.53396609294005,26.80021443929726
73.55396609294004,38.017999617921916
73.57396609294004,19.03100918771758
73.59396609294005,9.523365408912092
73.61396609294005,29.832855192044136
73.63396609294004,6.176960303981598
73.65396609294004,23.612746190522962
73.67396609294003,38.50276806723671
73.69396609294004,32.435209258213476
73.71396609294004,37.07807793966088
73.73396609294004,32.86827997561442
73.75396609294005,50.778362211580216
73.77396609294004,20.80287398340051
73.79396609294004,30.67684187941215
73.81396609294003,22.324577136770262
73.83396609294003,36.28405315488553
73.85396609294004,26.110552146403567
73.87396609294004,43.92501197390662
73.89396609294003,21.438667696439254
73.91396609294004,40.828358354101155
73.93396609294004,32.698756001362085
73.95396609294004,26.453019333596853
73.97396609294003,32.21232443819305
73.99396609294003,29.41081765362067
74.01396609294004,30.36799496020979
74.03396609294003,24.75001344375435
74.05396609294003,19.813116730809607
74.07396609294004,23.488569830056772
74.09396609294004,10.018112042185837
74.11396609294003,35.279327484641556
74.13396609294003,14.5184882978625
74.15396609294002,24.703942827206344
74.17396609294003,33.371150630948875
74.19396609294003,35.29495567732303
74.21396609294003,9.164758858724056
74.23396609294004,26.00308860317835
74.25396609294003,31.529308862779278
74.27396609294003,27.46231683527075
74.29396609294002,40.39320053219531
74.31396609294002,18.74467848453993
74.33396609294003,6.482634002377889
74.35396609294003,35.086604561877266
74.37396609294002,21.62278353418466
74.39396609294003,9.418540313895843
74.41396609294003,25.429125143626283
74.43396609294003,39.33013274522894
74.45396609294002,14.402331898425052
74.47396609294002,50.405123837614354
74.49396609294003,18.6766556822414
74.51396609294002,27.935888583132638
74.53396609294002,14.884765339388036
74.55396609294003,27.502503519453235
74.57396609294003,25.759233345090514
74.59396609294002,12.212085062018257
74.61396609294002,55.3756072668674
74.63396609294001,22.1742803254848
74.65396609294002,22.193341804113558
74.67396609294002,36.83864243230288
74.69396609294002,45.30114961083321
74.71396609294003,38.43328744986027
74.73396609294002,15.167436362801098
74.75396609294002,29.32864731893648
74.77396609294001,8.386152815625884
74.79396609294001,36.22724962963625
74.81396609294002,10.868639346381645
74.83396609294002,19.198830126088843
74.85396609294001,27.20915164447118
74.87396609294002,31.70155628780901
74.89396609294002,24.652469080054217
74.91396609294002,42.46297734225653
74.93396609294001,34.51486225974707
74.95396609294001,33.740040427165475
74.97396609294002,15.009110903942034
74.99396609294001,44.30712659435083
75.01396609294001,19.293124821956006
75.03396609294002,44.70953120351673
75.05396609294002,47.56639324136533
75.07396609294001,32.48135872655305
75.09396609294001,37.68531811534008
75.11396609294,0.0
75.13396609294001,25.436515142409934
75.15396609294001,38.41987078490523
75.17396609294,36.657063729115336
75.19396609294002,15.233383719576295
75.21396609294001,24.5231879579389
75.23396609294001,2.150704892717126
75.25396609294,31.74835998772199
75.27396609294,8.988566238907786
75.29396609294001,39.51807074742487
75.31396609294,40.77144660292332
75.33396609294,25.515443159084118
75.35396609294001,37.74284271886191
75.37396609294001,34.116748460473566
75.39396609294,44.65525117013547
75.41396609294,39.76161172611004
75.43396609294,70.44923627678226
75.45396609294001,65.68403303163637
75.47396609294,87.18472115399099
75.49396609294,133.30763639669127
75.51396609294001,166.51809717219413
75.53396609294,209.031276218672
75.55396609294,238.6711643799725
75.57396609294,300.9403563250859
75.59396609294,315.19691487554394
75.61396609294,338.7248357486445
75.63396609294,349.91872736966246
75.65396609294,356.9285316259514
75.67396609294,339.1396845321303
75.69396609294,313.37400246000624
75.71396609294,283.6936336343231
75.73396609294,220.63435785473956
75.75396609293999,182.17031491834913
75.77396609294,162.0700538281928
75.79396609294,127.53005580904703
75.81396609293999,107.19868870634363
75.83396609294,79.171210706836
75.85396609294,67.799262936871
75.87396609294,37.28012490982486
75.89396609293999,41.21950476619296
75.91396609293999,22.406446180810406
75.93396609294,36.23830778856354
75.95396609294,11.52666976135314
75.97396609293999,32.616739735841165
75.99396609294,13.803479029037012
76.01396609294,24.326920635562352
76.03396609293999,36.949950673024354
76.05396609293999,30.201951642393748
76.07396609293998,11.443589793217651
76.09396609294,21.169614840571654
76.11396609293999,12.88288314282428
76.13396609293999,10.956467028367776
76.15396609294,29.089854940264328
76.17396609293999,33.52609414894222
76.19396609293999,32.33933207970631
76.21396609293998,33.96980366896679
76.23396609293998,27.83472449804806
76.25396609293999,25.230239458417557
76.27396609293999,17.243759977378147
76.29396609293998,23.583968374722616
76.31396609293999,14.7815924487252
76.33396609293999,19.55373132426822
76.35396609293998,28.904964579075692
76.37396609293998,26.847943220074313
76.39396609293998,58.68359160819902
76.41396609293999,14.58866127644837
76.43396609293998,26.805934930485762
76.45396609293998,13.82990475597822
76.47396609293999,24.199669656350192
76.49396609293998,24.616897938687792
76.51396609293998,36.54693013865655
76.53396609293998,23.61176335027106
76.55396609293997,26.20553033460091
76.57396609293998,23.825843006690793
76.59396609293998,14.128800167584377
76.61396609293998,21.62858752442027
76.63396609293999,24.34053636012159
76.65396609293998,28.90845322501148
76.67396609293998,33.769956731533
76.69396609293997,25.844806795834508
76.71396609293997,25.67929582909202
76.73396609293998,11.003211979278035
76.75396609293998,33.618972328223364
76.77396609293997,21.272930348928988
76.79396609293998,35.713422117749225
76.81396609293998,41.416868156266595
76.83396609293997,26.383595757321793
76.85396609293997,18.03990894438155
76.87396609293997,28.11630970723941
76.89396609293998,31.780588239640423
76.91396609293997,25.148638980649256
76.93396609293997,22.673723922322175
76.95396609293998,33.95969741245553
76.97396609293997,33.31042358519165
76.99396609293997,24.882008188188962
77.01396609293997,11.814504889552143
77.03396609293996,32.929208521189864
77.05396609293997,20.702413009810915
77.07396609293997,30.529352103410456
77.09396609293997,29.907768177699335
77.11396609293998,9.51697418447364
77.13396609293997,29.2275159528732
77.15396609293997,33.57227305330657
77.17396609293996,34.80871865750578
77.19396609293996,29.621096711329773
77.21396609293997,8.685821425061409
77.23396609293997,41.23873309594296
77.25396609293996,32.58838768145973
77.27396609293997,16.45520414383974
77.29396609293997,20.621001344146638
77.31396609293996,30.82110600066064
77.33396609293996,35.31693583361814
77.35396609293996,23.64969313815173
77.37396609293997,36.79480136163066
77.39396609293996,10.622102345418472
77.41396609293996,18.135401613589238
77.43396609293997,7.92657043090334
77.45396609293996,19.606375599284455
77.47396609293996,43.671413043116125
77.49396609293996,49.17887536144244
77.51396609293995,30.956967141214907
77.53396609293996,22.236977432151853
77.55396609293996,26.415075122062362
77.57396609293995,33.37507522165328
77.59396609293997,13.02206751391655
77.61396609293996,22.937081498935672
77.63396609293996,43.02119872037654
77.65396609293995,18.22535946563962
77.67396609293995,21.202400792523832
77.69396609293996,28.83477339158755
77.71396609293996,31.54444387113018
77.73396609293995,22.473162633339825
77.75396609293996,29.503026099319797
77.77396609293996,34.82295410515465
77.79396609293995,48.368250813138566
77.81396609293995,27.501459872972926
77.83396609293995,28.361098867113093
77.85396609293996,44.05876107220128
77.87396609293995,23.302741837319953
77.89396609293995,15.561030093906641
77.91396609293996,31.317207350011778
77.93396609293995,39.58662216420234
77.95396609293995,32.44549471057754
77.97396609293995,27.875015331079297
77.99396609293994,14.371383803253144
78.01396609293995,28.281767767419563
78.03396609293995,41.207149203601816
78.05396609293994,16.544565857604475
78.07396609293995,26.448398657143272
78.09396609293995,25.031153762799047
78.11396609293995,21.939083011654017
78.13396609293994,31.40548331873572
78.15396609293994,33.36942714091711
78.17396609293995,33.27476210784038
78.19396609293995,19.188510609490397
78.21396609293994,12.506883319684956
78.23396609293995,31.600713454820323
78.25396609293995,23.927744287764384
78.27396609293994,47.38016087660763
78.29396609293994,47.85223315860253
78.31396609293994,48.92412998019365
78.33396609293995,19.62621556024474
78.35396609293994,34.73110464647061
78.37396609293994,37.757024811651476
78.39396609293995,36.641124463836086
78.41396609293994,25.523681782425992
78.43396609293994,41.869385934265516
78.45396609293994,29.092559010367893
78.47396609293993,30.378939177567304
78.49396609293994,13.729608708958288
78.51396609293994,35.56565471557937
78.53396609293993,26.52394614945424
78.55396609293994,33.7859066213375
78.57396609293994,31.499306140983144
78.59396609293994,30.967582457265937
78.61396609293993,28.711124896384902
78.63396609293993,37.0442982584678
78.65396609293994,27.199412171878
78.67396609293993,14.646396290794126
78.69396609293993,34.89795578707478
78.71396609293994,21.128369983343273
78.73396609293994,15.985828563582146
78.75396609293993,19.016031633458454
78.77396609293993,32.08180295719938
78.79396609293993,28.29330150343062
78.81396609293994,7.941665768151825
78.83396609293993,25.441939302366805
78.85396609293993,40.98080976593755
78.87396609293994,24.785535683220637
78.89396609293993,27.65371780551992
78.91396609293993,39.748384709060765
78.93396609293993,37.28334594069121
78.95396609293992,39.55594326388288
78.97396609293993,1.622871303700368
78.99396609293993,46.69360878769847
79.01396609293992,35.73234977289903
79.03396609293993,53.99307275603873
79.05396609293993,21.56500826442462
79.07396609293993,11.763721043099807
79.09396609293992,29.48037411492495
79.11396609293992,26.66444765575161
79.13396609293993,35.964851521414346
79.15396609293992,40.187698774565675
79.17396609293992,28.57609445660496
79.19396609293993,27.053588039237216
79.21396609293993,34.70184220789651
79.23396609293992,26.930515351679066
79.25396609293992,26.124095470457732
79.27396609293992,39.94751380930181
79.29396609293993,42.26889161560685
79.31396609293992,40.684336796527944
79.33396609293992,28.47391163065207
79.35396609293993,9.300420235110256
79.37396609293992,30.12462484114303
79.39396609293992,25.487232534287415
79.41396609293992,34.01701752882087
79.43396609293991,31.907674740484648
79.45396609293992,43.046103705969294
79.47396609293992,39.05142443883265
79.49396609293991,44.492722085655714
79.51396609293992,78.96886653555399
79.53396609293992,67.74841660302943
79.55396609293992,88.81619649879975
79.57396609293991,109.55218758581233
79.59396609293991,119.17770712339583
79.61396609293992,125.83662475164314
79.63396609293991,125.73885583761991
79.65396609293991,131.18781839351058
79.67396609293992,135.18758604866358
79.69396609293992,119.77962259330545
79.71396609293991,88.46669964667183
79.73396609293991,91.02720528752737
79.7539660929399,91.93509722786291
79.77396609293992,67.4975451475986
79.79396609293991,79.66692372844764
79.8139660929399,53.934789260444745
79.83396609293992,48.15864328809905
79.85396609293991,52.9382148119383
79.87396609293991,35.73451761277128
79.8939660929399,36.43685708444159
79.9139660929399,41.73798951687927
79.93396609293991,16.79765556980432
79.95396609293991,27.92317360711817
79.9739660929399,38.637603015563926
79.99396609293991,30.766263357971177
80.01396609293991,44.66208245874744
80.0339660929399,14.172040632495644
80.0539660929399,13.008015309515304
80.0739660929399,37.599118210111
80.09396609293991,38.56305360525812
80.1139660929399,27.97917151197538
80.1339660929399,33.924068409000846
80.15396609293991,37.3813957089165
80.1739660929399,21.80019790002268
80.1939660929399,22.87996523398693
80.2139660929399,31.855369503767825
80.2339660929399,39.0086668206606
80.2539660929399,18.317877618804584
80.2739660929399,28.007636625054936
80.2939660929399,27.55440781562303
80.3139660929399,34.186021072545365
80.3339660929399,29.929096766863346
80.3539660929399,24.566889571090385
80.3739660929399,42.52102262453846
80.39396609293989,24.65242385023178
80.4139660929399,27.1336633053906
80.4339660929399,14.149273243890566
80.4539660929399,22.937607879208105
80.4739660929399,35.24423881156791
80.4939660929399,33.299103347021436
80.5139660929399,36.09785373308348
80.53396609293989,35.622101033381846
80.55396609293989,50.99900714982681
80.5739660929399,22.65286137572767
80.5939660929399,13.946789308478238
80.61396609293989,19.645068083000638
80.6339660929399,23.123645173518714
80.6539660929399,20.426453819998024
80.67396609293989,31.115885462162908
80.69396609293989,42.71537396506377
80.71396609293988,45.594957666237406
80.7339660929399,35.250988064364435
80.75396609293989,51.630155371180486
80.77396609293989,26.66322686218274
80.7939660929399,13.911285238593358
80.81396609293989,40.777768566950115
80.83396609293989,11.869550177841411
80.85396609293988,22.71496403255986
80.87396609293988,35.47561068414019
80.89396609293989,29.260161575090265
80.91396609293989,28.38393065704034
80.93396609293988,18.495033741461057
80.9539660929399,30.204379812195825
80.97396609293989,40.35849206298853
80.99396609293989,30.53100362153372
81.01396609293988,22.03851673109268
81.03396609293988,17.874835762929166
81.05396609293989,22.26371313013518
81.07396609293988,34.2924288033496
81.09396609293988,33.81453993039941
81.11396609293989,22.382866015895303
81.13396609293989,8.289756183924165
81.15396609293988,34.606885068609486
81.17396609293988,21.439084095953703
81.19396609293987,37.31617713479533
81.21396609293988,22.87384376687959
81.23396609293988,20.565317059030114
81.25396609293988,31.985415619447775
81.27396609293989,54.04005732130601
81.29396609293988,37.962726908997084
81.31396609293988,31.84397544882765
81.33396609293987,34.07964674123351
81.35396609293987,12.989315124525795
81.37396609293988,19.286405814721952
81.39396609293988,5.409850055172498
81.41396609293987,47.82720021497828
81.43396609293988,45.81163748416906
81.45396609293988,34.47527171766953
81.47396609293988,31.907540068477168
81.49396609293987,15.0497848936949
81.51396609293987,28.38197447585393
81.53396609293988,48.50817528049681
81.55396609293987,31.90769213469003
81.57396609293987,24.956336364856742
81.59396609293988,13.031356498958889
81.61396609293988,44.42437562592647
81.63396609293987,29.929728745415872
81.65396609293987,13.072469766454315
81.67396609293986,21.40638614095811
81.69396609293987,17.882890546787642
81.71396609293987,29.35005629897202
81.73396609293987,32.75009514491222
81.75396609293988,25.653741735622013
81.77396609293987,38.46557828981097
81.79396609293987,31.492327673113294
81.81396609293986,41.336615041488336
81.83396609293986,27.150729285308557
81.85396609293987,61.18509780060515
81.87396609293987,25.09611937723958
81.89396609293986,21.716864323111402
81.91396609293987,20.49630924572672
81.93396609293987,28.659050844616097
81.95396609293987,13.582233402594198
81.97396609293986,33.73235176841826
81.99396609293986,11.742807451372617
82.01396609293987,32.42166898268314
82.03396609293986,17.301549654684266
82.05396609293986,27.010233114088035
82.07396609293987,36.877663990435444
82.09396609293987,53.881722348377735
82.11396609293986,20.070418491902487
82.13396609293986,29.35632005548586
82.15396609293985,23.630971292324695
82.17396609293986,22.178910925476323
82.19396609293986,23.736929563466514
82.21396609293986,39.136368913102785
82.23396609293987,26.024179369935666
82.25396609293986,53.40689139285021
82.27396609293986,35.08257588986956
82.29396609293985,20.831688143343406
82.31396609293985,27.273746841700518
82.33396609293986,22.931325135268445
82.35396609293986,38.95947038266805
82.37396609293985,14.579968530683118
82.39396609293986,17.567224941322113
82.41396609293986,25.07024359437194
82.43396609293985,37.82413111691824
82.45396609293985,43.33421668559392
82.47396609293985,44.81797892577779
82.49396609293986,36.319507607773446
82.51396609293985,30.201524725267376
82.53396609293985,38.985598163594034
82.55396609293986,19.60324606957855
82.57396609293986,12.610584459809388
82.59396609293985,35.43242910636801
82.61396609293985,21.0181580018442
82.63396609293984,30.43075587066992
82.65396609293985,32.288966526093404
82.67396609293985,33.582757271145105
82.69396609293985,40.48833449449559
82.71396609293986,39.44002052088296
82.73396609293985,33.07811091817429
82.75396609293985,26.716791111141774
82.77396609293984,32.223390513761785
82.79396609293984,25.1924831942761
82.81396609293985,29.1991078789162
82.83396609293985,57.35393305774454
82.85396609293984,33.00288951985456
82.87396609293985,35.69222831771828
82.89396609293985,24.14374922175871
82.91396609293984,41.40805935064989
82.93396609293984,38.81881077803958
82.95396609293984,38.89836533499399
82.97396609293985,33.382497346240285
82.99396609293984,41.584222761124195
83.01396609293984,43.96790251032933
83.03396609293985,34.090760275084186
83.05396609293985,30.122359807612796
83.07396609293984,40.22289737455867
83.09396609293984,22.244630224756477
83.11396609293983,24.11496802369184
83.13396609293984,30.77024664445912
83.15396609293984,13.898350317808099
83.17396609293984,39.59653633359324
83.19396609293985,21.700098967451055
83.21396609293984,26.622973501138812
83.23396609293984,29.21372524484183
83.25396609293983,31.748018495826816
83.27396609293983,27.92723816895716
83.29396609293984,30.698672670144184
83.31396609293984,30.78471056563017
83.33396609293983,26.919272579832523
83.35396609293984,23.66622434744825
83.37396609293984,42.22148641799011
83.39396609293983,10.371259866958408
83.41396609293983,29.36672646106591
83.43396609293983,26.74343592197238
83.45396609293984,35.62888950765009
83.47396609293983,16.906582066504917
83.49396609293983,26.460183384154
83.51396609293984,30.44295757704285
83.53396609293983,42.17580047834483
83.55396609293983,34.805414819561946
83.57396609293983,19.657175121096476
83.59396609293982,26.625773403932268
83.61396609293983,40.369528744266596
83.63396609293983,19.509732432131802
83.65396609293983,30.73949551056278
83.67396609293984,31.443181983232584
83.69396609293983,27.684995416869384
83.71396609293983,58.5087745271332
83.73396609293982,27.43236394535791
83.75396609293982,36.06574311398461
83.77396609293983,23.913484420557083
83.79396609293983,36.86237074936814
83.81396609293982,40.30115309093405
83.83396609293983,25.722014116671048
83.85396609293983,31.063004744625857
83.87396609293982,22.66558464385343
83.89396609293982,20.1826946838209
83.91396609293982,42.00302858884605
83.93396609293983,26.103397244883034
83.95396609293982,7.51560682127559
83.97396609293982,49.31360601912554
83.99396609293983,23.64739649905266
84.01396609293982,29.212915477829576
84.03396609293982,48.093998048536534
84.05396609293982,30.275790005188718
84.07396609293981,30.068113736267712
84.09396609293982,19.42800896433837
84.11396609293982,15.369652888073599
84.13396609293981,30.06236851847932
84.15396609293983,35.3625609735298
84.17396609293982,34.79794015416642
84.19396609293982,26.938288860296318
84.21396609293981,31.961681987779645
84.23396609293981,13.395199089510012
84.25396609293982,36.3771550001732
84.27396609293982,33.39771967611421
84.29396609293981,51.52843727304752
84.31396609293982,31.874782548793647
84.33396609293982,22.38144094970076
84.35396609293981,31.30904213322705
84.37396609293981,28.54640507615308
84.3939660929398,36.17960194842749
84.41396609293982,32.1095546276028
84.43396609293981,19.249268297692957
84.45396609293981,15.499394255440674
84.47396609293982,34.493991507243756
84.49396609293981,45.70412773261458
84.51396609293981,32.674524484054835
84.5339660929398,40.02207296811947
84.5539660929398,42.02523520328141
84.57396609293981,34.573096781678814
84.59396609293981,23.768288521000528
84.6139660929398,33.87429972261218
84.63396609293981,43.99995360065308
84.65396609293981,37.23612643640603
84.6739660929398,39.42766093106279
84.6939660929398,27.32772197820872
84.7139660929398,29.93761400340183
84.73396609293981,30.78183599438601
84.7539660929398,31.463676860809485
84.7739660929398,43.66457809282192
84.79396609293981,8.521185943076112
84.81396609293981,32.30622479680668
84.8339660929398,31.21378673290102
84.8539660929398,18.301638012186906
84.8739660929398,38.742210710813524
84.8939660929398,24.787415908973095
84.9139660929398,28.469960767215845
84.9339660929398,50.535965903150654
84.95396609293981,42.15573300212466
84.9739660929398,37.80870567932115
84.9939660929398,35.87943549924029
85.0139660929398,30.4326858608654
85.03396609293979,52.081068722972276
85.0539660929398,40.11677240291708
85.0739660929398,24.607386987285437
85.0939660929398,18.1096433862811
85.1139660929398,37.78681621691075
85.1339660929398,31.567504897806913
85.1539660929398,17.84456448171587
85.17396609293979,36.42754770192035
85.19396609293979,29.459144258412977
85.2139660929398,37.46378484070703
85.2339660929398,36.58224734643791
85.25396609293979,26.089904475819313
85.2739660929398,38.50868168572905
85.2939660929398,27.20886240916398
85.3139660929398,27.86676352575038
85.33396609293979,26.880527025667288
85.35396609293979,43.52063400081964
85.3739660929398,29.412804253953443
85.39396609293979,45.95058811708167
85.41396609293979,50.06862293981804
85.4339660929398,24.854190529878064
85.4539660929398,3.0390261303123225
85.47396609293979,42.70166179169121
85.49396609293979,28.84442415439195
85.51396609293978,23.609845437515368
85.53396609293979,26.392084604512227
85.55396609293979,28.138673190519352
85.57396609293978,45.26627767478104
85.5939660929398,33.900984134833074
85.61396609293979,45.145372611356684
85.63396609293979,37.25909165116257
85.65396609293978,29.23207693117065
85.67396609293978,28.42829539981607
85.69396609293979,37.95542773434181
85.71396609293978,40.55105883361183
85.73396609293978,42.3221812140611
85.75396609293979,29.74631054824741
85.77396609293979,34.12118500407204
85.79396609293978,38.2169507685876
85.81396609293978,28.544306095601087
85.83396609293978,21.041955123778862
85.85396609293979,24.336033314526077
85.87396609293978,29.99576747374407
85.89396609293978,39.03556059210074
85.91396609293979,45.01062082438056
85.93396609293978,18.867719803283535
85.95396609293978,26.46207711165843
85.97396609293978,28.864226964192156
85.99396609293977,40.39733625050462
86.01396609293978,27.176363860152712
86.03396609293978,28.16743843041718
86.05396609293977,18.35211783879695
86.07396609293978,37.31338785032042
86.09396609293978,30.872584260150383
86.11396609293978,25.953374192475533
86.13396609293977,29.90593103965154
86.15396609293977,43.77824623747952
86.17396609293978,22.466639245634205
86.19396609293977,24.106118290941787
86.21396609293977,45.05243449779656
86.23396609293978,33.29484285807733
86.25396609293978,39.241809218940574
86.27396609293977,36.56895013062385
86.29396609293977,32.205237376844956
86.31396609293976,29.082732653677482
86.33396609293978,40.888434077260584
86.35396609293977,44.20333858542401
86.37396609293977,43.42896446577463
86.39396609293978,20.739461766660018
86.41396609293977,45.65037439416671
86.43396609293977,29.02898677726881
86.45396609293977,25.065108024156544
86.47396609293976,30.929179475050663
86.49396609293977,40.9407827870879
86.51396609293977,38.04117120147551
86.53396609293976,30.08968509000085
86.55396609293977,41.02721663148225
86.57396609293977,34.05616141735293
86.59396609293977,26.934827480435693
86.61396609293976,25.591164697478675
86.63396609293976,36.78083021385675
86.65396609293977,31.860257491614714
86.67396609293976,18.937325219559213
86.69396609293976,41.170922398382615
86.71396609293977,27.903476691806127
86.73396609293977,48.63433175100646
86.75396609293976,18.69013248171088
86.77396609293976,30.919832186965685
86.79396609293975,25.734015865977977
86.81396609293976,22.986430794457505
86.83396609293976,27.87960083335483
86.85396609293976,50.460024795385394
86.87396609293977,34.19487979781048
86.89396609293976,24.850915775548927
86.91396609293976,14.48851878778133
86.93396609293976,15.567972803083055
86.95396609293975,27.423750835228997
86.97396609293976,26.458275066049158
86.99396609293976,30.561409084015978
87.01396609293975,10.08682797560741
87.03396609293976,31.898588444591716
87.05396609293976,43.09942912994302
87.07396609293976,49.05725939072205
87.09396609293975,13.891089518611409
87.11396609293975,24.828316015121615
87.13396609293976,24.30658612349083
87.15396609293975,34.3128086372052
87.17396609293975,20.66452780191501
87.19396609293976,49.691531563756314
87.21396609293976,33.31075885332876
87.23396609293975,31.65069475475784
87.25396609293975,48.81590693530998
87.27396609293974,32.73489373202366
87.29396609293975,36.90499282608284
87.31396609293975,25.400553216531502
87.33396609293975,19.210080874667028
87.35396609293976,26.818039160648105
87.37396609293975,54.797956177689024
87.39396609293975,39.264937933113984
87.41396609293975,35.6865958202267
87.43396609293974,23.184020870451317
87.45396609293975,42.06675841712388
87.47396609293975,19.383801598436754
87.49396609293974,17.29664206589187
87.51396609293975,27.38479582946917
87.53396609293975,52.52502493550871
87.55396609293975,51.96549514710996
87.57396609293974,28.48060878532401
87.59396609293974,26.257401355558862
87.61396609293975,16.60217281445418
87.63396609293974,33.79249035834321
87.65396609293974,34.63868869449695
87.67396609293975,40.920489964279966
87.69396609293975,42.1383569673508
87.71396609293974,31.06340522123881
87.73396609293974,38.60423384920192
87.75396609293973,26.043885254766902
87.77396609293974,38.427006214373804
87.79396609293974,27.990555150400784
87.81396609293974,37.66374423540923
87.83396609293975,36.860443552203435
87.85396609293974,33.76972584816228
87.87396609293974,41.0333341210876
87.89396609293973,17.390181618792
87.91396609293973,22.451233575951655
87.93396609293974,30.406010469518588
87.95396609293974,18.680172784630777
87.97396609293973,29.05034896989408
87.99396609293974,29.378866604873004
88.01396609293974,46.228170837054606
88.03396609293974,34.562821371008205
88.05396609293973,43.43791943787345
88.07396609293973,36.16649813440994
88.09396609293974,27.79919343154259
88.11396609293973,34.49913733592014
88.13396609293973,40.46232361801226
88.15396609293974,45.10815245763167
88.17396609293974,31.857105361326344
88.19396609293973,16.711154221258884
88.21396609293973,16.014280615076817
88.23396609293972,29.9342074667951
88.25396609293973,9.825336773117506
88.27396609293973,51.16140248540222
88.29396609293973,39.18568400114345
88.31396609293974,26.865663255867336
88.33396609293973,22.131826867966794
88.35396609293973,43.51545100752583
88.37396609293972,22.103833502467367
88.39396609293972,23.06387019472393
88.41396609293973,25.59259895184453
88.43396609293973,34.398840757961345
88.45396609293972,39.47183699167207
88.47396609293973,45.19646863938589
88.49396609293973,43.725330705990565
88.51396609293973,33.289213915674445
88.53396609293972,43.49254335248329
88.55396609293972,26.583161940853195
88.57396609293973,15.09032006514662
88.59396609293972,26.593479274646295
88.61396609293972,25.24798227322647
88.63396609293973,26.996501753940045
88.65396609293973,23.72839785664582
88.67396609293972,28.71680966111128
88.69396609293972,39.53382546595341
88.71396609293971,50.49195982960733
88.73396609293972,16.0916471178338
88.75396609293972,20.47347621799559
88.77396609293972,25.442058085129666
88.79396609293973,41.01962518074215
88.81396609293972,31.318405248929036
88.83396609293972,26.132448248021497
88.85396609293971,40.546518874456126
88.87396609293971,42.94872728697759
88.89396609293972,33.20284835318985
88.91396609293972,25.233866492736468
88.93396609293971,36.10445272042903
88.95396609293972,31.07456072030485
88.97396609293972,31.0026835813931
88.99396609293971,28.294374495382723
89.01396609293971,42.67375725462081
89.0339660929397,35.92826257265632
89.05396609293972,43.79199207444188
89.07396609293971,46.80375506486678
89.09396609293971,38.03579905192364
89.11396609293972,28.386705356493245
89.13396609293972,43.86021134886498
89.15396609293971,38.11905594036202
89.17396609293971,59.50153393654435
89.1939660929397,36.57431965470677
89.21396609293971,40.45559310205459
89.23396609293971,36.38836089838444
89.2539660929397,32.49853266213961
89.27396609293972,30.90698699279313
89.29396609293971,36.44271214615404
89.31396609293971,38.71738972229361
89.3339660929397,45.054856989543914
89.3539660929397,36.604816640146005
89.37396609293971,28.892739632670338
89.3939660929397,30.258399007329484
89.4139660929397,20.302864378078894
89.43396609293971,50.14965431486756
89.45396609293971,28.131049045095253
89.4739660929397,43.222446302886205
89.4939660929397,36.31879400813412
89.5139660929397,36.59583467629235
89.5339660929397,32.38925574237747
89.5539660929397,25.690950920110474
89.5739660929397,23.888778287903996
89.59396609293971,50.863965833621826
89.6139660929397,34.72408954416341
89.6339660929397,44.842310176559046
89.6539660929397,47.44384318993875
89.6739660929397,29.491432742484612
89.6939660929397,37.84007505524302
89.7139660929397,34.060227617209435
89.7339660929397,22.04307140368404
89.7539660929397,31.76548634301078
89.7739660929397,39.50041576074318
89.7939660929397,28.640108144126614
89.8139660929397,30.387006647513036
89.83396609293969,31.90679501704521
89.8539660929397,54.76076890794355
89.8739660929397,15.309985293643106
89.89396609293969,38.67189376237846
89.9139660929397,31.127043136281216
89.9339660929397,27.258844981495443
89.9539660929397,30.89158416547131
89.97396609293969,40.34903785049307
89.99396609293969,40.92543252394952
90.0139660929397,35.545275968022345
90.03396609293969,44.6174130484396
